channel_id,channel_title,channel_description,channel_custom_url,channel_published_at,channel_country,channel_view_count,channel_subscriber_count,channel_hidden_subscriber_count,channel_video_count,channel_keywords,channel_tracking_analytics_account_id,channel_unsubscribed_trailer,channel_default_language,channel_made_for_kids,channel_self_declared_made_for_kids,channel_topic_categories,channel_thumb_default,channel_thumb_medium,channel_thumb_high,video_id,video_url,title,description,published_at,default_language,default_audio_language,channel_id_from_video,channel_title_from_video,category_id,category_title,tags,live_broadcast_content,thumb_default,thumb_medium,thumb_high,thumb_standard,thumb_maxres,duration_iso8601,dimension,definition,caption,licensed_content,projection,content_rating,region_restriction,upload_status,privacy_status,license,embeddable,public_stats_viewable,made_for_kids,self_declared_made_for_kids,view_count,like_count,favorite_count,comment_count,topic_categories,topic_ids,scheduled_start_time,actual_start_time,actual_end_time,concurrent_viewers,recording_date,recording_location_description,recording_location,localizations_json,playlist_item_id,playlist_position,playlist_video_published_at,playlist_privacy_status
UC486iX5Pijix88cRP6KIcng,Tenure Facility,"More than 2.5 billion Indigenous Peoples and local communities live in almost half of the world’s land area, yet they legally own less than 10% of their territories. These richly biodiverse ancestral lands are vital to our global climate, fresh water and food security. When land rights aren’t legally recognised, it puts lives and ecosystems at risk. Reducing land conflict, advancing human rights, promoting development and contributing to sustainable climate solutions can all start with strengthening community tenure rights. The Tenure Facility works alongside Indigenous Peoples and local communities, offering dedicated financial and technical support for innovative approaches to implementing collective tenure rights, whilst sharing the knowledge, innovations and tools that emerge across a global network.",@thetenurefacility,2018-01-23T19:26:57Z,SE,12536,176,False,148,,,EhioEX10DNo,,,,"[""https://en.wikipedia.org/wiki/Society"", ""https://en.wikipedia.org/wiki/Knowledge""]",https://yt3.ggpht.com/lY5opk8UFslyNRpQmxL2whl6urjsauzF4P_hB28EvQE8j3iBS3YAMLbUIPgHLBY0n5enmXhAKA=s88-c-k-c0x00ffffff-no-rj,https://yt3.ggpht.com/lY5opk8UFslyNRpQmxL2whl6urjsauzF4P_hB28EvQE8j3iBS3YAMLbUIPgHLBY0n5enmXhAKA=s240-c-k-c0x00ffffff-no-rj,https://yt3.ggpht.com/lY5opk8UFslyNRpQmxL2whl6urjsauzF4P_hB28EvQE8j3iBS3YAMLbUIPgHLBY0n5enmXhAKA=s800-c-k-c0x00ffffff-no-rj,8dChEJa-Or8,https://www.youtube.com/watch?v=8dChEJa-Or8,The Belém Call: Mobilizing Finance for Forest Protection,"Join us today for a webinar exploring the Belém Call to Action for the Congo Basin Forests, a landmark initiative launched at COP30 that mobilizes over USD 2.5 billion to halt and reverse deforestation by 2030. The Congo Basin—home to the world’s second-largest tropical rainforest—plays a vital role in global climate regulation, biodiversity, and local livelihoods. This session will unpack the Call’s objectives, financing, and alignment with the Congo Basin Forest Partnership roadmap, and discuss what it means in practice for governments, Indigenous Peoples, local communities, and partners working to turn this commitment into lasting impact.",2026-01-28T04:50:10Z,en,en,UC486iX5Pijix88cRP6KIcng,Tenure Facility,24,Entertainment,[],none,https://i.ytimg.com/vi/8dChEJa-Or8/default.jpg,https://i.ytimg.com/vi/8dChEJa-Or8/mqdefault.jpg,https://i.ytimg.com/vi/8dChEJa-Or8/hqdefault.jpg,https://i.ytimg.com/vi/8dChEJa-Or8/sddefault.jpg,https://i.ytimg.com/vi/8dChEJa-Or8/maxresdefault.jpg,PT1H30M49S,2d,hd,false,False,rectangular,{},{},processed,public,youtube,True,True,False,,18,0,0,0,"[""https://en.wikipedia.org/wiki/Society""]",[],2026-01-27T15:00:00Z,2026-01-27T15:00:51Z,2026-01-27T16:31:46Z,,,,{},"{""en"": {""title"": ""The Belém Call: Mobilizing Finance for Forest Protection"", ""description"": ""Join us today for a webinar exploring the Belém Call to Action for the Congo Basin Forests, a landmark initiative launched at COP30 that mobilizes over USD 2.5 billion to halt and reverse deforestation by 2030. The Congo Basin—home to the world’s second-largest tropical rainforest—plays a vital role in global climate regulation, biodiversity, and local livelihoods. This session will unpack the Call’s objectives, financing, and alignment with the Congo Basin Forest Partnership roadmap, and discuss what it means in practice for governments, Indigenous Peoples, local communities, and partners working to turn this commitment into lasting impact.""}}",VVU0ODZpWDVQaWppeDg4Y1JQNktJY25nLjhkQ2hFSmEtT3I4,0,2026-01-28T04:50:10Z,public
UC486iX5Pijix88cRP6KIcng,Tenure Facility,"More than 2.5 billion Indigenous Peoples and local communities live in almost half of the world’s land area, yet they legally own less than 10% of their territories. These richly biodiverse ancestral lands are vital to our global climate, fresh water and food security. When land rights aren’t legally recognised, it puts lives and ecosystems at risk. Reducing land conflict, advancing human rights, promoting development and contributing to sustainable climate solutions can all start with strengthening community tenure rights. The Tenure Facility works alongside Indigenous Peoples and local communities, offering dedicated financial and technical support for innovative approaches to implementing collective tenure rights, whilst sharing the knowledge, innovations and tools that emerge across a global network.",@thetenurefacility,2018-01-23T19:26:57Z,SE,12536,176,False,148,,,EhioEX10DNo,,,,"[""https://en.wikipedia.org/wiki/Society"", ""https://en.wikipedia.org/wiki/Knowledge""]",https://yt3.ggpht.com/lY5opk8UFslyNRpQmxL2whl6urjsauzF4P_hB28EvQE8j3iBS3YAMLbUIPgHLBY0n5enmXhAKA=s88-c-k-c0x00ffffff-no-rj,https://yt3.ggpht.com/lY5opk8UFslyNRpQmxL2whl6urjsauzF4P_hB28EvQE8j3iBS3YAMLbUIPgHLBY0n5enmXhAKA=s240-c-k-c0x00ffffff-no-rj,https://yt3.ggpht.com/lY5opk8UFslyNRpQmxL2whl6urjsauzF4P_hB28EvQE8j3iBS3YAMLbUIPgHLBY0n5enmXhAKA=s800-c-k-c0x00ffffff-no-rj,c3YPYIacZTA,https://www.youtube.com/watch?v=c3YPYIacZTA,Indigenous NDCs for Climate Justice in the Amazon Basin,"Made with Restream. Livestream on 30+ platforms at once via https://restream.io

As COP30 in Belém, Brazil quickly approaches, Indigenous Peoples are continuing to rise to the forefront of global climate leadership. The first of its kind and rooted in ancestral knowledge, the Indigenous NDC reinforces that the climate debate must consider equity, self-determination, and the effective participation of Indigenous Peoples in the implementation of Brazil’s and Colombia’s NDCs under the Paris Agreement. This webinar will examine how these climate commitments can center the territorial rights of Indigenous Peoples.",2025-07-18T02:22:17Z,en,en,UC486iX5Pijix88cRP6KIcng,Tenure Facility,24,Entertainment,[],none,https://i.ytimg.com/vi/c3YPYIacZTA/default.jpg,https://i.ytimg.com/vi/c3YPYIacZTA/mqdefault.jpg,https://i.ytimg.com/vi/c3YPYIacZTA/hqdefault.jpg,https://i.ytimg.com/vi/c3YPYIacZTA/sddefault.jpg,https://i.ytimg.com/vi/c3YPYIacZTA/maxresdefault.jpg,PT1H10M30S,2d,hd,false,False,rectangular,{},{},processed,public,youtube,True,True,False,,6,0,0,0,"[""https://en.wikipedia.org/wiki/Society""]",[],2025-07-17T13:00:00Z,2025-07-17T13:03:09Z,2025-07-17T14:13:38Z,,,,{},"{""en"": {""title"": ""Indigenous NDCs for Climate Justice in the Amazon Basin"", ""description"": ""Made with Restream. Livestream on 30+ platforms at once via https://restream.io\n\nAs COP30 in Belém, Brazil quickly approaches, Indigenous Peoples are continuing to rise to the forefront of global climate leadership. The first of its kind and rooted in ancestral knowledge, the Indigenous NDC reinforces that the climate debate must consider equity, self-determination, and the effective participation of Indigenous Peoples in the implementation of Brazil’s and Colombia’s NDCs under the Paris Agreement. This webinar will examine how these climate commitments can center the territorial rights of Indigenous Peoples.""}}",VVU0ODZpWDVQaWppeDg4Y1JQNktJY25nLmMzWVBZSWFjWlRB,1,2025-07-18T02:22:17Z,public
UC486iX5Pijix88cRP6KIcng,Tenure Facility,"More than 2.5 billion Indigenous Peoples and local communities live in almost half of the world’s land area, yet they legally own less than 10% of their territories. These richly biodiverse ancestral lands are vital to our global climate, fresh water and food security. When land rights aren’t legally recognised, it puts lives and ecosystems at risk. Reducing land conflict, advancing human rights, promoting development and contributing to sustainable climate solutions can all start with strengthening community tenure rights. The Tenure Facility works alongside Indigenous Peoples and local communities, offering dedicated financial and technical support for innovative approaches to implementing collective tenure rights, whilst sharing the knowledge, innovations and tools that emerge across a global network.",@thetenurefacility,2018-01-23T19:26:57Z,SE,12536,176,False,148,,,EhioEX10DNo,,,,"[""https://en.wikipedia.org/wiki/Society"", ""https://en.wikipedia.org/wiki/Knowledge""]",https://yt3.ggpht.com/lY5opk8UFslyNRpQmxL2whl6urjsauzF4P_hB28EvQE8j3iBS3YAMLbUIPgHLBY0n5enmXhAKA=s88-c-k-c0x00ffffff-no-rj,https://yt3.ggpht.com/lY5opk8UFslyNRpQmxL2whl6urjsauzF4P_hB28EvQE8j3iBS3YAMLbUIPgHLBY0n5enmXhAKA=s240-c-k-c0x00ffffff-no-rj,https://yt3.ggpht.com/lY5opk8UFslyNRpQmxL2whl6urjsauzF4P_hB28EvQE8j3iBS3YAMLbUIPgHLBY0n5enmXhAKA=s800-c-k-c0x00ffffff-no-rj,SaL_mi3ySlI,https://www.youtube.com/watch?v=SaL_mi3ySlI,Why are common reporting standards important for tracking funds directed to IPLCs?,,2025-01-27T09:38:59Z,en,en,UC486iX5Pijix88cRP6KIcng,Tenure Facility,24,Entertainment,[],none,https://i.ytimg.com/vi/SaL_mi3ySlI/default.jpg,https://i.ytimg.com/vi/SaL_mi3ySlI/mqdefault.jpg,https://i.ytimg.com/vi/SaL_mi3ySlI/hqdefault.jpg,https://i.ytimg.com/vi/SaL_mi3ySlI/sddefault.jpg,https://i.ytimg.com/vi/SaL_mi3ySlI/maxresdefault.jpg,PT3M33S,2d,hd,false,False,rectangular,{},{},processed,public,youtube,True,True,True,,46,0,0,0,"[""https://en.wikipedia.org/wiki/Society""]",[],,,,,,,{},"{""en"": {""title"": ""Why are common reporting standards important for tracking funds directed to IPLCs?"", ""description"": """"}}",VVU0ODZpWDVQaWppeDg4Y1JQNktJY25nLlNhTF9taTN5U2xJ,2,2025-01-27T09:38:59Z,public
UC486iX5Pijix88cRP6KIcng,Tenure Facility,"More than 2.5 billion Indigenous Peoples and local communities live in almost half of the world’s land area, yet they legally own less than 10% of their territories. These richly biodiverse ancestral lands are vital to our global climate, fresh water and food security. When land rights aren’t legally recognised, it puts lives and ecosystems at risk. Reducing land conflict, advancing human rights, promoting development and contributing to sustainable climate solutions can all start with strengthening community tenure rights. The Tenure Facility works alongside Indigenous Peoples and local communities, offering dedicated financial and technical support for innovative approaches to implementing collective tenure rights, whilst sharing the knowledge, innovations and tools that emerge across a global network.",@thetenurefacility,2018-01-23T19:26:57Z,SE,12536,176,False,148,,,EhioEX10DNo,,,,"[""https://en.wikipedia.org/wiki/Society"", ""https://en.wikipedia.org/wiki/Knowledge""]",https://yt3.ggpht.com/lY5opk8UFslyNRpQmxL2whl6urjsauzF4P_hB28EvQE8j3iBS3YAMLbUIPgHLBY0n5enmXhAKA=s88-c-k-c0x00ffffff-no-rj,https://yt3.ggpht.com/lY5opk8UFslyNRpQmxL2whl6urjsauzF4P_hB28EvQE8j3iBS3YAMLbUIPgHLBY0n5enmXhAKA=s240-c-k-c0x00ffffff-no-rj,https://yt3.ggpht.com/lY5opk8UFslyNRpQmxL2whl6urjsauzF4P_hB28EvQE8j3iBS3YAMLbUIPgHLBY0n5enmXhAKA=s800-c-k-c0x00ffffff-no-rj,jttqouosNFM,https://www.youtube.com/watch?v=jttqouosNFM,Why are organisational financial capacities crucial for tenure rights?,"The climate and biodiversity crises have forced the world to pledge billions of dollars to mitigate the impact of environmental degradation, a significant portion of which should be heading for Indigenous Peoples, Afro-descedant and local communities as they have sustained their own communities and forests for generations.  

As long-term partners with Indigenous Peoples, Afro-descendant and local community organisations’ Tenure Facility has listened deeply to their needs. Overtime, they have shown us their keen interest to learn ‘conventional’ ways of handling finances to better protect their space, as securing their land and forest rights requires substantial financial resources and stable financial systems.

In 2024, Tenure Facility, with the support of Spring Strategies, kickstarted the Financial Training Programme to provide partners in Latin America with effective finance and administrative tools, strengthened financial capacities to enable them to acquire more funds, and guidance in the implementation of their plans.",2025-01-24T08:29:08Z,en,en,UC486iX5Pijix88cRP6KIcng,Tenure Facility,24,Entertainment,[],none,https://i.ytimg.com/vi/jttqouosNFM/default.jpg,https://i.ytimg.com/vi/jttqouosNFM/mqdefault.jpg,https://i.ytimg.com/vi/jttqouosNFM/hqdefault.jpg,https://i.ytimg.com/vi/jttqouosNFM/sddefault.jpg,,PT1M55S,2d,hd,false,False,rectangular,{},{},processed,public,youtube,True,True,True,,202,1,0,0,"[""https://en.wikipedia.org/wiki/Society""]",[],,,,,,,{},"{""en"": {""title"": ""Why are organisational financial capacities crucial for tenure rights?"", ""description"": ""The climate and biodiversity crises have forced the world to pledge billions of dollars to mitigate the impact of environmental degradation, a significant portion of which should be heading for Indigenous Peoples, Afro-descedant and local communities as they have sustained their own communities and forests for generations.  \n\nAs long-term partners with Indigenous Peoples, Afro-descendant and local community organisations’ Tenure Facility has listened deeply to their needs. Overtime, they have shown us their keen interest to learn ‘conventional’ ways of handling finances to better protect their space, as securing their land and forest rights requires substantial financial resources and stable financial systems.\n\nIn 2024, Tenure Facility, with the support of Spring Strategies, kickstarted the Financial Training Programme to provide partners in Latin America with effective finance and administrative tools, strengthened financial capacities to enable them to acquire more funds, and guidance in the implementation of their plans.""}}",VVU0ODZpWDVQaWppeDg4Y1JQNktJY25nLmp0dHFvdW9zTkZN,3,2025-01-24T08:29:08Z,public
UC486iX5Pijix88cRP6KIcng,Tenure Facility,"More than 2.5 billion Indigenous Peoples and local communities live in almost half of the world’s land area, yet they legally own less than 10% of their territories. These richly biodiverse ancestral lands are vital to our global climate, fresh water and food security. When land rights aren’t legally recognised, it puts lives and ecosystems at risk. Reducing land conflict, advancing human rights, promoting development and contributing to sustainable climate solutions can all start with strengthening community tenure rights. The Tenure Facility works alongside Indigenous Peoples and local communities, offering dedicated financial and technical support for innovative approaches to implementing collective tenure rights, whilst sharing the knowledge, innovations and tools that emerge across a global network.",@thetenurefacility,2018-01-23T19:26:57Z,SE,12536,176,False,148,,,EhioEX10DNo,,,,"[""https://en.wikipedia.org/wiki/Society"", ""https://en.wikipedia.org/wiki/Knowledge""]",https://yt3.ggpht.com/lY5opk8UFslyNRpQmxL2whl6urjsauzF4P_hB28EvQE8j3iBS3YAMLbUIPgHLBY0n5enmXhAKA=s88-c-k-c0x00ffffff-no-rj,https://yt3.ggpht.com/lY5opk8UFslyNRpQmxL2whl6urjsauzF4P_hB28EvQE8j3iBS3YAMLbUIPgHLBY0n5enmXhAKA=s240-c-k-c0x00ffffff-no-rj,https://yt3.ggpht.com/lY5opk8UFslyNRpQmxL2whl6urjsauzF4P_hB28EvQE8j3iBS3YAMLbUIPgHLBY0n5enmXhAKA=s800-c-k-c0x00ffffff-no-rj,0NZkTcKpYRE,https://www.youtube.com/watch?v=0NZkTcKpYRE,What is the meaning that the Amazon forest holds for you? Amazon Community Funds Learning Exchange,"Sandra Ribeiro (left) and Helena Gomes (right) were participants and community representatives at the July Learning Exchange on Amazon Community Funds which took place in Esperantina, Piaui, Brazil at the beginning of July 2024. Sandra and Helena are from the Cooperative of the Interstate Movement of the Babaçu Coconut Breakers (MIQCB). They share their words and reflect on the important role the Amazon forest plays for them.",2024-07-23T07:26:38Z,en,en,UC486iX5Pijix88cRP6KIcng,Tenure Facility,24,Entertainment,[],none,https://i.ytimg.com/vi/0NZkTcKpYRE/default.jpg,https://i.ytimg.com/vi/0NZkTcKpYRE/mqdefault.jpg,https://i.ytimg.com/vi/0NZkTcKpYRE/hqdefault.jpg,https://i.ytimg.com/vi/0NZkTcKpYRE/sddefault.jpg,https://i.ytimg.com/vi/0NZkTcKpYRE/maxresdefault.jpg,PT45S,2d,hd,false,False,rectangular,{},{},processed,public,youtube,True,True,True,,48,0,0,0,"[""https://en.wikipedia.org/wiki/Lifestyle_(sociology)""]",[],,,,,,,{},"{""en"": {""title"": ""What is the meaning that the Amazon forest holds for you? Amazon Community Funds Learning Exchange"", ""description"": ""Sandra Ribeiro (left) and Helena Gomes (right) were participants and community representatives at the July Learning Exchange on Amazon Community Funds which took place in Esperantina, Piaui, Brazil at the beginning of July 2024. Sandra and Helena are from the Cooperative of the Interstate Movement of the Babaçu Coconut Breakers (MIQCB). They share their words and reflect on the important role the Amazon forest plays for them.""}}",VVU0ODZpWDVQaWppeDg4Y1JQNktJY25nLjBOWmtUY0twWVJF,4,2024-07-23T07:26:38Z,public
UC486iX5Pijix88cRP6KIcng,Tenure Facility,"More than 2.5 billion Indigenous Peoples and local communities live in almost half of the world’s land area, yet they legally own less than 10% of their territories. These richly biodiverse ancestral lands are vital to our global climate, fresh water and food security. When land rights aren’t legally recognised, it puts lives and ecosystems at risk. Reducing land conflict, advancing human rights, promoting development and contributing to sustainable climate solutions can all start with strengthening community tenure rights. The Tenure Facility works alongside Indigenous Peoples and local communities, offering dedicated financial and technical support for innovative approaches to implementing collective tenure rights, whilst sharing the knowledge, innovations and tools that emerge across a global network.",@thetenurefacility,2018-01-23T19:26:57Z,SE,12536,176,False,148,,,EhioEX10DNo,,,,"[""https://en.wikipedia.org/wiki/Society"", ""https://en.wikipedia.org/wiki/Knowledge""]",https://yt3.ggpht.com/lY5opk8UFslyNRpQmxL2whl6urjsauzF4P_hB28EvQE8j3iBS3YAMLbUIPgHLBY0n5enmXhAKA=s88-c-k-c0x00ffffff-no-rj,https://yt3.ggpht.com/lY5opk8UFslyNRpQmxL2whl6urjsauzF4P_hB28EvQE8j3iBS3YAMLbUIPgHLBY0n5enmXhAKA=s240-c-k-c0x00ffffff-no-rj,https://yt3.ggpht.com/lY5opk8UFslyNRpQmxL2whl6urjsauzF4P_hB28EvQE8j3iBS3YAMLbUIPgHLBY0n5enmXhAKA=s800-c-k-c0x00ffffff-no-rj,1eVaPVbcUPk,https://www.youtube.com/watch?v=1eVaPVbcUPk,Why investing in Indigenous women?,"Did you know that traditional knowledge, often preserved by Indigenous women, is vital for climate resilience?

We hear from @sara.omic, an Emberá Lawyer and Indigenous Rights advocate from Panama, who explains how her community turned to medicinal plants during the COVID-19 pandemic, highlighting the importance of protecting our forests and the wisdom they hold.

Supporting Indigenous women means investing in a sustainable future and preserving cultural heritage. Learn more about the impact of ancestral knowledge on climate action and community well-being. 

🌿 This 3-part video series is a collaboration between @globalalliancet and @TenureFacility.
What kind of world will you help build?
#IndigenousWomen #PreservingPlanet #GuardiansOfTomorrow 📸 @ifnotusthenwho",2024-07-18T08:11:34Z,en,en,UC486iX5Pijix88cRP6KIcng,Tenure Facility,24,Entertainment,[],none,https://i.ytimg.com/vi/1eVaPVbcUPk/default.jpg,https://i.ytimg.com/vi/1eVaPVbcUPk/mqdefault.jpg,https://i.ytimg.com/vi/1eVaPVbcUPk/hqdefault.jpg,https://i.ytimg.com/vi/1eVaPVbcUPk/sddefault.jpg,https://i.ytimg.com/vi/1eVaPVbcUPk/maxresdefault.jpg,PT1M31S,2d,hd,false,False,rectangular,{},{},processed,public,youtube,True,True,True,,166,2,0,0,"[""https://en.wikipedia.org/wiki/Society""]",[],,,,,,,{},"{""en"": {""title"": ""Why investing in Indigenous women?"", ""description"": ""Did you know that traditional knowledge, often preserved by Indigenous women, is vital for climate resilience?\n\nWe hear from @sara.omic, an Emberá Lawyer and Indigenous Rights advocate from Panama, who explains how her community turned to medicinal plants during the COVID-19 pandemic, highlighting the importance of protecting our forests and the wisdom they hold.\n\nSupporting Indigenous women means investing in a sustainable future and preserving cultural heritage. Learn more about the impact of ancestral knowledge on climate action and community well-being. \n\n🌿 This 3-part video series is a collaboration between @globalalliancet and @TenureFacility.\nWhat kind of world will you help build?\n#IndigenousWomen #PreservingPlanet #GuardiansOfTomorrow 📸 @ifnotusthenwho""}}",VVU0ODZpWDVQaWppeDg4Y1JQNktJY25nLjFlVmFQVmJjVVBr,5,2024-07-18T08:11:34Z,public
UC486iX5Pijix88cRP6KIcng,Tenure Facility,"More than 2.5 billion Indigenous Peoples and local communities live in almost half of the world’s land area, yet they legally own less than 10% of their territories. These richly biodiverse ancestral lands are vital to our global climate, fresh water and food security. When land rights aren’t legally recognised, it puts lives and ecosystems at risk. Reducing land conflict, advancing human rights, promoting development and contributing to sustainable climate solutions can all start with strengthening community tenure rights. The Tenure Facility works alongside Indigenous Peoples and local communities, offering dedicated financial and technical support for innovative approaches to implementing collective tenure rights, whilst sharing the knowledge, innovations and tools that emerge across a global network.",@thetenurefacility,2018-01-23T19:26:57Z,SE,12536,176,False,148,,,EhioEX10DNo,,,,"[""https://en.wikipedia.org/wiki/Society"", ""https://en.wikipedia.org/wiki/Knowledge""]",https://yt3.ggpht.com/lY5opk8UFslyNRpQmxL2whl6urjsauzF4P_hB28EvQE8j3iBS3YAMLbUIPgHLBY0n5enmXhAKA=s88-c-k-c0x00ffffff-no-rj,https://yt3.ggpht.com/lY5opk8UFslyNRpQmxL2whl6urjsauzF4P_hB28EvQE8j3iBS3YAMLbUIPgHLBY0n5enmXhAKA=s240-c-k-c0x00ffffff-no-rj,https://yt3.ggpht.com/lY5opk8UFslyNRpQmxL2whl6urjsauzF4P_hB28EvQE8j3iBS3YAMLbUIPgHLBY0n5enmXhAKA=s800-c-k-c0x00ffffff-no-rj,egZ2DK7KOlM,https://www.youtube.com/watch?v=egZ2DK7KOlM,Gender and biodiversity: How Indigenous and Local Community Women Safeguard Nature - Land Dialogue,"Indigenous women's knowledge is rooted in a deep appreciation of the natural world. They possess an intricate understanding of various species, their nutritional value, medicinal properties, and ecological roles. This knowledge passed down through generations, not only enriches their communities but has been crucial for science.

Despite this, Indigenous women often remain marginalised and relegated to the status of beneficiaries rather than recognised as partners and agents of change.

As we look forward to COP16 and discussions surrounding the Global Biodiversity Framework, amplifying their voices and integrating their perspectives into global dialogues on benefit-sharing and biodiversity conservation becomes increasingly important.

Hear from Indigenous leaders on how to best support and recognise women as the custodians of traditional knowledge systems.",2024-06-17T07:10:37Z,en,en,UC486iX5Pijix88cRP6KIcng,Tenure Facility,24,Entertainment,[],none,https://i.ytimg.com/vi/egZ2DK7KOlM/default.jpg,https://i.ytimg.com/vi/egZ2DK7KOlM/mqdefault.jpg,https://i.ytimg.com/vi/egZ2DK7KOlM/hqdefault.jpg,https://i.ytimg.com/vi/egZ2DK7KOlM/sddefault.jpg,https://i.ytimg.com/vi/egZ2DK7KOlM/maxresdefault.jpg,PT1H17M9S,2d,hd,false,False,rectangular,{},{},processed,public,youtube,True,True,True,,416,0,0,0,"[""https://en.wikipedia.org/wiki/Knowledge""]",[],,,,,,,{},"{""en"": {""title"": ""Gender and biodiversity: How Indigenous and Local Community Women Safeguard Nature - Land Dialogue"", ""description"": ""Indigenous women's knowledge is rooted in a deep appreciation of the natural world. They possess an intricate understanding of various species, their nutritional value, medicinal properties, and ecological roles. This knowledge passed down through generations, not only enriches their communities but has been crucial for science.\n\nDespite this, Indigenous women often remain marginalised and relegated to the status of beneficiaries rather than recognised as partners and agents of change.\n\nAs we look forward to COP16 and discussions surrounding the Global Biodiversity Framework, amplifying their voices and integrating their perspectives into global dialogues on benefit-sharing and biodiversity conservation becomes increasingly important.\n\nHear from Indigenous leaders on how to best support and recognise women as the custodians of traditional knowledge systems.""}}",VVU0ODZpWDVQaWppeDg4Y1JQNktJY25nLmVnWjJESzdLT2xN,6,2024-06-17T07:10:37Z,public
UC486iX5Pijix88cRP6KIcng,Tenure Facility,"More than 2.5 billion Indigenous Peoples and local communities live in almost half of the world’s land area, yet they legally own less than 10% of their territories. These richly biodiverse ancestral lands are vital to our global climate, fresh water and food security. When land rights aren’t legally recognised, it puts lives and ecosystems at risk. Reducing land conflict, advancing human rights, promoting development and contributing to sustainable climate solutions can all start with strengthening community tenure rights. The Tenure Facility works alongside Indigenous Peoples and local communities, offering dedicated financial and technical support for innovative approaches to implementing collective tenure rights, whilst sharing the knowledge, innovations and tools that emerge across a global network.",@thetenurefacility,2018-01-23T19:26:57Z,SE,12536,176,False,148,,,EhioEX10DNo,,,,"[""https://en.wikipedia.org/wiki/Society"", ""https://en.wikipedia.org/wiki/Knowledge""]",https://yt3.ggpht.com/lY5opk8UFslyNRpQmxL2whl6urjsauzF4P_hB28EvQE8j3iBS3YAMLbUIPgHLBY0n5enmXhAKA=s88-c-k-c0x00ffffff-no-rj,https://yt3.ggpht.com/lY5opk8UFslyNRpQmxL2whl6urjsauzF4P_hB28EvQE8j3iBS3YAMLbUIPgHLBY0n5enmXhAKA=s240-c-k-c0x00ffffff-no-rj,https://yt3.ggpht.com/lY5opk8UFslyNRpQmxL2whl6urjsauzF4P_hB28EvQE8j3iBS3YAMLbUIPgHLBY0n5enmXhAKA=s800-c-k-c0x00ffffff-no-rj,sLYP3DaT844,https://www.youtube.com/watch?v=sLYP3DaT844,How Indigenous and local community women safeguard nature,"Turn your videos into live streams with Restream https://restre.am/ANIm

Join us on June 13, 2024, from 9:00 AM to 10:15 AM EST for a webinar that delves into the profound knowledge Indigenous women possess about the natural world. This event will explore how their ancestral understanding and holistic approach have contributed to both their communities and Western science, informing the development of medicines and enhancing our understanding of climate phenomena. Despite their crucial role, Indigenous women often face marginalization. As we approach COP16, this webinar aims to highlight the importance of integrating their perspectives into global biodiversity conservation efforts for more effective and inclusive outcomes.",2024-06-14T02:33:28Z,en,en,UC486iX5Pijix88cRP6KIcng,Tenure Facility,24,Entertainment,[],none,https://i.ytimg.com/vi/sLYP3DaT844/default.jpg,https://i.ytimg.com/vi/sLYP3DaT844/mqdefault.jpg,https://i.ytimg.com/vi/sLYP3DaT844/hqdefault.jpg,https://i.ytimg.com/vi/sLYP3DaT844/sddefault.jpg,https://i.ytimg.com/vi/sLYP3DaT844/maxresdefault.jpg,PT1H14M33S,2d,hd,false,False,rectangular,{},{},processed,public,youtube,True,True,False,,130,0,0,0,"[""https://en.wikipedia.org/wiki/Society""]",[],2024-06-13T13:00:00Z,2024-06-13T13:05:14Z,2024-06-13T14:19:49Z,,,,{},"{""en"": {""title"": ""How Indigenous and local community women safeguard nature"", ""description"": ""Turn your videos into live streams with Restream https://restre.am/ANIm\n\nJoin us on June 13, 2024, from 9:00 AM to 10:15 AM EST for a webinar that delves into the profound knowledge Indigenous women possess about the natural world. This event will explore how their ancestral understanding and holistic approach have contributed to both their communities and Western science, informing the development of medicines and enhancing our understanding of climate phenomena. Despite their crucial role, Indigenous women often face marginalization. As we approach COP16, this webinar aims to highlight the importance of integrating their perspectives into global biodiversity conservation efforts for more effective and inclusive outcomes.""}}",VVU0ODZpWDVQaWppeDg4Y1JQNktJY25nLnNMWVAzRGFUODQ0,7,2024-06-14T02:33:28Z,public
UC486iX5Pijix88cRP6KIcng,Tenure Facility,"More than 2.5 billion Indigenous Peoples and local communities live in almost half of the world’s land area, yet they legally own less than 10% of their territories. These richly biodiverse ancestral lands are vital to our global climate, fresh water and food security. When land rights aren’t legally recognised, it puts lives and ecosystems at risk. Reducing land conflict, advancing human rights, promoting development and contributing to sustainable climate solutions can all start with strengthening community tenure rights. The Tenure Facility works alongside Indigenous Peoples and local communities, offering dedicated financial and technical support for innovative approaches to implementing collective tenure rights, whilst sharing the knowledge, innovations and tools that emerge across a global network.",@thetenurefacility,2018-01-23T19:26:57Z,SE,12536,176,False,148,,,EhioEX10DNo,,,,"[""https://en.wikipedia.org/wiki/Society"", ""https://en.wikipedia.org/wiki/Knowledge""]",https://yt3.ggpht.com/lY5opk8UFslyNRpQmxL2whl6urjsauzF4P_hB28EvQE8j3iBS3YAMLbUIPgHLBY0n5enmXhAKA=s88-c-k-c0x00ffffff-no-rj,https://yt3.ggpht.com/lY5opk8UFslyNRpQmxL2whl6urjsauzF4P_hB28EvQE8j3iBS3YAMLbUIPgHLBY0n5enmXhAKA=s240-c-k-c0x00ffffff-no-rj,https://yt3.ggpht.com/lY5opk8UFslyNRpQmxL2whl6urjsauzF4P_hB28EvQE8j3iBS3YAMLbUIPgHLBY0n5enmXhAKA=s800-c-k-c0x00ffffff-no-rj,viy6c6QTMXc,https://www.youtube.com/watch?v=viy6c6QTMXc,Women Ancestral Knowledge - GATC & TF campaign,"We’re celebrating the powerful role of Indigenous women in preserving ancestral knowledge and protecting our environment.

Featuring interview snippets from Balkisou Buba, vice national coordinator of REPALEAC, she shares profound insights on how Indigenous women practice sustainable conservation and highlights the unique skills Indigenous women possess as skilled geographers and climate forecasters.

🍃 Discover how traditions, passed through generations, are essential for maintaining a sustainable future. This 3-part video series is a collaboration with @globalalliancet and @thetenurefacility.
What kind of world will you help build?
#IndigenousWomen #PreservingPlanet #GuardiansOfTomorrow 📸 @ifnotusthenwho 
@landportalfoundation",2024-06-10T13:57:40Z,en,en,UC486iX5Pijix88cRP6KIcng,Tenure Facility,24,Entertainment,[],none,https://i.ytimg.com/vi/viy6c6QTMXc/default.jpg,https://i.ytimg.com/vi/viy6c6QTMXc/mqdefault.jpg,https://i.ytimg.com/vi/viy6c6QTMXc/hqdefault.jpg,https://i.ytimg.com/vi/viy6c6QTMXc/sddefault.jpg,https://i.ytimg.com/vi/viy6c6QTMXc/maxresdefault.jpg,PT1M31S,2d,hd,false,False,rectangular,{},{},processed,public,youtube,True,True,True,,924,0,0,0,"[""https://en.wikipedia.org/wiki/Society""]",[],,,,,,,{},"{""en"": {""title"": ""Women Ancestral Knowledge - GATC & TF campaign"", ""description"": ""We’re celebrating the powerful role of Indigenous women in preserving ancestral knowledge and protecting our environment.\n\nFeaturing interview snippets from Balkisou Buba, vice national coordinator of REPALEAC, she shares profound insights on how Indigenous women practice sustainable conservation and highlights the unique skills Indigenous women possess as skilled geographers and climate forecasters.\n\n🍃 Discover how traditions, passed through generations, are essential for maintaining a sustainable future. This 3-part video series is a collaboration with @globalalliancet and @thetenurefacility.\nWhat kind of world will you help build?\n#IndigenousWomen #PreservingPlanet #GuardiansOfTomorrow 📸 @ifnotusthenwho \n@landportalfoundation""}}",VVU0ODZpWDVQaWppeDg4Y1JQNktJY25nLnZpeTZjNlFUTVhj,8,2024-06-10T13:57:40Z,public
UC486iX5Pijix88cRP6KIcng,Tenure Facility,"More than 2.5 billion Indigenous Peoples and local communities live in almost half of the world’s land area, yet they legally own less than 10% of their territories. These richly biodiverse ancestral lands are vital to our global climate, fresh water and food security. When land rights aren’t legally recognised, it puts lives and ecosystems at risk. Reducing land conflict, advancing human rights, promoting development and contributing to sustainable climate solutions can all start with strengthening community tenure rights. The Tenure Facility works alongside Indigenous Peoples and local communities, offering dedicated financial and technical support for innovative approaches to implementing collective tenure rights, whilst sharing the knowledge, innovations and tools that emerge across a global network.",@thetenurefacility,2018-01-23T19:26:57Z,SE,12536,176,False,148,,,EhioEX10DNo,,,,"[""https://en.wikipedia.org/wiki/Society"", ""https://en.wikipedia.org/wiki/Knowledge""]",https://yt3.ggpht.com/lY5opk8UFslyNRpQmxL2whl6urjsauzF4P_hB28EvQE8j3iBS3YAMLbUIPgHLBY0n5enmXhAKA=s88-c-k-c0x00ffffff-no-rj,https://yt3.ggpht.com/lY5opk8UFslyNRpQmxL2whl6urjsauzF4P_hB28EvQE8j3iBS3YAMLbUIPgHLBY0n5enmXhAKA=s240-c-k-c0x00ffffff-no-rj,https://yt3.ggpht.com/lY5opk8UFslyNRpQmxL2whl6urjsauzF4P_hB28EvQE8j3iBS3YAMLbUIPgHLBY0n5enmXhAKA=s800-c-k-c0x00ffffff-no-rj,JWvbF0ysyWQ,https://www.youtube.com/watch?v=JWvbF0ysyWQ,Community Land Forest Concessions (CFCL) in the DRC,,2024-06-10T13:14:21Z,it,en,UC486iX5Pijix88cRP6KIcng,Tenure Facility,24,Entertainment,[],none,https://i.ytimg.com/vi/JWvbF0ysyWQ/default.jpg,https://i.ytimg.com/vi/JWvbF0ysyWQ/mqdefault.jpg,https://i.ytimg.com/vi/JWvbF0ysyWQ/hqdefault.jpg,https://i.ytimg.com/vi/JWvbF0ysyWQ/sddefault.jpg,https://i.ytimg.com/vi/JWvbF0ysyWQ/maxresdefault.jpg,PT2M13S,2d,hd,false,False,rectangular,{},{},processed,public,youtube,True,True,True,,153,1,0,0,"[""https://en.wikipedia.org/wiki/Society""]",[],,,,,,,{},"{""it"": {""title"": ""Community Land Forest Concessions (CFCL) in the DRC"", ""description"": """"}}",VVU0ODZpWDVQaWppeDg4Y1JQNktJY25nLkpXdmJGMHlzeVdR,9,2024-06-10T13:14:21Z,public
UC486iX5Pijix88cRP6KIcng,Tenure Facility,"More than 2.5 billion Indigenous Peoples and local communities live in almost half of the world’s land area, yet they legally own less than 10% of their territories. These richly biodiverse ancestral lands are vital to our global climate, fresh water and food security. When land rights aren’t legally recognised, it puts lives and ecosystems at risk. Reducing land conflict, advancing human rights, promoting development and contributing to sustainable climate solutions can all start with strengthening community tenure rights. The Tenure Facility works alongside Indigenous Peoples and local communities, offering dedicated financial and technical support for innovative approaches to implementing collective tenure rights, whilst sharing the knowledge, innovations and tools that emerge across a global network.",@thetenurefacility,2018-01-23T19:26:57Z,SE,12536,176,False,148,,,EhioEX10DNo,,,,"[""https://en.wikipedia.org/wiki/Society"", ""https://en.wikipedia.org/wiki/Knowledge""]",https://yt3.ggpht.com/lY5opk8UFslyNRpQmxL2whl6urjsauzF4P_hB28EvQE8j3iBS3YAMLbUIPgHLBY0n5enmXhAKA=s88-c-k-c0x00ffffff-no-rj,https://yt3.ggpht.com/lY5opk8UFslyNRpQmxL2whl6urjsauzF4P_hB28EvQE8j3iBS3YAMLbUIPgHLBY0n5enmXhAKA=s240-c-k-c0x00ffffff-no-rj,https://yt3.ggpht.com/lY5opk8UFslyNRpQmxL2whl6urjsauzF4P_hB28EvQE8j3iBS3YAMLbUIPgHLBY0n5enmXhAKA=s800-c-k-c0x00ffffff-no-rj,Cd4oQJCUQR0,https://www.youtube.com/watch?v=Cd4oQJCUQR0,Ecuador - Escuela de Formación de Monitores Territoriales,"Recently we visited the Ecuadorian Amazon and we met some pioneering Indigenous youth participating at the Escuela de Formación de Monitores Territoriales. 

Tune in to hear what they had to say about the training!",2024-06-04T10:20:41Z,en,en,UC486iX5Pijix88cRP6KIcng,Tenure Facility,24,Entertainment,[],none,https://i.ytimg.com/vi/Cd4oQJCUQR0/default.jpg,https://i.ytimg.com/vi/Cd4oQJCUQR0/mqdefault.jpg,https://i.ytimg.com/vi/Cd4oQJCUQR0/hqdefault.jpg,https://i.ytimg.com/vi/Cd4oQJCUQR0/sddefault.jpg,https://i.ytimg.com/vi/Cd4oQJCUQR0/maxresdefault.jpg,PT2M43S,2d,hd,false,False,rectangular,{},{},processed,public,youtube,True,True,True,,52,2,0,0,"[""https://en.wikipedia.org/wiki/Society""]",[],,,,,,,{},"{""en"": {""title"": ""Ecuador - Escuela de Formación de Monitores Territoriales"", ""description"": ""Recently we visited the Ecuadorian Amazon and we met some pioneering Indigenous youth participating at the Escuela de Formación de Monitores Territoriales. \n\nTune in to hear what they had to say about the training!""}}",VVU0ODZpWDVQaWppeDg4Y1JQNktJY25nLkNkNG9RSkNVUVIw,10,2024-06-04T10:20:41Z,public
UC486iX5Pijix88cRP6KIcng,Tenure Facility,"More than 2.5 billion Indigenous Peoples and local communities live in almost half of the world’s land area, yet they legally own less than 10% of their territories. These richly biodiverse ancestral lands are vital to our global climate, fresh water and food security. When land rights aren’t legally recognised, it puts lives and ecosystems at risk. Reducing land conflict, advancing human rights, promoting development and contributing to sustainable climate solutions can all start with strengthening community tenure rights. The Tenure Facility works alongside Indigenous Peoples and local communities, offering dedicated financial and technical support for innovative approaches to implementing collective tenure rights, whilst sharing the knowledge, innovations and tools that emerge across a global network.",@thetenurefacility,2018-01-23T19:26:57Z,SE,12536,176,False,148,,,EhioEX10DNo,,,,"[""https://en.wikipedia.org/wiki/Society"", ""https://en.wikipedia.org/wiki/Knowledge""]",https://yt3.ggpht.com/lY5opk8UFslyNRpQmxL2whl6urjsauzF4P_hB28EvQE8j3iBS3YAMLbUIPgHLBY0n5enmXhAKA=s88-c-k-c0x00ffffff-no-rj,https://yt3.ggpht.com/lY5opk8UFslyNRpQmxL2whl6urjsauzF4P_hB28EvQE8j3iBS3YAMLbUIPgHLBY0n5enmXhAKA=s240-c-k-c0x00ffffff-no-rj,https://yt3.ggpht.com/lY5opk8UFslyNRpQmxL2whl6urjsauzF4P_hB28EvQE8j3iBS3YAMLbUIPgHLBY0n5enmXhAKA=s800-c-k-c0x00ffffff-no-rj,fdIdpdRRomM,https://www.youtube.com/watch?v=fdIdpdRRomM,"""Territory Is Life"" - Collective Land Titling in Colombia",,2024-05-10T11:54:53Z,it,en,UC486iX5Pijix88cRP6KIcng,Tenure Facility,24,Entertainment,[],none,https://i.ytimg.com/vi/fdIdpdRRomM/default.jpg,https://i.ytimg.com/vi/fdIdpdRRomM/mqdefault.jpg,https://i.ytimg.com/vi/fdIdpdRRomM/hqdefault.jpg,https://i.ytimg.com/vi/fdIdpdRRomM/sddefault.jpg,https://i.ytimg.com/vi/fdIdpdRRomM/maxresdefault.jpg,PT1M49S,2d,hd,false,False,rectangular,{},{},processed,public,youtube,True,True,True,,81,3,0,0,"[""https://en.wikipedia.org/wiki/Society""]",[],,,,,,,{},"{""it"": {""title"": ""\""Territory Is Life\"" - Collective Land Titling in Colombia"", ""description"": """"}}",VVU0ODZpWDVQaWppeDg4Y1JQNktJY25nLmZkSWRwZFJSb21N,11,2024-05-10T11:54:53Z,public
UC486iX5Pijix88cRP6KIcng,Tenure Facility,"More than 2.5 billion Indigenous Peoples and local communities live in almost half of the world’s land area, yet they legally own less than 10% of their territories. These richly biodiverse ancestral lands are vital to our global climate, fresh water and food security. When land rights aren’t legally recognised, it puts lives and ecosystems at risk. Reducing land conflict, advancing human rights, promoting development and contributing to sustainable climate solutions can all start with strengthening community tenure rights. The Tenure Facility works alongside Indigenous Peoples and local communities, offering dedicated financial and technical support for innovative approaches to implementing collective tenure rights, whilst sharing the knowledge, innovations and tools that emerge across a global network.",@thetenurefacility,2018-01-23T19:26:57Z,SE,12536,176,False,148,,,EhioEX10DNo,,,,"[""https://en.wikipedia.org/wiki/Society"", ""https://en.wikipedia.org/wiki/Knowledge""]",https://yt3.ggpht.com/lY5opk8UFslyNRpQmxL2whl6urjsauzF4P_hB28EvQE8j3iBS3YAMLbUIPgHLBY0n5enmXhAKA=s88-c-k-c0x00ffffff-no-rj,https://yt3.ggpht.com/lY5opk8UFslyNRpQmxL2whl6urjsauzF4P_hB28EvQE8j3iBS3YAMLbUIPgHLBY0n5enmXhAKA=s240-c-k-c0x00ffffff-no-rj,https://yt3.ggpht.com/lY5opk8UFslyNRpQmxL2whl6urjsauzF4P_hB28EvQE8j3iBS3YAMLbUIPgHLBY0n5enmXhAKA=s800-c-k-c0x00ffffff-no-rj,AZ13K-kg_mY,https://www.youtube.com/watch?v=AZ13K-kg_mY,Who We Are,"Providing funding when and where it is needed: 

Tenure Facility is the leading financial mechanism specialised in supporting Indigenous Peoples and local communities to secure and sustain their land and their forest rights. We work directly with partners to provide targeted funding, along with technical assistance, to help achieve their vision through tailored projects. These efforts benefit our shared planet as well – by reducing deforestation, cutting carbon emissions, restoring ecosystems, and promoting human rights. 

While primarily a financial mechanism, Tenure Facility also works with its partners to support gender equality and encourage youth involvement, and local governance. Along with mapping, learning events, and other areas of engagement, these collaborative initiatives reduce conflict and create a vibrant community of practice.",2024-04-30T20:54:19Z,en,en,UC486iX5Pijix88cRP6KIcng,Tenure Facility,24,Entertainment,[],none,https://i.ytimg.com/vi/AZ13K-kg_mY/default.jpg,https://i.ytimg.com/vi/AZ13K-kg_mY/mqdefault.jpg,https://i.ytimg.com/vi/AZ13K-kg_mY/hqdefault.jpg,https://i.ytimg.com/vi/AZ13K-kg_mY/sddefault.jpg,https://i.ytimg.com/vi/AZ13K-kg_mY/maxresdefault.jpg,PT2M12S,2d,hd,false,False,rectangular,{},{},processed,public,youtube,True,True,True,,430,6,0,0,"[""https://en.wikipedia.org/wiki/Society""]",[],,,,,,,{},"{""en"": {""title"": ""Who We Are"", ""description"": ""Providing funding when and where it is needed: \n\nTenure Facility is the leading financial mechanism specialised in supporting Indigenous Peoples and local communities to secure and sustain their land and their forest rights. We work directly with partners to provide targeted funding, along with technical assistance, to help achieve their vision through tailored projects. These efforts benefit our shared planet as well – by reducing deforestation, cutting carbon emissions, restoring ecosystems, and promoting human rights. \n\nWhile primarily a financial mechanism, Tenure Facility also works with its partners to support gender equality and encourage youth involvement, and local governance. Along with mapping, learning events, and other areas of engagement, these collaborative initiatives reduce conflict and create a vibrant community of practice.""}}",VVU0ODZpWDVQaWppeDg4Y1JQNktJY25nLkFaMTNLLWtnX21Z,12,2024-04-30T20:54:19Z,public
UC486iX5Pijix88cRP6KIcng,Tenure Facility,"More than 2.5 billion Indigenous Peoples and local communities live in almost half of the world’s land area, yet they legally own less than 10% of their territories. These richly biodiverse ancestral lands are vital to our global climate, fresh water and food security. When land rights aren’t legally recognised, it puts lives and ecosystems at risk. Reducing land conflict, advancing human rights, promoting development and contributing to sustainable climate solutions can all start with strengthening community tenure rights. The Tenure Facility works alongside Indigenous Peoples and local communities, offering dedicated financial and technical support for innovative approaches to implementing collective tenure rights, whilst sharing the knowledge, innovations and tools that emerge across a global network.",@thetenurefacility,2018-01-23T19:26:57Z,SE,12536,176,False,148,,,EhioEX10DNo,,,,"[""https://en.wikipedia.org/wiki/Society"", ""https://en.wikipedia.org/wiki/Knowledge""]",https://yt3.ggpht.com/lY5opk8UFslyNRpQmxL2whl6urjsauzF4P_hB28EvQE8j3iBS3YAMLbUIPgHLBY0n5enmXhAKA=s88-c-k-c0x00ffffff-no-rj,https://yt3.ggpht.com/lY5opk8UFslyNRpQmxL2whl6urjsauzF4P_hB28EvQE8j3iBS3YAMLbUIPgHLBY0n5enmXhAKA=s240-c-k-c0x00ffffff-no-rj,https://yt3.ggpht.com/lY5opk8UFslyNRpQmxL2whl6urjsauzF4P_hB28EvQE8j3iBS3YAMLbUIPgHLBY0n5enmXhAKA=s800-c-k-c0x00ffffff-no-rj,A_-KKbWu8Tk,https://www.youtube.com/watch?v=A_-KKbWu8Tk,Leading the Way: How Indigenous Youth Combat Climate Change Through Land Rights,"Young Indigenous Peoples are facing unprecedented challenges as they grow up in a world where climate change imperils their community’s cultural heritage and ways of life. In response, many are becoming new leaders in climate activism, championing land rights as a pivotal measure in combating environmental degradation and preserving traditional lifestyles.

Our first Land Dialogue of 2024 explores the dynamic relationship between land tenure systems and climate resilience through the lens of Indigenous Peoples and local community youth. In a rapidly urbanizing world and warming, we will examine how youth are being encouraged to embrace their ancestral knowledge systems, the nature-based solutions that are being widely applauded, to defend their land and territories and actively lead on climate change.

Our discussion will focus on solutions and highlight youth-led responses to land and climate issues. Moreover, the webinar will provide a space for cross-cultural learning between young people worldwide, sparking unlikely but meaningful conversations. Listen in as young leaders create a space for a new kind of dialogue where Indigenous youth lead the way.",2024-04-29T09:39:11Z,en,en,UC486iX5Pijix88cRP6KIcng,Tenure Facility,24,Entertainment,[],none,https://i.ytimg.com/vi/A_-KKbWu8Tk/default.jpg,https://i.ytimg.com/vi/A_-KKbWu8Tk/mqdefault.jpg,https://i.ytimg.com/vi/A_-KKbWu8Tk/hqdefault.jpg,https://i.ytimg.com/vi/A_-KKbWu8Tk/sddefault.jpg,https://i.ytimg.com/vi/A_-KKbWu8Tk/maxresdefault.jpg,PT1H,2d,hd,false,False,rectangular,{},{},processed,public,youtube,True,True,True,,14,0,0,0,"[""https://en.wikipedia.org/wiki/Knowledge""]",[],,,,,,,{},"{""en"": {""title"": ""Leading the Way: How Indigenous Youth Combat Climate Change Through Land Rights"", ""description"": ""Young Indigenous Peoples are facing unprecedented challenges as they grow up in a world where climate change imperils their community’s cultural heritage and ways of life. In response, many are becoming new leaders in climate activism, championing land rights as a pivotal measure in combating environmental degradation and preserving traditional lifestyles.\n\nOur first Land Dialogue of 2024 explores the dynamic relationship between land tenure systems and climate resilience through the lens of Indigenous Peoples and local community youth. In a rapidly urbanizing world and warming, we will examine how youth are being encouraged to embrace their ancestral knowledge systems, the nature-based solutions that are being widely applauded, to defend their land and territories and actively lead on climate change.\n\nOur discussion will focus on solutions and highlight youth-led responses to land and climate issues. Moreover, the webinar will provide a space for cross-cultural learning between young people worldwide, sparking unlikely but meaningful conversations. Listen in as young leaders create a space for a new kind of dialogue where Indigenous youth lead the way.""}}",VVU0ODZpWDVQaWppeDg4Y1JQNktJY25nLkFfLUtLYld1OFRr,13,2024-04-29T09:39:11Z,public
UC486iX5Pijix88cRP6KIcng,Tenure Facility,"More than 2.5 billion Indigenous Peoples and local communities live in almost half of the world’s land area, yet they legally own less than 10% of their territories. These richly biodiverse ancestral lands are vital to our global climate, fresh water and food security. When land rights aren’t legally recognised, it puts lives and ecosystems at risk. Reducing land conflict, advancing human rights, promoting development and contributing to sustainable climate solutions can all start with strengthening community tenure rights. The Tenure Facility works alongside Indigenous Peoples and local communities, offering dedicated financial and technical support for innovative approaches to implementing collective tenure rights, whilst sharing the knowledge, innovations and tools that emerge across a global network.",@thetenurefacility,2018-01-23T19:26:57Z,SE,12536,176,False,148,,,EhioEX10DNo,,,,"[""https://en.wikipedia.org/wiki/Society"", ""https://en.wikipedia.org/wiki/Knowledge""]",https://yt3.ggpht.com/lY5opk8UFslyNRpQmxL2whl6urjsauzF4P_hB28EvQE8j3iBS3YAMLbUIPgHLBY0n5enmXhAKA=s88-c-k-c0x00ffffff-no-rj,https://yt3.ggpht.com/lY5opk8UFslyNRpQmxL2whl6urjsauzF4P_hB28EvQE8j3iBS3YAMLbUIPgHLBY0n5enmXhAKA=s240-c-k-c0x00ffffff-no-rj,https://yt3.ggpht.com/lY5opk8UFslyNRpQmxL2whl6urjsauzF4P_hB28EvQE8j3iBS3YAMLbUIPgHLBY0n5enmXhAKA=s800-c-k-c0x00ffffff-no-rj,kJ8_FZUXUWQ,https://www.youtube.com/watch?v=kJ8_FZUXUWQ,Inter-State Movement of Babassu Coconut Breakers in  Piauí,"Vila Esperança, State of Piauí, Brazil, our partner, the Inter-State Movement of Babassu Coconut Breakers, promotes the implementation of 3 state and 18 municipal “free babassu” laws, which protect babassu palms and give women the right to harvest them anywhere.

🇧🇷Securing the boundaries and safeguarding the ancestral lands of Indigenous Peoples, Quilombolas, and local communities, while upholding the laws, ensuring free access to babassu palms for communities, or protecting forests from destruction, is not merely a matter of respecting tenure rights - it is the cornerstone of effective conservation in the Brazilian Amazon. 

🌎 Strong tenure rights protect traditional forest guardianship, which is pivotal in combatting climate change. By entrusting forests to community management, we fortify their role as powerful stewards making a significant positive impact on the planet's climate.",2024-04-17T12:27:48Z,en,en,UC486iX5Pijix88cRP6KIcng,Tenure Facility,24,Entertainment,[],none,https://i.ytimg.com/vi/kJ8_FZUXUWQ/default.jpg,https://i.ytimg.com/vi/kJ8_FZUXUWQ/mqdefault.jpg,https://i.ytimg.com/vi/kJ8_FZUXUWQ/hqdefault.jpg,https://i.ytimg.com/vi/kJ8_FZUXUWQ/sddefault.jpg,https://i.ytimg.com/vi/kJ8_FZUXUWQ/maxresdefault.jpg,PT1M43S,2d,hd,false,False,rectangular,{},{},processed,public,youtube,True,True,True,,445,3,0,0,"[""https://en.wikipedia.org/wiki/Society""]",[],,,,,,,{},"{""en"": {""title"": ""Inter-State Movement of Babassu Coconut Breakers in  Piauí"", ""description"": ""Vila Esperança, State of Piauí, Brazil, our partner, the Inter-State Movement of Babassu Coconut Breakers, promotes the implementation of 3 state and 18 municipal “free babassu” laws, which protect babassu palms and give women the right to harvest them anywhere.\n\n🇧🇷Securing the boundaries and safeguarding the ancestral lands of Indigenous Peoples, Quilombolas, and local communities, while upholding the laws, ensuring free access to babassu palms for communities, or protecting forests from destruction, is not merely a matter of respecting tenure rights - it is the cornerstone of effective conservation in the Brazilian Amazon. \n\n🌎 Strong tenure rights protect traditional forest guardianship, which is pivotal in combatting climate change. By entrusting forests to community management, we fortify their role as powerful stewards making a significant positive impact on the planet's climate.""}}",VVU0ODZpWDVQaWppeDg4Y1JQNktJY25nLmtKOF9GWlVYVVdR,14,2024-04-17T12:27:48Z,public
UC486iX5Pijix88cRP6KIcng,Tenure Facility,"More than 2.5 billion Indigenous Peoples and local communities live in almost half of the world’s land area, yet they legally own less than 10% of their territories. These richly biodiverse ancestral lands are vital to our global climate, fresh water and food security. When land rights aren’t legally recognised, it puts lives and ecosystems at risk. Reducing land conflict, advancing human rights, promoting development and contributing to sustainable climate solutions can all start with strengthening community tenure rights. The Tenure Facility works alongside Indigenous Peoples and local communities, offering dedicated financial and technical support for innovative approaches to implementing collective tenure rights, whilst sharing the knowledge, innovations and tools that emerge across a global network.",@thetenurefacility,2018-01-23T19:26:57Z,SE,12536,176,False,148,,,EhioEX10DNo,,,,"[""https://en.wikipedia.org/wiki/Society"", ""https://en.wikipedia.org/wiki/Knowledge""]",https://yt3.ggpht.com/lY5opk8UFslyNRpQmxL2whl6urjsauzF4P_hB28EvQE8j3iBS3YAMLbUIPgHLBY0n5enmXhAKA=s88-c-k-c0x00ffffff-no-rj,https://yt3.ggpht.com/lY5opk8UFslyNRpQmxL2whl6urjsauzF4P_hB28EvQE8j3iBS3YAMLbUIPgHLBY0n5enmXhAKA=s240-c-k-c0x00ffffff-no-rj,https://yt3.ggpht.com/lY5opk8UFslyNRpQmxL2whl6urjsauzF4P_hB28EvQE8j3iBS3YAMLbUIPgHLBY0n5enmXhAKA=s800-c-k-c0x00ffffff-no-rj,lVCovWt_ye8,https://www.youtube.com/watch?v=lVCovWt_ye8,What kind of world will you help build?,"Women's inclusion is a daily necessity, not simply a date on the global calendar. 

Over the next months, we'll be sharing a series on indigenous women's immense value, knowledge, and critical role in mitigating our climate crisis.

Because we should invest in women daily!

In collaboration with: The Global Alliance of Territorial Communities & If Not Us then Who.",2024-03-15T16:24:58Z,en,en,UC486iX5Pijix88cRP6KIcng,Tenure Facility,24,Entertainment,[],none,https://i.ytimg.com/vi/lVCovWt_ye8/default.jpg,https://i.ytimg.com/vi/lVCovWt_ye8/mqdefault.jpg,https://i.ytimg.com/vi/lVCovWt_ye8/hqdefault.jpg,https://i.ytimg.com/vi/lVCovWt_ye8/sddefault.jpg,https://i.ytimg.com/vi/lVCovWt_ye8/maxresdefault.jpg,PT1M21S,2d,hd,false,False,rectangular,{},{},processed,public,youtube,True,True,True,,88,0,0,0,"[""https://en.wikipedia.org/wiki/Society""]",[],,,,,,,{},"{""en"": {""title"": ""What kind of world will you help build?"", ""description"": ""Women's inclusion is a daily necessity, not simply a date on the global calendar. \n\nOver the next months, we'll be sharing a series on indigenous women's immense value, knowledge, and critical role in mitigating our climate crisis.\n\nBecause we should invest in women daily!\n\nIn collaboration with: The Global Alliance of Territorial Communities & If Not Us then Who.""}}",VVU0ODZpWDVQaWppeDg4Y1JQNktJY25nLmxWQ292V3RfeWU4,15,2024-03-15T16:24:58Z,public
UC486iX5Pijix88cRP6KIcng,Tenure Facility,"More than 2.5 billion Indigenous Peoples and local communities live in almost half of the world’s land area, yet they legally own less than 10% of their territories. These richly biodiverse ancestral lands are vital to our global climate, fresh water and food security. When land rights aren’t legally recognised, it puts lives and ecosystems at risk. Reducing land conflict, advancing human rights, promoting development and contributing to sustainable climate solutions can all start with strengthening community tenure rights. The Tenure Facility works alongside Indigenous Peoples and local communities, offering dedicated financial and technical support for innovative approaches to implementing collective tenure rights, whilst sharing the knowledge, innovations and tools that emerge across a global network.",@thetenurefacility,2018-01-23T19:26:57Z,SE,12536,176,False,148,,,EhioEX10DNo,,,,"[""https://en.wikipedia.org/wiki/Society"", ""https://en.wikipedia.org/wiki/Knowledge""]",https://yt3.ggpht.com/lY5opk8UFslyNRpQmxL2whl6urjsauzF4P_hB28EvQE8j3iBS3YAMLbUIPgHLBY0n5enmXhAKA=s88-c-k-c0x00ffffff-no-rj,https://yt3.ggpht.com/lY5opk8UFslyNRpQmxL2whl6urjsauzF4P_hB28EvQE8j3iBS3YAMLbUIPgHLBY0n5enmXhAKA=s240-c-k-c0x00ffffff-no-rj,https://yt3.ggpht.com/lY5opk8UFslyNRpQmxL2whl6urjsauzF4P_hB28EvQE8j3iBS3YAMLbUIPgHLBY0n5enmXhAKA=s800-c-k-c0x00ffffff-no-rj,XKiyqeXIIF0,https://www.youtube.com/watch?v=XKiyqeXIIF0,The fate of our future hinges on how we treat our forests,"Science is clear: Indigenous Peoples, Afro-descendants, and local communities serve as the most effective guardians of these vital ecosystems.",2024-01-19T11:14:25Z,en,en,UC486iX5Pijix88cRP6KIcng,Tenure Facility,24,Entertainment,[],none,https://i.ytimg.com/vi/XKiyqeXIIF0/default.jpg,https://i.ytimg.com/vi/XKiyqeXIIF0/mqdefault.jpg,https://i.ytimg.com/vi/XKiyqeXIIF0/hqdefault.jpg,https://i.ytimg.com/vi/XKiyqeXIIF0/sddefault.jpg,https://i.ytimg.com/vi/XKiyqeXIIF0/maxresdefault.jpg,PT36S,2d,hd,false,False,rectangular,{},{},processed,public,youtube,True,True,True,,12,0,0,0,[],[],,,,,,,{},"{""en"": {""title"": ""The fate of our future hinges on how we treat our forests"", ""description"": ""Science is clear: Indigenous Peoples, Afro-descendants, and local communities serve as the most effective guardians of these vital ecosystems.""}}",VVU0ODZpWDVQaWppeDg4Y1JQNktJY25nLlhLaXlxZVhJSUYw,16,2024-01-19T11:14:25Z,public
UC486iX5Pijix88cRP6KIcng,Tenure Facility,"More than 2.5 billion Indigenous Peoples and local communities live in almost half of the world’s land area, yet they legally own less than 10% of their territories. These richly biodiverse ancestral lands are vital to our global climate, fresh water and food security. When land rights aren’t legally recognised, it puts lives and ecosystems at risk. Reducing land conflict, advancing human rights, promoting development and contributing to sustainable climate solutions can all start with strengthening community tenure rights. The Tenure Facility works alongside Indigenous Peoples and local communities, offering dedicated financial and technical support for innovative approaches to implementing collective tenure rights, whilst sharing the knowledge, innovations and tools that emerge across a global network.",@thetenurefacility,2018-01-23T19:26:57Z,SE,12536,176,False,148,,,EhioEX10DNo,,,,"[""https://en.wikipedia.org/wiki/Society"", ""https://en.wikipedia.org/wiki/Knowledge""]",https://yt3.ggpht.com/lY5opk8UFslyNRpQmxL2whl6urjsauzF4P_hB28EvQE8j3iBS3YAMLbUIPgHLBY0n5enmXhAKA=s88-c-k-c0x00ffffff-no-rj,https://yt3.ggpht.com/lY5opk8UFslyNRpQmxL2whl6urjsauzF4P_hB28EvQE8j3iBS3YAMLbUIPgHLBY0n5enmXhAKA=s240-c-k-c0x00ffffff-no-rj,https://yt3.ggpht.com/lY5opk8UFslyNRpQmxL2whl6urjsauzF4P_hB28EvQE8j3iBS3YAMLbUIPgHLBY0n5enmXhAKA=s800-c-k-c0x00ffffff-no-rj,ZuCr_z8JCBk,https://www.youtube.com/watch?v=ZuCr_z8JCBk,"Our Executive Director, Nonette Royo, at the Health in Harmony #cop28 panel","🗣️ “There is hope. And it’s not because of us, it’s because they (Indigenous Peoples) are manifesting and showing it’s their capacity that has improved so much they can handle a million dollars a year for the next three years.”",2023-12-05T17:03:32Z,en,en,UC486iX5Pijix88cRP6KIcng,Tenure Facility,24,Entertainment,[],none,https://i.ytimg.com/vi/ZuCr_z8JCBk/default.jpg,https://i.ytimg.com/vi/ZuCr_z8JCBk/mqdefault.jpg,https://i.ytimg.com/vi/ZuCr_z8JCBk/hqdefault.jpg,https://i.ytimg.com/vi/ZuCr_z8JCBk/sddefault.jpg,https://i.ytimg.com/vi/ZuCr_z8JCBk/maxresdefault.jpg,PT44S,2d,hd,false,False,rectangular,{},{},processed,public,youtube,True,True,True,,28,0,0,0,"[""https://en.wikipedia.org/wiki/Health"", ""https://en.wikipedia.org/wiki/Society""]",[],,,,,,,{},"{""en"": {""title"": ""Our Executive Director, Nonette Royo, at the Health in Harmony #cop28 panel"", ""description"": ""🗣️ “There is hope. And it’s not because of us, it’s because they (Indigenous Peoples) are manifesting and showing it’s their capacity that has improved so much they can handle a million dollars a year for the next three years.”""}}",VVU0ODZpWDVQaWppeDg4Y1JQNktJY25nLlp1Q3JfejhKQ0Jr,17,2023-12-05T17:03:32Z,public
UC486iX5Pijix88cRP6KIcng,Tenure Facility,"More than 2.5 billion Indigenous Peoples and local communities live in almost half of the world’s land area, yet they legally own less than 10% of their territories. These richly biodiverse ancestral lands are vital to our global climate, fresh water and food security. When land rights aren’t legally recognised, it puts lives and ecosystems at risk. Reducing land conflict, advancing human rights, promoting development and contributing to sustainable climate solutions can all start with strengthening community tenure rights. The Tenure Facility works alongside Indigenous Peoples and local communities, offering dedicated financial and technical support for innovative approaches to implementing collective tenure rights, whilst sharing the knowledge, innovations and tools that emerge across a global network.",@thetenurefacility,2018-01-23T19:26:57Z,SE,12536,176,False,148,,,EhioEX10DNo,,,,"[""https://en.wikipedia.org/wiki/Society"", ""https://en.wikipedia.org/wiki/Knowledge""]",https://yt3.ggpht.com/lY5opk8UFslyNRpQmxL2whl6urjsauzF4P_hB28EvQE8j3iBS3YAMLbUIPgHLBY0n5enmXhAKA=s88-c-k-c0x00ffffff-no-rj,https://yt3.ggpht.com/lY5opk8UFslyNRpQmxL2whl6urjsauzF4P_hB28EvQE8j3iBS3YAMLbUIPgHLBY0n5enmXhAKA=s240-c-k-c0x00ffffff-no-rj,https://yt3.ggpht.com/lY5opk8UFslyNRpQmxL2whl6urjsauzF4P_hB28EvQE8j3iBS3YAMLbUIPgHLBY0n5enmXhAKA=s800-c-k-c0x00ffffff-no-rj,rSNx77gf5nk,https://www.youtube.com/watch?v=rSNx77gf5nk,Have you ever tried explaining your missions to kids? #cop28,"Our Executive Director, Nonette Royo, had a very important job to do on December 5th at the Who Cares Chronicles' panel along with Arizona Muse and Sean Sherman ⤵️💚

Explaning tenure and land rights to our future generations of climate influencers. 🌎

#COP28",2023-12-05T16:58:52Z,en,en,UC486iX5Pijix88cRP6KIcng,Tenure Facility,24,Entertainment,[],none,https://i.ytimg.com/vi/rSNx77gf5nk/default.jpg,https://i.ytimg.com/vi/rSNx77gf5nk/mqdefault.jpg,https://i.ytimg.com/vi/rSNx77gf5nk/hqdefault.jpg,https://i.ytimg.com/vi/rSNx77gf5nk/sddefault.jpg,https://i.ytimg.com/vi/rSNx77gf5nk/maxresdefault.jpg,PT1M5S,2d,hd,false,False,rectangular,{},{},processed,public,youtube,True,True,True,,8,0,0,0,"[""https://en.wikipedia.org/wiki/Society""]",[],,,,,,,{},"{""en"": {""title"": ""Have you ever tried explaining your missions to kids? #cop28"", ""description"": ""Our Executive Director, Nonette Royo, had a very important job to do on December 5th at the Who Cares Chronicles' panel along with Arizona Muse and Sean Sherman ⤵️💚\n\nExplaning tenure and land rights to our future generations of climate influencers. 🌎\n\n#COP28""}}",VVU0ODZpWDVQaWppeDg4Y1JQNktJY25nLnJTTng3N2dmNW5r,18,2023-12-05T16:58:52Z,public
UC486iX5Pijix88cRP6KIcng,Tenure Facility,"More than 2.5 billion Indigenous Peoples and local communities live in almost half of the world’s land area, yet they legally own less than 10% of their territories. These richly biodiverse ancestral lands are vital to our global climate, fresh water and food security. When land rights aren’t legally recognised, it puts lives and ecosystems at risk. Reducing land conflict, advancing human rights, promoting development and contributing to sustainable climate solutions can all start with strengthening community tenure rights. The Tenure Facility works alongside Indigenous Peoples and local communities, offering dedicated financial and technical support for innovative approaches to implementing collective tenure rights, whilst sharing the knowledge, innovations and tools that emerge across a global network.",@thetenurefacility,2018-01-23T19:26:57Z,SE,12536,176,False,148,,,EhioEX10DNo,,,,"[""https://en.wikipedia.org/wiki/Society"", ""https://en.wikipedia.org/wiki/Knowledge""]",https://yt3.ggpht.com/lY5opk8UFslyNRpQmxL2whl6urjsauzF4P_hB28EvQE8j3iBS3YAMLbUIPgHLBY0n5enmXhAKA=s88-c-k-c0x00ffffff-no-rj,https://yt3.ggpht.com/lY5opk8UFslyNRpQmxL2whl6urjsauzF4P_hB28EvQE8j3iBS3YAMLbUIPgHLBY0n5enmXhAKA=s240-c-k-c0x00ffffff-no-rj,https://yt3.ggpht.com/lY5opk8UFslyNRpQmxL2whl6urjsauzF4P_hB28EvQE8j3iBS3YAMLbUIPgHLBY0n5enmXhAKA=s800-c-k-c0x00ffffff-no-rj,jXIrTdHO5bg,https://www.youtube.com/watch?v=jXIrTdHO5bg,Climate Funding and COP28 : Turning Pledges into Action,"The UN’s past two global climate summits have been big on promises for Indigenous Peoples. At COP26 in 2021 governments and private philanthropies pledged nearly $2 billion for Indigenous Peoples and local communities to fight deforestation. Last year’s COP27 led to the creation of a new “loss and damage” fund to help vulnerable communities respond to climate disasters. Leaders are now again preparing for a round of climate talks at COP28, which start later this month in Dubai, this time vowing to enhance the participation and visibility of Indigenous Peoples during the negotiations.  

But why has the follow through been so tough? Promises to support and fund Indigenous Peoples are falling short so what is standing in the way of progress and who (or what) is needed to kickstart investments? And how could newly established Indigenous-led funds lead the way forward? 

This webinar will gather experts and on-the-ground activists to examine how commitments from past COPs to Indigenous Peoples and local communities have not filtered down to where they matter most as well as how this year’s summit can fix climate financing by making it more inclusive and responsive to these communities and their own funding mechanisms. The session will also highlight the importance of robust data in monitoring and tracking climate funds set aside for Indigenous Peoples and local communities.

Indigenous Peoples have an outsized role in addressing climate change, and have unique perspectives and needs that should be considered in the lead-up to COP28. However, many communities wouldn’t be able to carry out concrete solutions unless delegates at COP28 ensure that the financial pledges and commitments are honoured.",2023-12-01T20:00:46Z,en,en,UC486iX5Pijix88cRP6KIcng,Tenure Facility,24,Entertainment,[],none,https://i.ytimg.com/vi/jXIrTdHO5bg/default.jpg,https://i.ytimg.com/vi/jXIrTdHO5bg/mqdefault.jpg,https://i.ytimg.com/vi/jXIrTdHO5bg/hqdefault.jpg,https://i.ytimg.com/vi/jXIrTdHO5bg/sddefault.jpg,https://i.ytimg.com/vi/jXIrTdHO5bg/maxresdefault.jpg,PT1H1M20S,2d,hd,false,False,rectangular,{},{},processed,public,youtube,True,True,True,,25,0,0,0,"[""https://en.wikipedia.org/wiki/Society""]",[],,,,,,,{},"{""en"": {""title"": ""Climate Funding and COP28 : Turning Pledges into Action"", ""description"": ""The UN’s past two global climate summits have been big on promises for Indigenous Peoples. At COP26 in 2021 governments and private philanthropies pledged nearly $2 billion for Indigenous Peoples and local communities to fight deforestation. Last year’s COP27 led to the creation of a new “loss and damage” fund to help vulnerable communities respond to climate disasters. Leaders are now again preparing for a round of climate talks at COP28, which start later this month in Dubai, this time vowing to enhance the participation and visibility of Indigenous Peoples during the negotiations.  \n\nBut why has the follow through been so tough? Promises to support and fund Indigenous Peoples are falling short so what is standing in the way of progress and who (or what) is needed to kickstart investments? And how could newly established Indigenous-led funds lead the way forward? \n\nThis webinar will gather experts and on-the-ground activists to examine how commitments from past COPs to Indigenous Peoples and local communities have not filtered down to where they matter most as well as how this year’s summit can fix climate financing by making it more inclusive and responsive to these communities and their own funding mechanisms. The session will also highlight the importance of robust data in monitoring and tracking climate funds set aside for Indigenous Peoples and local communities.\n\nIndigenous Peoples have an outsized role in addressing climate change, and have unique perspectives and needs that should be considered in the lead-up to COP28. However, many communities wouldn’t be able to carry out concrete solutions unless delegates at COP28 ensure that the financial pledges and commitments are honoured.""}}",VVU0ODZpWDVQaWppeDg4Y1JQNktJY25nLmpYSXJUZEhPNWJn,19,2023-12-01T20:00:46Z,public
UC486iX5Pijix88cRP6KIcng,Tenure Facility,"More than 2.5 billion Indigenous Peoples and local communities live in almost half of the world’s land area, yet they legally own less than 10% of their territories. These richly biodiverse ancestral lands are vital to our global climate, fresh water and food security. When land rights aren’t legally recognised, it puts lives and ecosystems at risk. Reducing land conflict, advancing human rights, promoting development and contributing to sustainable climate solutions can all start with strengthening community tenure rights. The Tenure Facility works alongside Indigenous Peoples and local communities, offering dedicated financial and technical support for innovative approaches to implementing collective tenure rights, whilst sharing the knowledge, innovations and tools that emerge across a global network.",@thetenurefacility,2018-01-23T19:26:57Z,SE,12536,176,False,148,,,EhioEX10DNo,,,,"[""https://en.wikipedia.org/wiki/Society"", ""https://en.wikipedia.org/wiki/Knowledge""]",https://yt3.ggpht.com/lY5opk8UFslyNRpQmxL2whl6urjsauzF4P_hB28EvQE8j3iBS3YAMLbUIPgHLBY0n5enmXhAKA=s88-c-k-c0x00ffffff-no-rj,https://yt3.ggpht.com/lY5opk8UFslyNRpQmxL2whl6urjsauzF4P_hB28EvQE8j3iBS3YAMLbUIPgHLBY0n5enmXhAKA=s240-c-k-c0x00ffffff-no-rj,https://yt3.ggpht.com/lY5opk8UFslyNRpQmxL2whl6urjsauzF4P_hB28EvQE8j3iBS3YAMLbUIPgHLBY0n5enmXhAKA=s800-c-k-c0x00ffffff-no-rj,TkEDAjnNaus,https://www.youtube.com/watch?v=TkEDAjnNaus,Victoria Tauli-Corpuz & Juan Carlos Jintiach mentioned as worthy of the Nobel Peace Prize 2023,,2023-10-30T14:54:56Z,en,en,UC486iX5Pijix88cRP6KIcng,Tenure Facility,24,Entertainment,[],none,https://i.ytimg.com/vi/TkEDAjnNaus/default.jpg,https://i.ytimg.com/vi/TkEDAjnNaus/mqdefault.jpg,https://i.ytimg.com/vi/TkEDAjnNaus/hqdefault.jpg,https://i.ytimg.com/vi/TkEDAjnNaus/sddefault.jpg,https://i.ytimg.com/vi/TkEDAjnNaus/maxresdefault.jpg,PT1M,2d,hd,false,False,rectangular,{},{},processed,public,youtube,True,True,True,,30,0,0,0,"[""https://en.wikipedia.org/wiki/Lifestyle_(sociology)""]",[],,,,,,,{},"{""en"": {""title"": ""Victoria Tauli-Corpuz & Juan Carlos Jintiach mentioned as worthy of the Nobel Peace Prize 2023"", ""description"": """"}}",VVU0ODZpWDVQaWppeDg4Y1JQNktJY25nLlRrRURBam5OYXVz,20,2023-10-30T14:54:56Z,public
UC486iX5Pijix88cRP6KIcng,Tenure Facility,"More than 2.5 billion Indigenous Peoples and local communities live in almost half of the world’s land area, yet they legally own less than 10% of their territories. These richly biodiverse ancestral lands are vital to our global climate, fresh water and food security. When land rights aren’t legally recognised, it puts lives and ecosystems at risk. Reducing land conflict, advancing human rights, promoting development and contributing to sustainable climate solutions can all start with strengthening community tenure rights. The Tenure Facility works alongside Indigenous Peoples and local communities, offering dedicated financial and technical support for innovative approaches to implementing collective tenure rights, whilst sharing the knowledge, innovations and tools that emerge across a global network.",@thetenurefacility,2018-01-23T19:26:57Z,SE,12536,176,False,148,,,EhioEX10DNo,,,,"[""https://en.wikipedia.org/wiki/Society"", ""https://en.wikipedia.org/wiki/Knowledge""]",https://yt3.ggpht.com/lY5opk8UFslyNRpQmxL2whl6urjsauzF4P_hB28EvQE8j3iBS3YAMLbUIPgHLBY0n5enmXhAKA=s88-c-k-c0x00ffffff-no-rj,https://yt3.ggpht.com/lY5opk8UFslyNRpQmxL2whl6urjsauzF4P_hB28EvQE8j3iBS3YAMLbUIPgHLBY0n5enmXhAKA=s240-c-k-c0x00ffffff-no-rj,https://yt3.ggpht.com/lY5opk8UFslyNRpQmxL2whl6urjsauzF4P_hB28EvQE8j3iBS3YAMLbUIPgHLBY0n5enmXhAKA=s800-c-k-c0x00ffffff-no-rj,7K12aIVpTOM,https://www.youtube.com/watch?v=7K12aIVpTOM,Kynan Tegar: International Day of the World's Indigenous Peoples,"Celebrating the future on 2023's International Day of the World's Indigenous Peoples.

Kynan Tegar is an 18-year-old photographer and filmmaker from the Dayak Iban tribe off the island of Borneo, Indonesia. Living in and around the traditional longhouse of his village, he describes the wisdom and values he has learned from his elders as well as their stories of resistance in the face of encroaching deforestation, and the threats to their way of life.",2023-08-09T03:00:07Z,en,en,UC486iX5Pijix88cRP6KIcng,Tenure Facility,24,Entertainment,[],none,https://i.ytimg.com/vi/7K12aIVpTOM/default.jpg,https://i.ytimg.com/vi/7K12aIVpTOM/mqdefault.jpg,https://i.ytimg.com/vi/7K12aIVpTOM/hqdefault.jpg,https://i.ytimg.com/vi/7K12aIVpTOM/sddefault.jpg,https://i.ytimg.com/vi/7K12aIVpTOM/maxresdefault.jpg,PT1M31S,2d,hd,false,False,rectangular,{},{},processed,public,youtube,True,True,False,,1206,31,0,0,"[""https://en.wikipedia.org/wiki/Film""]",[],,,,,,,{},"{""en"": {""title"": ""Kynan Tegar: International Day of the World's Indigenous Peoples"", ""description"": ""Celebrating the future on 2023's International Day of the World's Indigenous Peoples.\n\nKynan Tegar is an 18-year-old photographer and filmmaker from the Dayak Iban tribe off the island of Borneo, Indonesia. Living in and around the traditional longhouse of his village, he describes the wisdom and values he has learned from his elders as well as their stories of resistance in the face of encroaching deforestation, and the threats to their way of life.""}}",VVU0ODZpWDVQaWppeDg4Y1JQNktJY25nLjdLMTJhSVZwVE9N,21,2023-08-09T03:00:07Z,public
UC486iX5Pijix88cRP6KIcng,Tenure Facility,"More than 2.5 billion Indigenous Peoples and local communities live in almost half of the world’s land area, yet they legally own less than 10% of their territories. These richly biodiverse ancestral lands are vital to our global climate, fresh water and food security. When land rights aren’t legally recognised, it puts lives and ecosystems at risk. Reducing land conflict, advancing human rights, promoting development and contributing to sustainable climate solutions can all start with strengthening community tenure rights. The Tenure Facility works alongside Indigenous Peoples and local communities, offering dedicated financial and technical support for innovative approaches to implementing collective tenure rights, whilst sharing the knowledge, innovations and tools that emerge across a global network.",@thetenurefacility,2018-01-23T19:26:57Z,SE,12536,176,False,148,,,EhioEX10DNo,,,,"[""https://en.wikipedia.org/wiki/Society"", ""https://en.wikipedia.org/wiki/Knowledge""]",https://yt3.ggpht.com/lY5opk8UFslyNRpQmxL2whl6urjsauzF4P_hB28EvQE8j3iBS3YAMLbUIPgHLBY0n5enmXhAKA=s88-c-k-c0x00ffffff-no-rj,https://yt3.ggpht.com/lY5opk8UFslyNRpQmxL2whl6urjsauzF4P_hB28EvQE8j3iBS3YAMLbUIPgHLBY0n5enmXhAKA=s240-c-k-c0x00ffffff-no-rj,https://yt3.ggpht.com/lY5opk8UFslyNRpQmxL2whl6urjsauzF4P_hB28EvQE8j3iBS3YAMLbUIPgHLBY0n5enmXhAKA=s800-c-k-c0x00ffffff-no-rj,DBR_xzrivTI,https://www.youtube.com/watch?v=DBR_xzrivTI,Eli Virkina: International Day of the World's Indigenous Peoples,"Celebrating the future on 2023's International Day of the World's Indigenous Peoples.

Eli Virkina is a member of the Santu Urku Kichwa community on the Napo River in the Ecuadorian Amazon. As a Kichwa artist, environmental scientist, and storyteller, she is inspired by the land and people who shaped her but worries about its protection for the next generation.",2023-08-09T03:00:06Z,en,en,UC486iX5Pijix88cRP6KIcng,Tenure Facility,24,Entertainment,[],none,https://i.ytimg.com/vi/DBR_xzrivTI/default.jpg,https://i.ytimg.com/vi/DBR_xzrivTI/mqdefault.jpg,https://i.ytimg.com/vi/DBR_xzrivTI/hqdefault.jpg,https://i.ytimg.com/vi/DBR_xzrivTI/sddefault.jpg,https://i.ytimg.com/vi/DBR_xzrivTI/maxresdefault.jpg,PT1M58S,2d,hd,false,False,rectangular,{},{},processed,public,youtube,True,True,False,,412,5,0,0,"[""https://en.wikipedia.org/wiki/Society""]",[],,,,,,,{},"{""en"": {""title"": ""Eli Virkina: International Day of the World's Indigenous Peoples"", ""description"": ""Celebrating the future on 2023's International Day of the World's Indigenous Peoples.\n\nEli Virkina is a member of the Santu Urku Kichwa community on the Napo River in the Ecuadorian Amazon. As a Kichwa artist, environmental scientist, and storyteller, she is inspired by the land and people who shaped her but worries about its protection for the next generation.""}}",VVU0ODZpWDVQaWppeDg4Y1JQNktJY25nLkRCUl94enJpdlRJ,22,2023-08-09T03:00:06Z,public
UC486iX5Pijix88cRP6KIcng,Tenure Facility,"More than 2.5 billion Indigenous Peoples and local communities live in almost half of the world’s land area, yet they legally own less than 10% of their territories. These richly biodiverse ancestral lands are vital to our global climate, fresh water and food security. When land rights aren’t legally recognised, it puts lives and ecosystems at risk. Reducing land conflict, advancing human rights, promoting development and contributing to sustainable climate solutions can all start with strengthening community tenure rights. The Tenure Facility works alongside Indigenous Peoples and local communities, offering dedicated financial and technical support for innovative approaches to implementing collective tenure rights, whilst sharing the knowledge, innovations and tools that emerge across a global network.",@thetenurefacility,2018-01-23T19:26:57Z,SE,12536,176,False,148,,,EhioEX10DNo,,,,"[""https://en.wikipedia.org/wiki/Society"", ""https://en.wikipedia.org/wiki/Knowledge""]",https://yt3.ggpht.com/lY5opk8UFslyNRpQmxL2whl6urjsauzF4P_hB28EvQE8j3iBS3YAMLbUIPgHLBY0n5enmXhAKA=s88-c-k-c0x00ffffff-no-rj,https://yt3.ggpht.com/lY5opk8UFslyNRpQmxL2whl6urjsauzF4P_hB28EvQE8j3iBS3YAMLbUIPgHLBY0n5enmXhAKA=s240-c-k-c0x00ffffff-no-rj,https://yt3.ggpht.com/lY5opk8UFslyNRpQmxL2whl6urjsauzF4P_hB28EvQE8j3iBS3YAMLbUIPgHLBY0n5enmXhAKA=s800-c-k-c0x00ffffff-no-rj,cjV3DtC8Au8,https://www.youtube.com/watch?v=cjV3DtC8Au8,Asia Learning Exchange 2023,"The Asia Regional Learning Exchange was one of three regional learning exchanges planned for 2023-2024, as an important part of our commitment to create opportunities for partners to meet, share and learn from each other.

Sharing knowledge helps others learn, fosters collaboration and reinforces our own understanding. That’s exactly what partners of the Tenure Facility, International Land Coalition, the Samdhana Institute and the Indonesian Coalition for Tenure Justice did in June at our first regional learning exchange of 2023. 

The five-day event united more than 120 participants from nine countries across Asia in Bali, Indonesia, to exchange ideas and personal experiences from Indigenous Peoples and local communities. 

Film by Jayson Taylor (ILC), Aristyawan Cahyo Adi and Kalam Aryo (Rekam Nusantara)",2023-07-04T14:20:02Z,en,en,UC486iX5Pijix88cRP6KIcng,Tenure Facility,24,Entertainment,[],none,https://i.ytimg.com/vi/cjV3DtC8Au8/default.jpg,https://i.ytimg.com/vi/cjV3DtC8Au8/mqdefault.jpg,https://i.ytimg.com/vi/cjV3DtC8Au8/hqdefault.jpg,https://i.ytimg.com/vi/cjV3DtC8Au8/sddefault.jpg,https://i.ytimg.com/vi/cjV3DtC8Au8/maxresdefault.jpg,PT7M24S,2d,hd,false,False,rectangular,{},{},processed,public,youtube,True,True,False,,63,3,0,1,"[""https://en.wikipedia.org/wiki/Knowledge""]",[],,,,,,,{},"{""en"": {""title"": ""Asia Learning Exchange 2023"", ""description"": ""The Asia Regional Learning Exchange was one of three regional learning exchanges planned for 2023-2024, as an important part of our commitment to create opportunities for partners to meet, share and learn from each other.\n\nSharing knowledge helps others learn, fosters collaboration and reinforces our own understanding. That’s exactly what partners of the Tenure Facility, International Land Coalition, the Samdhana Institute and the Indonesian Coalition for Tenure Justice did in June at our first regional learning exchange of 2023. \n\nThe five-day event united more than 120 participants from nine countries across Asia in Bali, Indonesia, to exchange ideas and personal experiences from Indigenous Peoples and local communities. \n\nFilm by Jayson Taylor (ILC), Aristyawan Cahyo Adi and Kalam Aryo (Rekam Nusantara)""}}",VVU0ODZpWDVQaWppeDg4Y1JQNktJY25nLmNqVjNEdEM4QXU4,23,2023-07-04T14:20:02Z,public
UC486iX5Pijix88cRP6KIcng,Tenure Facility,"More than 2.5 billion Indigenous Peoples and local communities live in almost half of the world’s land area, yet they legally own less than 10% of their territories. These richly biodiverse ancestral lands are vital to our global climate, fresh water and food security. When land rights aren’t legally recognised, it puts lives and ecosystems at risk. Reducing land conflict, advancing human rights, promoting development and contributing to sustainable climate solutions can all start with strengthening community tenure rights. The Tenure Facility works alongside Indigenous Peoples and local communities, offering dedicated financial and technical support for innovative approaches to implementing collective tenure rights, whilst sharing the knowledge, innovations and tools that emerge across a global network.",@thetenurefacility,2018-01-23T19:26:57Z,SE,12536,176,False,148,,,EhioEX10DNo,,,,"[""https://en.wikipedia.org/wiki/Society"", ""https://en.wikipedia.org/wiki/Knowledge""]",https://yt3.ggpht.com/lY5opk8UFslyNRpQmxL2whl6urjsauzF4P_hB28EvQE8j3iBS3YAMLbUIPgHLBY0n5enmXhAKA=s88-c-k-c0x00ffffff-no-rj,https://yt3.ggpht.com/lY5opk8UFslyNRpQmxL2whl6urjsauzF4P_hB28EvQE8j3iBS3YAMLbUIPgHLBY0n5enmXhAKA=s240-c-k-c0x00ffffff-no-rj,https://yt3.ggpht.com/lY5opk8UFslyNRpQmxL2whl6urjsauzF4P_hB28EvQE8j3iBS3YAMLbUIPgHLBY0n5enmXhAKA=s800-c-k-c0x00ffffff-no-rj,FR2IlOG2Zz8,https://www.youtube.com/watch?v=FR2IlOG2Zz8,Indigenous Land Rights and the Biodiversity COP15: Six Months On,"Turn your videos into live streams with Restream https://restre.am/ANIm

This webinar will hone in on whether the recent biodiversity COP15 outcomes have adequately recognized Indigenous Peoples' land rights and how Indigenous knowledge and data can be elevated, heard and used for improved biodiversity conservation.",2023-05-26T02:20:16Z,en,en,UC486iX5Pijix88cRP6KIcng,Tenure Facility,24,Entertainment,[],none,https://i.ytimg.com/vi/FR2IlOG2Zz8/default.jpg,https://i.ytimg.com/vi/FR2IlOG2Zz8/mqdefault.jpg,https://i.ytimg.com/vi/FR2IlOG2Zz8/hqdefault.jpg,https://i.ytimg.com/vi/FR2IlOG2Zz8/sddefault.jpg,https://i.ytimg.com/vi/FR2IlOG2Zz8/maxresdefault.jpg,PT1H4M5S,2d,hd,false,False,rectangular,{},{},processed,public,youtube,True,True,False,,85,1,0,0,"[""https://en.wikipedia.org/wiki/Society""]",[],2023-05-25T13:00:00Z,2023-05-25T13:00:45Z,2023-05-25T14:04:56Z,,,,{},"{""en"": {""title"": ""Indigenous Land Rights and the Biodiversity COP15: Six Months On"", ""description"": ""Turn your videos into live streams with Restream https://restre.am/ANIm\n\nThis webinar will hone in on whether the recent biodiversity COP15 outcomes have adequately recognized Indigenous Peoples' land rights and how Indigenous knowledge and data can be elevated, heard and used for improved biodiversity conservation.""}}",VVU0ODZpWDVQaWppeDg4Y1JQNktJY25nLkZSMklsT0cyWno4,24,2023-05-26T02:20:16Z,public
UC486iX5Pijix88cRP6KIcng,Tenure Facility,"More than 2.5 billion Indigenous Peoples and local communities live in almost half of the world’s land area, yet they legally own less than 10% of their territories. These richly biodiverse ancestral lands are vital to our global climate, fresh water and food security. When land rights aren’t legally recognised, it puts lives and ecosystems at risk. Reducing land conflict, advancing human rights, promoting development and contributing to sustainable climate solutions can all start with strengthening community tenure rights. The Tenure Facility works alongside Indigenous Peoples and local communities, offering dedicated financial and technical support for innovative approaches to implementing collective tenure rights, whilst sharing the knowledge, innovations and tools that emerge across a global network.",@thetenurefacility,2018-01-23T19:26:57Z,SE,12536,176,False,148,,,EhioEX10DNo,,,,"[""https://en.wikipedia.org/wiki/Society"", ""https://en.wikipedia.org/wiki/Knowledge""]",https://yt3.ggpht.com/lY5opk8UFslyNRpQmxL2whl6urjsauzF4P_hB28EvQE8j3iBS3YAMLbUIPgHLBY0n5enmXhAKA=s88-c-k-c0x00ffffff-no-rj,https://yt3.ggpht.com/lY5opk8UFslyNRpQmxL2whl6urjsauzF4P_hB28EvQE8j3iBS3YAMLbUIPgHLBY0n5enmXhAKA=s240-c-k-c0x00ffffff-no-rj,https://yt3.ggpht.com/lY5opk8UFslyNRpQmxL2whl6urjsauzF4P_hB28EvQE8j3iBS3YAMLbUIPgHLBY0n5enmXhAKA=s800-c-k-c0x00ffffff-no-rj,pjgxM2m1BBU,https://www.youtube.com/watch?v=pjgxM2m1BBU,Every year the world loses enough trees that could fill a space the size of Portugal...,"Follow us:
IG: https://www.instagram.com/thetenurefacility/
FB: https://www.facebook.com/TheTenureFacility/
LI: https://www.linkedin.com/company/thetenurefacility/
TW: https://twitter.com/TenureFacility",2023-05-04T08:21:11Z,en,en,UC486iX5Pijix88cRP6KIcng,Tenure Facility,24,Entertainment,[],none,https://i.ytimg.com/vi/pjgxM2m1BBU/default.jpg,https://i.ytimg.com/vi/pjgxM2m1BBU/mqdefault.jpg,https://i.ytimg.com/vi/pjgxM2m1BBU/hqdefault.jpg,https://i.ytimg.com/vi/pjgxM2m1BBU/sddefault.jpg,https://i.ytimg.com/vi/pjgxM2m1BBU/maxresdefault.jpg,PT54S,2d,hd,false,False,rectangular,{},{},processed,public,youtube,True,True,True,,25,2,0,0,"[""https://en.wikipedia.org/wiki/Lifestyle_(sociology)""]",[],,,,,,,{},"{""en"": {""title"": ""Every year the world loses enough trees that could fill a space the size of Portugal..."", ""description"": ""Follow us:\nIG: https://www.instagram.com/thetenurefacility/\nFB: https://www.facebook.com/TheTenureFacility/\nLI: https://www.linkedin.com/company/thetenurefacility/\nTW: https://twitter.com/TenureFacility""}}",VVU0ODZpWDVQaWppeDg4Y1JQNktJY25nLnBqZ3hNMm0xQkJV,25,2023-05-04T08:21:11Z,public
UC486iX5Pijix88cRP6KIcng,Tenure Facility,"More than 2.5 billion Indigenous Peoples and local communities live in almost half of the world’s land area, yet they legally own less than 10% of their territories. These richly biodiverse ancestral lands are vital to our global climate, fresh water and food security. When land rights aren’t legally recognised, it puts lives and ecosystems at risk. Reducing land conflict, advancing human rights, promoting development and contributing to sustainable climate solutions can all start with strengthening community tenure rights. The Tenure Facility works alongside Indigenous Peoples and local communities, offering dedicated financial and technical support for innovative approaches to implementing collective tenure rights, whilst sharing the knowledge, innovations and tools that emerge across a global network.",@thetenurefacility,2018-01-23T19:26:57Z,SE,12536,176,False,148,,,EhioEX10DNo,,,,"[""https://en.wikipedia.org/wiki/Society"", ""https://en.wikipedia.org/wiki/Knowledge""]",https://yt3.ggpht.com/lY5opk8UFslyNRpQmxL2whl6urjsauzF4P_hB28EvQE8j3iBS3YAMLbUIPgHLBY0n5enmXhAKA=s88-c-k-c0x00ffffff-no-rj,https://yt3.ggpht.com/lY5opk8UFslyNRpQmxL2whl6urjsauzF4P_hB28EvQE8j3iBS3YAMLbUIPgHLBY0n5enmXhAKA=s240-c-k-c0x00ffffff-no-rj,https://yt3.ggpht.com/lY5opk8UFslyNRpQmxL2whl6urjsauzF4P_hB28EvQE8j3iBS3YAMLbUIPgHLBY0n5enmXhAKA=s800-c-k-c0x00ffffff-no-rj,4UoCJWTrIQ4,https://www.youtube.com/watch?v=4UoCJWTrIQ4,"""If you invest in Indigenous Peoples, you're also investing in yourself"" - Rukka Sombolinggi","Thank you Rukka Sombolinggi, Secretary General of AMAN, for your inspiring interview with us!

Follow us:
IG: https://www.instagram.com/thetenurefacility/
FB: https://www.facebook.com/TheTenureFacility/
LI: https://www.linkedin.com/company/thetenurefacility/
TW: https://twitter.com/TenureFacility",2023-04-21T08:53:06Z,en,en,UC486iX5Pijix88cRP6KIcng,Tenure Facility,24,Entertainment,[],none,https://i.ytimg.com/vi/4UoCJWTrIQ4/default.jpg,https://i.ytimg.com/vi/4UoCJWTrIQ4/mqdefault.jpg,https://i.ytimg.com/vi/4UoCJWTrIQ4/hqdefault.jpg,https://i.ytimg.com/vi/4UoCJWTrIQ4/sddefault.jpg,https://i.ytimg.com/vi/4UoCJWTrIQ4/maxresdefault.jpg,PT1M,2d,hd,false,False,rectangular,{},{},processed,public,youtube,True,True,True,,35,2,0,0,"[""https://en.wikipedia.org/wiki/Knowledge""]",[],,,,,,,{},"{""en"": {""title"": ""\""If you invest in Indigenous Peoples, you're also investing in yourself\"" - Rukka Sombolinggi"", ""description"": ""Thank you Rukka Sombolinggi, Secretary General of AMAN, for your inspiring interview with us!\n\nFollow us:\nIG: https://www.instagram.com/thetenurefacility/\nFB: https://www.facebook.com/TheTenureFacility/\nLI: https://www.linkedin.com/company/thetenurefacility/\nTW: https://twitter.com/TenureFacility""}}",VVU0ODZpWDVQaWppeDg4Y1JQNktJY25nLjRVb0NKV1RySVE0,26,2023-04-21T08:53:06Z,public
UC486iX5Pijix88cRP6KIcng,Tenure Facility,"More than 2.5 billion Indigenous Peoples and local communities live in almost half of the world’s land area, yet they legally own less than 10% of their territories. These richly biodiverse ancestral lands are vital to our global climate, fresh water and food security. When land rights aren’t legally recognised, it puts lives and ecosystems at risk. Reducing land conflict, advancing human rights, promoting development and contributing to sustainable climate solutions can all start with strengthening community tenure rights. The Tenure Facility works alongside Indigenous Peoples and local communities, offering dedicated financial and technical support for innovative approaches to implementing collective tenure rights, whilst sharing the knowledge, innovations and tools that emerge across a global network.",@thetenurefacility,2018-01-23T19:26:57Z,SE,12536,176,False,148,,,EhioEX10DNo,,,,"[""https://en.wikipedia.org/wiki/Society"", ""https://en.wikipedia.org/wiki/Knowledge""]",https://yt3.ggpht.com/lY5opk8UFslyNRpQmxL2whl6urjsauzF4P_hB28EvQE8j3iBS3YAMLbUIPgHLBY0n5enmXhAKA=s88-c-k-c0x00ffffff-no-rj,https://yt3.ggpht.com/lY5opk8UFslyNRpQmxL2whl6urjsauzF4P_hB28EvQE8j3iBS3YAMLbUIPgHLBY0n5enmXhAKA=s240-c-k-c0x00ffffff-no-rj,https://yt3.ggpht.com/lY5opk8UFslyNRpQmxL2whl6urjsauzF4P_hB28EvQE8j3iBS3YAMLbUIPgHLBY0n5enmXhAKA=s800-c-k-c0x00ffffff-no-rj,RxoMj8frKDc,https://www.youtube.com/watch?v=RxoMj8frKDc,Taking Data Back: Women’s Sovereignty over Land Data,Join us to hear experts talk about Indigenous women's land data and the gaps that exist.,2023-03-31T02:12:22Z,en,en,UC486iX5Pijix88cRP6KIcng,Tenure Facility,24,Entertainment,[],none,https://i.ytimg.com/vi/RxoMj8frKDc/default.jpg,https://i.ytimg.com/vi/RxoMj8frKDc/mqdefault.jpg,https://i.ytimg.com/vi/RxoMj8frKDc/hqdefault.jpg,https://i.ytimg.com/vi/RxoMj8frKDc/sddefault.jpg,https://i.ytimg.com/vi/RxoMj8frKDc/maxresdefault.jpg,PT1H2M8S,2d,hd,false,False,rectangular,{},{},processed,public,youtube,True,True,True,,49,0,0,0,"[""https://en.wikipedia.org/wiki/Society""]",[],2023-03-30T13:00:00Z,2023-03-30T13:04:03Z,2023-03-30T14:06:08Z,,,,{},"{""en"": {""title"": ""Taking Data Back: Women’s Sovereignty over Land Data"", ""description"": ""Join us to hear experts talk about Indigenous women's land data and the gaps that exist.""}}",VVU0ODZpWDVQaWppeDg4Y1JQNktJY25nLlJ4b01qOGZyS0Rj,27,2023-03-31T02:12:22Z,public
UC486iX5Pijix88cRP6KIcng,Tenure Facility,"More than 2.5 billion Indigenous Peoples and local communities live in almost half of the world’s land area, yet they legally own less than 10% of their territories. These richly biodiverse ancestral lands are vital to our global climate, fresh water and food security. When land rights aren’t legally recognised, it puts lives and ecosystems at risk. Reducing land conflict, advancing human rights, promoting development and contributing to sustainable climate solutions can all start with strengthening community tenure rights. The Tenure Facility works alongside Indigenous Peoples and local communities, offering dedicated financial and technical support for innovative approaches to implementing collective tenure rights, whilst sharing the knowledge, innovations and tools that emerge across a global network.",@thetenurefacility,2018-01-23T19:26:57Z,SE,12536,176,False,148,,,EhioEX10DNo,,,,"[""https://en.wikipedia.org/wiki/Society"", ""https://en.wikipedia.org/wiki/Knowledge""]",https://yt3.ggpht.com/lY5opk8UFslyNRpQmxL2whl6urjsauzF4P_hB28EvQE8j3iBS3YAMLbUIPgHLBY0n5enmXhAKA=s88-c-k-c0x00ffffff-no-rj,https://yt3.ggpht.com/lY5opk8UFslyNRpQmxL2whl6urjsauzF4P_hB28EvQE8j3iBS3YAMLbUIPgHLBY0n5enmXhAKA=s240-c-k-c0x00ffffff-no-rj,https://yt3.ggpht.com/lY5opk8UFslyNRpQmxL2whl6urjsauzF4P_hB28EvQE8j3iBS3YAMLbUIPgHLBY0n5enmXhAKA=s800-c-k-c0x00ffffff-no-rj,gP-OvYICQ08,https://www.youtube.com/watch?v=gP-OvYICQ08,What 2022 looked like for Indigenous Peoples and local communities,"2022 Reflections & Progress on advancing Indigenous Peoples and local communities' land rights

Follow us:
IG: https://www.instagram.com/thetenurefacility/
FB: https://www.facebook.com/TheTenureFacility/
LI: https://www.linkedin.com/company/thetenurefacility/
TW: https://twitter.com/TenureFacility",2023-03-30T13:57:00Z,en,en,UC486iX5Pijix88cRP6KIcng,Tenure Facility,24,Entertainment,[],none,https://i.ytimg.com/vi/gP-OvYICQ08/default.jpg,https://i.ytimg.com/vi/gP-OvYICQ08/mqdefault.jpg,https://i.ytimg.com/vi/gP-OvYICQ08/hqdefault.jpg,https://i.ytimg.com/vi/gP-OvYICQ08/sddefault.jpg,https://i.ytimg.com/vi/gP-OvYICQ08/maxresdefault.jpg,PT5M16S,2d,hd,false,False,rectangular,{},{},processed,public,youtube,True,True,True,,110,2,0,0,"[""https://en.wikipedia.org/wiki/Politics"", ""https://en.wikipedia.org/wiki/Society""]",[],,,,,,,{},"{""en"": {""title"": ""What 2022 looked like for Indigenous Peoples and local communities"", ""description"": ""2022 Reflections & Progress on advancing Indigenous Peoples and local communities' land rights\n\nFollow us:\nIG: https://www.instagram.com/thetenurefacility/\nFB: https://www.facebook.com/TheTenureFacility/\nLI: https://www.linkedin.com/company/thetenurefacility/\nTW: https://twitter.com/TenureFacility""}}",VVU0ODZpWDVQaWppeDg4Y1JQNktJY25nLmdQLU92WUlDUTA4,28,2023-03-30T13:57:00Z,public
UC486iX5Pijix88cRP6KIcng,Tenure Facility,"More than 2.5 billion Indigenous Peoples and local communities live in almost half of the world’s land area, yet they legally own less than 10% of their territories. These richly biodiverse ancestral lands are vital to our global climate, fresh water and food security. When land rights aren’t legally recognised, it puts lives and ecosystems at risk. Reducing land conflict, advancing human rights, promoting development and contributing to sustainable climate solutions can all start with strengthening community tenure rights. The Tenure Facility works alongside Indigenous Peoples and local communities, offering dedicated financial and technical support for innovative approaches to implementing collective tenure rights, whilst sharing the knowledge, innovations and tools that emerge across a global network.",@thetenurefacility,2018-01-23T19:26:57Z,SE,12536,176,False,148,,,EhioEX10DNo,,,,"[""https://en.wikipedia.org/wiki/Society"", ""https://en.wikipedia.org/wiki/Knowledge""]",https://yt3.ggpht.com/lY5opk8UFslyNRpQmxL2whl6urjsauzF4P_hB28EvQE8j3iBS3YAMLbUIPgHLBY0n5enmXhAKA=s88-c-k-c0x00ffffff-no-rj,https://yt3.ggpht.com/lY5opk8UFslyNRpQmxL2whl6urjsauzF4P_hB28EvQE8j3iBS3YAMLbUIPgHLBY0n5enmXhAKA=s240-c-k-c0x00ffffff-no-rj,https://yt3.ggpht.com/lY5opk8UFslyNRpQmxL2whl6urjsauzF4P_hB28EvQE8j3iBS3YAMLbUIPgHLBY0n5enmXhAKA=s800-c-k-c0x00ffffff-no-rj,TaeaZUEIJAo,https://www.youtube.com/watch?v=TaeaZUEIJAo,2022 was a year of both great progress and challenges for indigenous communities,"Just a fraction of the nearly $2 billion pledge made to Indigenous Peoples and local communities has gone directly to them. Even so, 2022 was a year of great progress for indigenous communities.

Global support for indigenous tenure rights gained momentum and scientific evidence  continues to make it very clear that Indigenous Peoples and local communities protect nature and can help curb climate change.

Let's spend this year coming together to work in solidarity with and learn from Indigenous People and local communities",2023-03-30T09:03:11Z,en,en,UC486iX5Pijix88cRP6KIcng,Tenure Facility,24,Entertainment,[],none,https://i.ytimg.com/vi/TaeaZUEIJAo/default.jpg,https://i.ytimg.com/vi/TaeaZUEIJAo/mqdefault.jpg,https://i.ytimg.com/vi/TaeaZUEIJAo/hqdefault.jpg,https://i.ytimg.com/vi/TaeaZUEIJAo/sddefault.jpg,https://i.ytimg.com/vi/TaeaZUEIJAo/maxresdefault.jpg,PT1M21S,2d,hd,false,False,rectangular,{},{},processed,public,youtube,True,True,True,,154,4,0,0,"[""https://en.wikipedia.org/wiki/Politics"", ""https://en.wikipedia.org/wiki/Society""]",[],,,,,,,{},"{""en"": {""title"": ""2022 was a year of both great progress and challenges for indigenous communities"", ""description"": ""Just a fraction of the nearly $2 billion pledge made to Indigenous Peoples and local communities has gone directly to them. Even so, 2022 was a year of great progress for indigenous communities.\n\nGlobal support for indigenous tenure rights gained momentum and scientific evidence  continues to make it very clear that Indigenous Peoples and local communities protect nature and can help curb climate change.\n\nLet's spend this year coming together to work in solidarity with and learn from Indigenous People and local communities""}}",VVU0ODZpWDVQaWppeDg4Y1JQNktJY25nLlRhZWFaVUVJSkFv,29,2023-03-30T09:03:11Z,public
UC486iX5Pijix88cRP6KIcng,Tenure Facility,"More than 2.5 billion Indigenous Peoples and local communities live in almost half of the world’s land area, yet they legally own less than 10% of their territories. These richly biodiverse ancestral lands are vital to our global climate, fresh water and food security. When land rights aren’t legally recognised, it puts lives and ecosystems at risk. Reducing land conflict, advancing human rights, promoting development and contributing to sustainable climate solutions can all start with strengthening community tenure rights. The Tenure Facility works alongside Indigenous Peoples and local communities, offering dedicated financial and technical support for innovative approaches to implementing collective tenure rights, whilst sharing the knowledge, innovations and tools that emerge across a global network.",@thetenurefacility,2018-01-23T19:26:57Z,SE,12536,176,False,148,,,EhioEX10DNo,,,,"[""https://en.wikipedia.org/wiki/Society"", ""https://en.wikipedia.org/wiki/Knowledge""]",https://yt3.ggpht.com/lY5opk8UFslyNRpQmxL2whl6urjsauzF4P_hB28EvQE8j3iBS3YAMLbUIPgHLBY0n5enmXhAKA=s88-c-k-c0x00ffffff-no-rj,https://yt3.ggpht.com/lY5opk8UFslyNRpQmxL2whl6urjsauzF4P_hB28EvQE8j3iBS3YAMLbUIPgHLBY0n5enmXhAKA=s240-c-k-c0x00ffffff-no-rj,https://yt3.ggpht.com/lY5opk8UFslyNRpQmxL2whl6urjsauzF4P_hB28EvQE8j3iBS3YAMLbUIPgHLBY0n5enmXhAKA=s800-c-k-c0x00ffffff-no-rj,3-AYnpM9RYQ,https://www.youtube.com/watch?v=3-AYnpM9RYQ,2023 Land Dialogues Webinars teaser,"Join us on March 30th - 15:00 - 16:00

https://thetenurefacility.org/taking-data-back-womens-sovereignty-over-land-data/


Follow us:
IG: https://www.instagram.com/thetenurefacility/
FB: https://www.facebook.com/TheTenureFacility/
LI: https://www.linkedin.com/company/thetenurefacility/
TW: https://twitter.com/TenureFacility",2023-03-20T12:56:44Z,it,en,UC486iX5Pijix88cRP6KIcng,Tenure Facility,24,Entertainment,[],none,https://i.ytimg.com/vi/3-AYnpM9RYQ/default.jpg,https://i.ytimg.com/vi/3-AYnpM9RYQ/mqdefault.jpg,https://i.ytimg.com/vi/3-AYnpM9RYQ/hqdefault.jpg,https://i.ytimg.com/vi/3-AYnpM9RYQ/sddefault.jpg,https://i.ytimg.com/vi/3-AYnpM9RYQ/maxresdefault.jpg,PT51S,2d,hd,false,False,rectangular,{},{},processed,public,youtube,True,True,True,,91,1,0,0,"[""https://en.wikipedia.org/wiki/Society""]",[],,,,,,,{},"{""it"": {""title"": ""2023 Land Dialogues Webinars teaser"", ""description"": ""Join us on March 30th - 15:00 - 16:00\n\nhttps://thetenurefacility.org/taking-data-back-womens-sovereignty-over-land-data/\n\n\nFollow us:\nIG: https://www.instagram.com/thetenurefacility/\nFB: https://www.facebook.com/TheTenureFacility/\nLI: https://www.linkedin.com/company/thetenurefacility/\nTW: https://twitter.com/TenureFacility""}}",VVU0ODZpWDVQaWppeDg4Y1JQNktJY25nLjMtQVlucE05UllR,30,2023-03-20T12:56:44Z,public
UC486iX5Pijix88cRP6KIcng,Tenure Facility,"More than 2.5 billion Indigenous Peoples and local communities live in almost half of the world’s land area, yet they legally own less than 10% of their territories. These richly biodiverse ancestral lands are vital to our global climate, fresh water and food security. When land rights aren’t legally recognised, it puts lives and ecosystems at risk. Reducing land conflict, advancing human rights, promoting development and contributing to sustainable climate solutions can all start with strengthening community tenure rights. The Tenure Facility works alongside Indigenous Peoples and local communities, offering dedicated financial and technical support for innovative approaches to implementing collective tenure rights, whilst sharing the knowledge, innovations and tools that emerge across a global network.",@thetenurefacility,2018-01-23T19:26:57Z,SE,12536,176,False,148,,,EhioEX10DNo,,,,"[""https://en.wikipedia.org/wiki/Society"", ""https://en.wikipedia.org/wiki/Knowledge""]",https://yt3.ggpht.com/lY5opk8UFslyNRpQmxL2whl6urjsauzF4P_hB28EvQE8j3iBS3YAMLbUIPgHLBY0n5enmXhAKA=s88-c-k-c0x00ffffff-no-rj,https://yt3.ggpht.com/lY5opk8UFslyNRpQmxL2whl6urjsauzF4P_hB28EvQE8j3iBS3YAMLbUIPgHLBY0n5enmXhAKA=s240-c-k-c0x00ffffff-no-rj,https://yt3.ggpht.com/lY5opk8UFslyNRpQmxL2whl6urjsauzF4P_hB28EvQE8j3iBS3YAMLbUIPgHLBY0n5enmXhAKA=s800-c-k-c0x00ffffff-no-rj,KLB6rVVb4A8,https://www.youtube.com/watch?v=KLB6rVVb4A8,Women's Day 2023 - Indigenous women's voices,"Indigenous women are leaders, drivers of change, and vital for our future. But even as we celebrate their achievements, we must recognize the work that still needs to be done to amplify their voices and support their empowerment.

March 8 marks International Women’s Day and to honor them we spoke with six Indigenous female leaders about their hopes and visions for their fellow women. Together, they spoke of the need to join forces and fight for acceptance in a world where they are all too often marginalized.

Illustrations by Prashanti Aswani.

Follow us:
IG: https://www.instagram.com/thetenurefacility/
FB: https://www.facebook.com/TheTenureFacility/
LI: https://www.linkedin.com/company/thetenurefacility/
TW: https://twitter.com/TenureFacility",2023-03-08T14:25:46Z,en,en,UC486iX5Pijix88cRP6KIcng,Tenure Facility,24,Entertainment,[],none,https://i.ytimg.com/vi/KLB6rVVb4A8/default.jpg,https://i.ytimg.com/vi/KLB6rVVb4A8/mqdefault.jpg,https://i.ytimg.com/vi/KLB6rVVb4A8/hqdefault.jpg,https://i.ytimg.com/vi/KLB6rVVb4A8/sddefault.jpg,https://i.ytimg.com/vi/KLB6rVVb4A8/maxresdefault.jpg,PT1M41S,2d,hd,false,False,rectangular,{},{},processed,public,youtube,True,True,True,,23,1,0,0,"[""https://en.wikipedia.org/wiki/Society""]",[],,,,,,,{},"{""en"": {""title"": ""Women's Day 2023 - Indigenous women's voices"", ""description"": ""Indigenous women are leaders, drivers of change, and vital for our future. But even as we celebrate their achievements, we must recognize the work that still needs to be done to amplify their voices and support their empowerment.\n\nMarch 8 marks International Women’s Day and to honor them we spoke with six Indigenous female leaders about their hopes and visions for their fellow women. Together, they spoke of the need to join forces and fight for acceptance in a world where they are all too often marginalized.\n\nIllustrations by Prashanti Aswani.\n\nFollow us:\nIG: https://www.instagram.com/thetenurefacility/\nFB: https://www.facebook.com/TheTenureFacility/\nLI: https://www.linkedin.com/company/thetenurefacility/\nTW: https://twitter.com/TenureFacility""}}",VVU0ODZpWDVQaWppeDg4Y1JQNktJY25nLktMQjZyVlZiNEE4,31,2023-03-08T14:25:46Z,public
UC486iX5Pijix88cRP6KIcng,Tenure Facility,"More than 2.5 billion Indigenous Peoples and local communities live in almost half of the world’s land area, yet they legally own less than 10% of their territories. These richly biodiverse ancestral lands are vital to our global climate, fresh water and food security. When land rights aren’t legally recognised, it puts lives and ecosystems at risk. Reducing land conflict, advancing human rights, promoting development and contributing to sustainable climate solutions can all start with strengthening community tenure rights. The Tenure Facility works alongside Indigenous Peoples and local communities, offering dedicated financial and technical support for innovative approaches to implementing collective tenure rights, whilst sharing the knowledge, innovations and tools that emerge across a global network.",@thetenurefacility,2018-01-23T19:26:57Z,SE,12536,176,False,148,,,EhioEX10DNo,,,,"[""https://en.wikipedia.org/wiki/Society"", ""https://en.wikipedia.org/wiki/Knowledge""]",https://yt3.ggpht.com/lY5opk8UFslyNRpQmxL2whl6urjsauzF4P_hB28EvQE8j3iBS3YAMLbUIPgHLBY0n5enmXhAKA=s88-c-k-c0x00ffffff-no-rj,https://yt3.ggpht.com/lY5opk8UFslyNRpQmxL2whl6urjsauzF4P_hB28EvQE8j3iBS3YAMLbUIPgHLBY0n5enmXhAKA=s240-c-k-c0x00ffffff-no-rj,https://yt3.ggpht.com/lY5opk8UFslyNRpQmxL2whl6urjsauzF4P_hB28EvQE8j3iBS3YAMLbUIPgHLBY0n5enmXhAKA=s800-c-k-c0x00ffffff-no-rj,kyHecjUqy0c,https://www.youtube.com/watch?v=kyHecjUqy0c,Inclusive finance for land governance,"Turn your videos into live streams with Restream https://restre.am/ANIm

In this webinar we will learn from donors' insights about their challenges and struggles in financing land governance programs in an inclusive way, as well as what they would need in order to become more inclusive.",2023-03-03T02:40:46Z,en,en,UC486iX5Pijix88cRP6KIcng,Tenure Facility,24,Entertainment,[],none,https://i.ytimg.com/vi/kyHecjUqy0c/default.jpg,https://i.ytimg.com/vi/kyHecjUqy0c/mqdefault.jpg,https://i.ytimg.com/vi/kyHecjUqy0c/hqdefault.jpg,https://i.ytimg.com/vi/kyHecjUqy0c/sddefault.jpg,https://i.ytimg.com/vi/kyHecjUqy0c/maxresdefault.jpg,PT1H30M52S,2d,hd,false,False,rectangular,{},{},processed,public,youtube,True,True,False,,16,0,0,0,"[""https://en.wikipedia.org/wiki/Society""]",[],2023-03-02T13:00:00Z,2023-03-02T13:01:09Z,2023-03-02T14:31:57Z,,,,{},"{""en"": {""title"": ""Inclusive finance for land governance"", ""description"": ""Turn your videos into live streams with Restream https://restre.am/ANIm\n\nIn this webinar we will learn from donors' insights about their challenges and struggles in financing land governance programs in an inclusive way, as well as what they would need in order to become more inclusive.""}}",VVU0ODZpWDVQaWppeDg4Y1JQNktJY25nLmt5SGVjalVxeTBj,32,2023-03-03T02:40:46Z,public
UC486iX5Pijix88cRP6KIcng,Tenure Facility,"More than 2.5 billion Indigenous Peoples and local communities live in almost half of the world’s land area, yet they legally own less than 10% of their territories. These richly biodiverse ancestral lands are vital to our global climate, fresh water and food security. When land rights aren’t legally recognised, it puts lives and ecosystems at risk. Reducing land conflict, advancing human rights, promoting development and contributing to sustainable climate solutions can all start with strengthening community tenure rights. The Tenure Facility works alongside Indigenous Peoples and local communities, offering dedicated financial and technical support for innovative approaches to implementing collective tenure rights, whilst sharing the knowledge, innovations and tools that emerge across a global network.",@thetenurefacility,2018-01-23T19:26:57Z,SE,12536,176,False,148,,,EhioEX10DNo,,,,"[""https://en.wikipedia.org/wiki/Society"", ""https://en.wikipedia.org/wiki/Knowledge""]",https://yt3.ggpht.com/lY5opk8UFslyNRpQmxL2whl6urjsauzF4P_hB28EvQE8j3iBS3YAMLbUIPgHLBY0n5enmXhAKA=s88-c-k-c0x00ffffff-no-rj,https://yt3.ggpht.com/lY5opk8UFslyNRpQmxL2whl6urjsauzF4P_hB28EvQE8j3iBS3YAMLbUIPgHLBY0n5enmXhAKA=s240-c-k-c0x00ffffff-no-rj,https://yt3.ggpht.com/lY5opk8UFslyNRpQmxL2whl6urjsauzF4P_hB28EvQE8j3iBS3YAMLbUIPgHLBY0n5enmXhAKA=s800-c-k-c0x00ffffff-no-rj,x76zlAXw7wY,https://www.youtube.com/watch?v=x76zlAXw7wY,Tenure Tales - Guyana,"Tenure Tales - Guyana 

Follow us:

IG: https://www.instagram.com/thetenurefacility/
FB: https://www.facebook.com/TheTenureFacility/
LI: https://www.linkedin.com/company/thetenurefacility/
TW: https://twitter.com/TenureFacility",2023-02-20T09:48:53Z,it,en,UC486iX5Pijix88cRP6KIcng,Tenure Facility,24,Entertainment,[],none,https://i.ytimg.com/vi/x76zlAXw7wY/default.jpg,https://i.ytimg.com/vi/x76zlAXw7wY/mqdefault.jpg,https://i.ytimg.com/vi/x76zlAXw7wY/hqdefault.jpg,https://i.ytimg.com/vi/x76zlAXw7wY/sddefault.jpg,https://i.ytimg.com/vi/x76zlAXw7wY/maxresdefault.jpg,PT6M54S,2d,hd,false,False,rectangular,{},{},processed,public,youtube,True,True,True,,210,9,0,0,"[""https://en.wikipedia.org/wiki/Society""]",[],,,,,,,{},"{""it"": {""title"": ""Tenure Tales - Guyana"", ""description"": ""Tenure Tales - Guyana \n\nFollow us:\n\nIG: https://www.instagram.com/thetenurefacility/\nFB: https://www.facebook.com/TheTenureFacility/\nLI: https://www.linkedin.com/company/thetenurefacility/\nTW: https://twitter.com/TenureFacility""}}",VVU0ODZpWDVQaWppeDg4Y1JQNktJY25nLng3NnpsQVh3N3dZ,33,2023-02-20T09:48:53Z,public
UC486iX5Pijix88cRP6KIcng,Tenure Facility,"More than 2.5 billion Indigenous Peoples and local communities live in almost half of the world’s land area, yet they legally own less than 10% of their territories. These richly biodiverse ancestral lands are vital to our global climate, fresh water and food security. When land rights aren’t legally recognised, it puts lives and ecosystems at risk. Reducing land conflict, advancing human rights, promoting development and contributing to sustainable climate solutions can all start with strengthening community tenure rights. The Tenure Facility works alongside Indigenous Peoples and local communities, offering dedicated financial and technical support for innovative approaches to implementing collective tenure rights, whilst sharing the knowledge, innovations and tools that emerge across a global network.",@thetenurefacility,2018-01-23T19:26:57Z,SE,12536,176,False,148,,,EhioEX10DNo,,,,"[""https://en.wikipedia.org/wiki/Society"", ""https://en.wikipedia.org/wiki/Knowledge""]",https://yt3.ggpht.com/lY5opk8UFslyNRpQmxL2whl6urjsauzF4P_hB28EvQE8j3iBS3YAMLbUIPgHLBY0n5enmXhAKA=s88-c-k-c0x00ffffff-no-rj,https://yt3.ggpht.com/lY5opk8UFslyNRpQmxL2whl6urjsauzF4P_hB28EvQE8j3iBS3YAMLbUIPgHLBY0n5enmXhAKA=s240-c-k-c0x00ffffff-no-rj,https://yt3.ggpht.com/lY5opk8UFslyNRpQmxL2whl6urjsauzF4P_hB28EvQE8j3iBS3YAMLbUIPgHLBY0n5enmXhAKA=s800-c-k-c0x00ffffff-no-rj,sKqhhDTL5o4,https://www.youtube.com/watch?v=sKqhhDTL5o4,Did you know wetlands are among the best land-based carbon stores? Find out why!,"Follow us:
IG: https://www.instagram.com/thetenurefacility/
FB: https://www.facebook.com/TheTenureFacility/
LI: https://www.linkedin.com/company/thetenurefacility/
TW: https://twitter.com/TenureFacility",2023-02-10T16:13:46Z,en,en,UC486iX5Pijix88cRP6KIcng,Tenure Facility,24,Entertainment,[],none,https://i.ytimg.com/vi/sKqhhDTL5o4/default.jpg,https://i.ytimg.com/vi/sKqhhDTL5o4/mqdefault.jpg,https://i.ytimg.com/vi/sKqhhDTL5o4/hqdefault.jpg,https://i.ytimg.com/vi/sKqhhDTL5o4/sddefault.jpg,,PT35S,2d,hd,false,False,rectangular,{},{},processed,public,youtube,True,True,True,,8,1,0,0,[],[],,,,,,,{},"{""en"": {""title"": ""Did you know wetlands are among the best land-based carbon stores? Find out why!"", ""description"": ""Follow us:\nIG: https://www.instagram.com/thetenurefacility/\nFB: https://www.facebook.com/TheTenureFacility/\nLI: https://www.linkedin.com/company/thetenurefacility/\nTW: https://twitter.com/TenureFacility""}}",VVU0ODZpWDVQaWppeDg4Y1JQNktJY25nLnNLcWhoRFRMNW80,34,2023-02-10T16:13:46Z,public
UC486iX5Pijix88cRP6KIcng,Tenure Facility,"More than 2.5 billion Indigenous Peoples and local communities live in almost half of the world’s land area, yet they legally own less than 10% of their territories. These richly biodiverse ancestral lands are vital to our global climate, fresh water and food security. When land rights aren’t legally recognised, it puts lives and ecosystems at risk. Reducing land conflict, advancing human rights, promoting development and contributing to sustainable climate solutions can all start with strengthening community tenure rights. The Tenure Facility works alongside Indigenous Peoples and local communities, offering dedicated financial and technical support for innovative approaches to implementing collective tenure rights, whilst sharing the knowledge, innovations and tools that emerge across a global network.",@thetenurefacility,2018-01-23T19:26:57Z,SE,12536,176,False,148,,,EhioEX10DNo,,,,"[""https://en.wikipedia.org/wiki/Society"", ""https://en.wikipedia.org/wiki/Knowledge""]",https://yt3.ggpht.com/lY5opk8UFslyNRpQmxL2whl6urjsauzF4P_hB28EvQE8j3iBS3YAMLbUIPgHLBY0n5enmXhAKA=s88-c-k-c0x00ffffff-no-rj,https://yt3.ggpht.com/lY5opk8UFslyNRpQmxL2whl6urjsauzF4P_hB28EvQE8j3iBS3YAMLbUIPgHLBY0n5enmXhAKA=s240-c-k-c0x00ffffff-no-rj,https://yt3.ggpht.com/lY5opk8UFslyNRpQmxL2whl6urjsauzF4P_hB28EvQE8j3iBS3YAMLbUIPgHLBY0n5enmXhAKA=s800-c-k-c0x00ffffff-no-rj,2_Ku0aDUOds,https://www.youtube.com/watch?v=2_Ku0aDUOds,⬆️⬆️⬆️ This and so much more is what equitable land tenure contributes to. 💚,,2023-01-27T14:44:05Z,en,en,UC486iX5Pijix88cRP6KIcng,Tenure Facility,24,Entertainment,[],none,https://i.ytimg.com/vi/2_Ku0aDUOds/default.jpg,https://i.ytimg.com/vi/2_Ku0aDUOds/mqdefault.jpg,https://i.ytimg.com/vi/2_Ku0aDUOds/hqdefault.jpg,https://i.ytimg.com/vi/2_Ku0aDUOds/sddefault.jpg,https://i.ytimg.com/vi/2_Ku0aDUOds/maxresdefault.jpg,PT11S,2d,hd,false,False,rectangular,{},"{""blocked"": [""RU""]}",processed,public,youtube,True,True,True,,44,0,0,0,[],[],,,,,,,{},"{""en"": {""title"": ""⬆️⬆️⬆️ This and so much more is what equitable land tenure contributes to. 💚"", ""description"": """"}}",VVU0ODZpWDVQaWppeDg4Y1JQNktJY25nLjJfS3UwYURVT2Rz,35,2023-01-27T14:44:05Z,public
UC486iX5Pijix88cRP6KIcng,Tenure Facility,"More than 2.5 billion Indigenous Peoples and local communities live in almost half of the world’s land area, yet they legally own less than 10% of their territories. These richly biodiverse ancestral lands are vital to our global climate, fresh water and food security. When land rights aren’t legally recognised, it puts lives and ecosystems at risk. Reducing land conflict, advancing human rights, promoting development and contributing to sustainable climate solutions can all start with strengthening community tenure rights. The Tenure Facility works alongside Indigenous Peoples and local communities, offering dedicated financial and technical support for innovative approaches to implementing collective tenure rights, whilst sharing the knowledge, innovations and tools that emerge across a global network.",@thetenurefacility,2018-01-23T19:26:57Z,SE,12536,176,False,148,,,EhioEX10DNo,,,,"[""https://en.wikipedia.org/wiki/Society"", ""https://en.wikipedia.org/wiki/Knowledge""]",https://yt3.ggpht.com/lY5opk8UFslyNRpQmxL2whl6urjsauzF4P_hB28EvQE8j3iBS3YAMLbUIPgHLBY0n5enmXhAKA=s88-c-k-c0x00ffffff-no-rj,https://yt3.ggpht.com/lY5opk8UFslyNRpQmxL2whl6urjsauzF4P_hB28EvQE8j3iBS3YAMLbUIPgHLBY0n5enmXhAKA=s240-c-k-c0x00ffffff-no-rj,https://yt3.ggpht.com/lY5opk8UFslyNRpQmxL2whl6urjsauzF4P_hB28EvQE8j3iBS3YAMLbUIPgHLBY0n5enmXhAKA=s800-c-k-c0x00ffffff-no-rj,Uo7hD0XU-X8,https://www.youtube.com/watch?v=Uo7hD0XU-X8,"Most of the world's tropical forests, mangroves, and peatlands are found on Indigenous lands.","This is no accident. Find out why. 

Follow us:
IG: https://www.instagram.com/thetenurefacility/
FB: https://www.facebook.com/TheTenureFacility/
LI: https://www.linkedin.com/company/thetenurefacility/
TW: https://twitter.com/TenureFacility",2023-01-26T14:24:53Z,en,en,UC486iX5Pijix88cRP6KIcng,Tenure Facility,24,Entertainment,[],none,https://i.ytimg.com/vi/Uo7hD0XU-X8/default.jpg,https://i.ytimg.com/vi/Uo7hD0XU-X8/mqdefault.jpg,https://i.ytimg.com/vi/Uo7hD0XU-X8/hqdefault.jpg,https://i.ytimg.com/vi/Uo7hD0XU-X8/sddefault.jpg,https://i.ytimg.com/vi/Uo7hD0XU-X8/maxresdefault.jpg,PT27S,2d,hd,false,False,rectangular,{},{},processed,public,youtube,True,True,True,,20,2,0,0,"[""https://en.wikipedia.org/wiki/Lifestyle_(sociology)""]",[],,,,,,,{},"{""en"": {""title"": ""Most of the world's tropical forests, mangroves, and peatlands are found on Indigenous lands."", ""description"": ""This is no accident. Find out why. \n\nFollow us:\nIG: https://www.instagram.com/thetenurefacility/\nFB: https://www.facebook.com/TheTenureFacility/\nLI: https://www.linkedin.com/company/thetenurefacility/\nTW: https://twitter.com/TenureFacility""}}",VVU0ODZpWDVQaWppeDg4Y1JQNktJY25nLlVvN2hEMFhVLVg4,36,2023-01-26T14:24:53Z,public
UC486iX5Pijix88cRP6KIcng,Tenure Facility,"More than 2.5 billion Indigenous Peoples and local communities live in almost half of the world’s land area, yet they legally own less than 10% of their territories. These richly biodiverse ancestral lands are vital to our global climate, fresh water and food security. When land rights aren’t legally recognised, it puts lives and ecosystems at risk. Reducing land conflict, advancing human rights, promoting development and contributing to sustainable climate solutions can all start with strengthening community tenure rights. The Tenure Facility works alongside Indigenous Peoples and local communities, offering dedicated financial and technical support for innovative approaches to implementing collective tenure rights, whilst sharing the knowledge, innovations and tools that emerge across a global network.",@thetenurefacility,2018-01-23T19:26:57Z,SE,12536,176,False,148,,,EhioEX10DNo,,,,"[""https://en.wikipedia.org/wiki/Society"", ""https://en.wikipedia.org/wiki/Knowledge""]",https://yt3.ggpht.com/lY5opk8UFslyNRpQmxL2whl6urjsauzF4P_hB28EvQE8j3iBS3YAMLbUIPgHLBY0n5enmXhAKA=s88-c-k-c0x00ffffff-no-rj,https://yt3.ggpht.com/lY5opk8UFslyNRpQmxL2whl6urjsauzF4P_hB28EvQE8j3iBS3YAMLbUIPgHLBY0n5enmXhAKA=s240-c-k-c0x00ffffff-no-rj,https://yt3.ggpht.com/lY5opk8UFslyNRpQmxL2whl6urjsauzF4P_hB28EvQE8j3iBS3YAMLbUIPgHLBY0n5enmXhAKA=s800-c-k-c0x00ffffff-no-rj,VE9rOviFpwc,https://www.youtube.com/watch?v=VE9rOviFpwc,Impact Indigenous Storytellers podcast by If Not Us Then Who - Episode with Nonette Royo part 4,"🎧 The last special sound bite from If Not Us Then Who's podcast with our Executive Director, Nonette Royo, is here And we’d love for you to tune in for it 🔈

✨Hear what keeps her inspired and committed to helping Indigenous Peoples and local communities secure land and forest rights. 

🗣""We’re a blip in a Seven generation’s vision. The pieces that I’m trying to put together are like how do we really do this? And that which inspires me is the vision of the Seventh Generation. We’re not doing this just now, we’re actually doing this work now because we want the next generations to continue to be able to connect with the mission of inter-reciprocity because we are stewards of the Earth, we’re stewards of the planet.”


Follow us:
IG: https://www.instagram.com/thetenurefa...
FB: https://www.facebook.com/TheTenureFac...
LI: https://www.linkedin.com/company/thet...
TW: https://twitter.com/TenureFacility",2023-01-17T18:09:33Z,en,en,UC486iX5Pijix88cRP6KIcng,Tenure Facility,24,Entertainment,[],none,https://i.ytimg.com/vi/VE9rOviFpwc/default.jpg,https://i.ytimg.com/vi/VE9rOviFpwc/mqdefault.jpg,https://i.ytimg.com/vi/VE9rOviFpwc/hqdefault.jpg,https://i.ytimg.com/vi/VE9rOviFpwc/sddefault.jpg,https://i.ytimg.com/vi/VE9rOviFpwc/maxresdefault.jpg,PT1M30S,2d,hd,false,False,rectangular,{},{},processed,public,youtube,True,True,True,,33,2,0,0,"[""https://en.wikipedia.org/wiki/Lifestyle_(sociology)""]",[],,,,,,,{},"{""en"": {""title"": ""Impact Indigenous Storytellers podcast by If Not Us Then Who - Episode with Nonette Royo part 4"", ""description"": ""🎧 The last special sound bite from If Not Us Then Who's podcast with our Executive Director, Nonette Royo, is here And we’d love for you to tune in for it 🔈\n\n✨Hear what keeps her inspired and committed to helping Indigenous Peoples and local communities secure land and forest rights. \n\n🗣\""We’re a blip in a Seven generation’s vision. The pieces that I’m trying to put together are like how do we really do this? And that which inspires me is the vision of the Seventh Generation. We’re not doing this just now, we’re actually doing this work now because we want the next generations to continue to be able to connect with the mission of inter-reciprocity because we are stewards of the Earth, we’re stewards of the planet.”\n\n\nFollow us:\nIG: https://www.instagram.com/thetenurefa...\nFB: https://www.facebook.com/TheTenureFac...\nLI: https://www.linkedin.com/company/thet...\nTW: https://twitter.com/TenureFacility""}}",VVU0ODZpWDVQaWppeDg4Y1JQNktJY25nLlZFOXJPdmlGcHdj,37,2023-01-17T18:09:33Z,public
UC486iX5Pijix88cRP6KIcng,Tenure Facility,"More than 2.5 billion Indigenous Peoples and local communities live in almost half of the world’s land area, yet they legally own less than 10% of their territories. These richly biodiverse ancestral lands are vital to our global climate, fresh water and food security. When land rights aren’t legally recognised, it puts lives and ecosystems at risk. Reducing land conflict, advancing human rights, promoting development and contributing to sustainable climate solutions can all start with strengthening community tenure rights. The Tenure Facility works alongside Indigenous Peoples and local communities, offering dedicated financial and technical support for innovative approaches to implementing collective tenure rights, whilst sharing the knowledge, innovations and tools that emerge across a global network.",@thetenurefacility,2018-01-23T19:26:57Z,SE,12536,176,False,148,,,EhioEX10DNo,,,,"[""https://en.wikipedia.org/wiki/Society"", ""https://en.wikipedia.org/wiki/Knowledge""]",https://yt3.ggpht.com/lY5opk8UFslyNRpQmxL2whl6urjsauzF4P_hB28EvQE8j3iBS3YAMLbUIPgHLBY0n5enmXhAKA=s88-c-k-c0x00ffffff-no-rj,https://yt3.ggpht.com/lY5opk8UFslyNRpQmxL2whl6urjsauzF4P_hB28EvQE8j3iBS3YAMLbUIPgHLBY0n5enmXhAKA=s240-c-k-c0x00ffffff-no-rj,https://yt3.ggpht.com/lY5opk8UFslyNRpQmxL2whl6urjsauzF4P_hB28EvQE8j3iBS3YAMLbUIPgHLBY0n5enmXhAKA=s800-c-k-c0x00ffffff-no-rj,zHtBGQ-OYBU,https://www.youtube.com/watch?v=zHtBGQ-OYBU,Rapid deforestation of the Amazon could influence temperatures over the Tibetan plateau,"📃From New Scientist : Saini Yang at Beijing Normal University in China and her colleagues analysed global climatological data from 1979 to 2019 to identify correlations in temperature and precipitation between the Amazon rainforest and other areas. Such links are called “teleconnections”.

❗️They focused on the Amazon rainforest in particular because of its significance as a major carbon sink and as a climatic “tipping point” that could see forest turn to savannah beyond a certain threshold of warming and human-driven deforestation. 

🔥The researchers found that since 1979, warm temperatures in the Amazon correlated with warm temperatures over the Tibetan plateau and the West Antarctic ice sheet; more precipitation in the Amazon was associated with less precipitation in those regions.

📉By analysing changing temperatures in the regions between the Amazon and those distant areas, they were also able to trace the path through which energy or materials such as black carbon released in forest fires might propagate through the atmosphere. 

Follow us:
IG: https://www.instagram.com/thetenurefacility/
FB: https://www.facebook.com/TheTenureFacility/
LI: https://www.linkedin.com/company/thetenurefacility/
TW: https://twitter.com/TenureFacility",2023-01-12T16:52:47Z,en,en,UC486iX5Pijix88cRP6KIcng,Tenure Facility,24,Entertainment,[],none,https://i.ytimg.com/vi/zHtBGQ-OYBU/default.jpg,https://i.ytimg.com/vi/zHtBGQ-OYBU/mqdefault.jpg,https://i.ytimg.com/vi/zHtBGQ-OYBU/hqdefault.jpg,https://i.ytimg.com/vi/zHtBGQ-OYBU/sddefault.jpg,https://i.ytimg.com/vi/zHtBGQ-OYBU/maxresdefault.jpg,PT10S,2d,hd,false,False,rectangular,{},{},processed,public,youtube,True,True,True,,9,0,0,0,[],[],,,,,,,{},"{""en"": {""title"": ""Rapid deforestation of the Amazon could influence temperatures over the Tibetan plateau"", ""description"": ""📃From New Scientist : Saini Yang at Beijing Normal University in China and her colleagues analysed global climatological data from 1979 to 2019 to identify correlations in temperature and precipitation between the Amazon rainforest and other areas. Such links are called “teleconnections”.\n\n❗️They focused on the Amazon rainforest in particular because of its significance as a major carbon sink and as a climatic “tipping point” that could see forest turn to savannah beyond a certain threshold of warming and human-driven deforestation. \n\n🔥The researchers found that since 1979, warm temperatures in the Amazon correlated with warm temperatures over the Tibetan plateau and the West Antarctic ice sheet; more precipitation in the Amazon was associated with less precipitation in those regions.\n\n📉By analysing changing temperatures in the regions between the Amazon and those distant areas, they were also able to trace the path through which energy or materials such as black carbon released in forest fires might propagate through the atmosphere. \n\nFollow us:\nIG: https://www.instagram.com/thetenurefacility/\nFB: https://www.facebook.com/TheTenureFacility/\nLI: https://www.linkedin.com/company/thetenurefacility/\nTW: https://twitter.com/TenureFacility""}}",VVU0ODZpWDVQaWppeDg4Y1JQNktJY25nLnpIdEJHUS1PWUJV,38,2023-01-12T16:52:47Z,public
UC486iX5Pijix88cRP6KIcng,Tenure Facility,"More than 2.5 billion Indigenous Peoples and local communities live in almost half of the world’s land area, yet they legally own less than 10% of their territories. These richly biodiverse ancestral lands are vital to our global climate, fresh water and food security. When land rights aren’t legally recognised, it puts lives and ecosystems at risk. Reducing land conflict, advancing human rights, promoting development and contributing to sustainable climate solutions can all start with strengthening community tenure rights. The Tenure Facility works alongside Indigenous Peoples and local communities, offering dedicated financial and technical support for innovative approaches to implementing collective tenure rights, whilst sharing the knowledge, innovations and tools that emerge across a global network.",@thetenurefacility,2018-01-23T19:26:57Z,SE,12536,176,False,148,,,EhioEX10DNo,,,,"[""https://en.wikipedia.org/wiki/Society"", ""https://en.wikipedia.org/wiki/Knowledge""]",https://yt3.ggpht.com/lY5opk8UFslyNRpQmxL2whl6urjsauzF4P_hB28EvQE8j3iBS3YAMLbUIPgHLBY0n5enmXhAKA=s88-c-k-c0x00ffffff-no-rj,https://yt3.ggpht.com/lY5opk8UFslyNRpQmxL2whl6urjsauzF4P_hB28EvQE8j3iBS3YAMLbUIPgHLBY0n5enmXhAKA=s240-c-k-c0x00ffffff-no-rj,https://yt3.ggpht.com/lY5opk8UFslyNRpQmxL2whl6urjsauzF4P_hB28EvQE8j3iBS3YAMLbUIPgHLBY0n5enmXhAKA=s800-c-k-c0x00ffffff-no-rj,4t3kMjVBpaQ,https://www.youtube.com/watch?v=4t3kMjVBpaQ,Impact Indigenous Storytellers podcast by If Not Us Then Who - Episode with Nonette Royo part 3,"In If Not Us Then Who's Indigenous Impact Storytellers podcast, our Executive Director, Nonette Royo, shares an important teaching she always carries with her throughout her work 

“Love is one, and that means inclusiveness, trust, honesty. The learning there, is that there may be enemies, and there may be others we don’t really trust, but the way that Indigenous Peoples’ protocols have taught me over the years, is that you can relate with people with that space of love. It makes them vulnerable but it’s so strong.”

Check out @ifnotusthenwho’s Indigenous Impact Storytellers podcast, available on Spotify: https://open.spotify.com/episode/15OYBGhsgkaAmudd2I6OEB?si=34d23d50f37d452a

To know more about us, follow us:
IG: https://www.instagram.com/thetenurefacility/
FB: https://www.facebook.com/TheTenureFacility/
LI: https://www.linkedin.com/company/thetenurefacility/
TW: https://twitter.com/TenureFacility",2022-12-30T15:02:52Z,en,en,UC486iX5Pijix88cRP6KIcng,Tenure Facility,24,Entertainment,[],none,https://i.ytimg.com/vi/4t3kMjVBpaQ/default.jpg,https://i.ytimg.com/vi/4t3kMjVBpaQ/mqdefault.jpg,https://i.ytimg.com/vi/4t3kMjVBpaQ/hqdefault.jpg,https://i.ytimg.com/vi/4t3kMjVBpaQ/sddefault.jpg,https://i.ytimg.com/vi/4t3kMjVBpaQ/maxresdefault.jpg,PT1M30S,2d,hd,false,False,rectangular,{},{},processed,public,youtube,True,True,True,,25,0,0,0,"[""https://en.wikipedia.org/wiki/Lifestyle_(sociology)""]",[],,,,,,,{},"{""en"": {""title"": ""Impact Indigenous Storytellers podcast by If Not Us Then Who - Episode with Nonette Royo part 3"", ""description"": ""In If Not Us Then Who's Indigenous Impact Storytellers podcast, our Executive Director, Nonette Royo, shares an important teaching she always carries with her throughout her work \n\n“Love is one, and that means inclusiveness, trust, honesty. The learning there, is that there may be enemies, and there may be others we don’t really trust, but the way that Indigenous Peoples’ protocols have taught me over the years, is that you can relate with people with that space of love. It makes them vulnerable but it’s so strong.”\n\nCheck out @ifnotusthenwho’s Indigenous Impact Storytellers podcast, available on Spotify: https://open.spotify.com/episode/15OYBGhsgkaAmudd2I6OEB?si=34d23d50f37d452a\n\nTo know more about us, follow us:\nIG: https://www.instagram.com/thetenurefacility/\nFB: https://www.facebook.com/TheTenureFacility/\nLI: https://www.linkedin.com/company/thetenurefacility/\nTW: https://twitter.com/TenureFacility""}}",VVU0ODZpWDVQaWppeDg4Y1JQNktJY25nLjR0M2tNalZCcGFR,39,2022-12-30T15:02:52Z,public
UC486iX5Pijix88cRP6KIcng,Tenure Facility,"More than 2.5 billion Indigenous Peoples and local communities live in almost half of the world’s land area, yet they legally own less than 10% of their territories. These richly biodiverse ancestral lands are vital to our global climate, fresh water and food security. When land rights aren’t legally recognised, it puts lives and ecosystems at risk. Reducing land conflict, advancing human rights, promoting development and contributing to sustainable climate solutions can all start with strengthening community tenure rights. The Tenure Facility works alongside Indigenous Peoples and local communities, offering dedicated financial and technical support for innovative approaches to implementing collective tenure rights, whilst sharing the knowledge, innovations and tools that emerge across a global network.",@thetenurefacility,2018-01-23T19:26:57Z,SE,12536,176,False,148,,,EhioEX10DNo,,,,"[""https://en.wikipedia.org/wiki/Society"", ""https://en.wikipedia.org/wiki/Knowledge""]",https://yt3.ggpht.com/lY5opk8UFslyNRpQmxL2whl6urjsauzF4P_hB28EvQE8j3iBS3YAMLbUIPgHLBY0n5enmXhAKA=s88-c-k-c0x00ffffff-no-rj,https://yt3.ggpht.com/lY5opk8UFslyNRpQmxL2whl6urjsauzF4P_hB28EvQE8j3iBS3YAMLbUIPgHLBY0n5enmXhAKA=s240-c-k-c0x00ffffff-no-rj,https://yt3.ggpht.com/lY5opk8UFslyNRpQmxL2whl6urjsauzF4P_hB28EvQE8j3iBS3YAMLbUIPgHLBY0n5enmXhAKA=s800-c-k-c0x00ffffff-no-rj,rt2H9cNi4Ng,https://www.youtube.com/watch?v=rt2H9cNi4Ng,Impact Indigenous Storytellers podcast by If Not Us Then Who - Episode with Nonette Royo part 2,"In a heartwarming conversation with Isabela Santana, Nonette Royo, Tenure Facility's Executive Director, shares with us her three decades long journey in the land rights movement.

From being a young girl walking along her father in her hometown of Mindanao, to following her life calling of working alongside Indigenous Peoples to the birth of the Tenure Facility, Nonette shared this 38 minutes conversation with podcast host,  Isabela Santana, last September during the Climate week in New York City.

Follow us:
IG: https://www.instagram.com/thetenurefacility/
FB: https://www.facebook.com/TheTenureFacility/
LI: https://www.linkedin.com/company/thetenurefacility/
TW: https://twitter.com/TenureFacility",2022-12-21T09:55:23Z,en,en,UC486iX5Pijix88cRP6KIcng,Tenure Facility,24,Entertainment,[],none,https://i.ytimg.com/vi/rt2H9cNi4Ng/default.jpg,https://i.ytimg.com/vi/rt2H9cNi4Ng/mqdefault.jpg,https://i.ytimg.com/vi/rt2H9cNi4Ng/hqdefault.jpg,https://i.ytimg.com/vi/rt2H9cNi4Ng/sddefault.jpg,https://i.ytimg.com/vi/rt2H9cNi4Ng/maxresdefault.jpg,PT1M30S,2d,hd,false,False,rectangular,{},{},processed,public,youtube,True,True,True,,23,2,0,0,"[""https://en.wikipedia.org/wiki/Lifestyle_(sociology)""]",[],,,,,,,{},"{""en"": {""title"": ""Impact Indigenous Storytellers podcast by If Not Us Then Who - Episode with Nonette Royo part 2"", ""description"": ""In a heartwarming conversation with Isabela Santana, Nonette Royo, Tenure Facility's Executive Director, shares with us her three decades long journey in the land rights movement.\n\nFrom being a young girl walking along her father in her hometown of Mindanao, to following her life calling of working alongside Indigenous Peoples to the birth of the Tenure Facility, Nonette shared this 38 minutes conversation with podcast host,  Isabela Santana, last September during the Climate week in New York City.\n\nFollow us:\nIG: https://www.instagram.com/thetenurefacility/\nFB: https://www.facebook.com/TheTenureFacility/\nLI: https://www.linkedin.com/company/thetenurefacility/\nTW: https://twitter.com/TenureFacility""}}",VVU0ODZpWDVQaWppeDg4Y1JQNktJY25nLnJ0Mkg5Y05pNE5n,40,2022-12-21T09:55:23Z,public
UC486iX5Pijix88cRP6KIcng,Tenure Facility,"More than 2.5 billion Indigenous Peoples and local communities live in almost half of the world’s land area, yet they legally own less than 10% of their territories. These richly biodiverse ancestral lands are vital to our global climate, fresh water and food security. When land rights aren’t legally recognised, it puts lives and ecosystems at risk. Reducing land conflict, advancing human rights, promoting development and contributing to sustainable climate solutions can all start with strengthening community tenure rights. The Tenure Facility works alongside Indigenous Peoples and local communities, offering dedicated financial and technical support for innovative approaches to implementing collective tenure rights, whilst sharing the knowledge, innovations and tools that emerge across a global network.",@thetenurefacility,2018-01-23T19:26:57Z,SE,12536,176,False,148,,,EhioEX10DNo,,,,"[""https://en.wikipedia.org/wiki/Society"", ""https://en.wikipedia.org/wiki/Knowledge""]",https://yt3.ggpht.com/lY5opk8UFslyNRpQmxL2whl6urjsauzF4P_hB28EvQE8j3iBS3YAMLbUIPgHLBY0n5enmXhAKA=s88-c-k-c0x00ffffff-no-rj,https://yt3.ggpht.com/lY5opk8UFslyNRpQmxL2whl6urjsauzF4P_hB28EvQE8j3iBS3YAMLbUIPgHLBY0n5enmXhAKA=s240-c-k-c0x00ffffff-no-rj,https://yt3.ggpht.com/lY5opk8UFslyNRpQmxL2whl6urjsauzF4P_hB28EvQE8j3iBS3YAMLbUIPgHLBY0n5enmXhAKA=s800-c-k-c0x00ffffff-no-rj,LyrNWVjuoiM,https://www.youtube.com/watch?v=LyrNWVjuoiM,Impact Indigenous Storytellers podcast by If Not Us Then Who - Episode with Nonette Royo - Part 1,"In a heartwarming conversation with Isabela Santana, Nonette Royo, Tenure Facility's Executive Director, shares with us her three decades long journey in the land rights movement.
From being a young girl walking along her father in her hometown of Mindanao, to following her life calling of working alongside Indigenous Peoples to the birth of the Tenure Facility, Nonette shared this 38 minutes conversation with podcast host,  Isabela Santana, last September during the Climate week in New York City.

Follow us:
IG: https://www.instagram.com/thetenurefacility/
FB: https://www.facebook.com/TheTenureFacility/
LI: https://www.linkedin.com/company/thetenurefacility/
TW: https://twitter.com/TenureFacility",2022-12-21T09:52:50Z,en,en,UC486iX5Pijix88cRP6KIcng,Tenure Facility,24,Entertainment,[],none,https://i.ytimg.com/vi/LyrNWVjuoiM/default.jpg,https://i.ytimg.com/vi/LyrNWVjuoiM/mqdefault.jpg,https://i.ytimg.com/vi/LyrNWVjuoiM/hqdefault.jpg,https://i.ytimg.com/vi/LyrNWVjuoiM/sddefault.jpg,https://i.ytimg.com/vi/LyrNWVjuoiM/maxresdefault.jpg,PT1M29S,2d,hd,false,False,rectangular,{},{},processed,public,youtube,True,True,True,,30,1,0,0,"[""https://en.wikipedia.org/wiki/Lifestyle_(sociology)""]",[],,,,,,,{},"{""en"": {""title"": ""Impact Indigenous Storytellers podcast by If Not Us Then Who - Episode with Nonette Royo - Part 1"", ""description"": ""In a heartwarming conversation with Isabela Santana, Nonette Royo, Tenure Facility's Executive Director, shares with us her three decades long journey in the land rights movement.\nFrom being a young girl walking along her father in her hometown of Mindanao, to following her life calling of working alongside Indigenous Peoples to the birth of the Tenure Facility, Nonette shared this 38 minutes conversation with podcast host,  Isabela Santana, last September during the Climate week in New York City.\n\nFollow us:\nIG: https://www.instagram.com/thetenurefacility/\nFB: https://www.facebook.com/TheTenureFacility/\nLI: https://www.linkedin.com/company/thetenurefacility/\nTW: https://twitter.com/TenureFacility""}}",VVU0ODZpWDVQaWppeDg4Y1JQNktJY25nLkx5ck5XVmp1b2lN,41,2022-12-21T09:52:50Z,public
UC486iX5Pijix88cRP6KIcng,Tenure Facility,"More than 2.5 billion Indigenous Peoples and local communities live in almost half of the world’s land area, yet they legally own less than 10% of their territories. These richly biodiverse ancestral lands are vital to our global climate, fresh water and food security. When land rights aren’t legally recognised, it puts lives and ecosystems at risk. Reducing land conflict, advancing human rights, promoting development and contributing to sustainable climate solutions can all start with strengthening community tenure rights. The Tenure Facility works alongside Indigenous Peoples and local communities, offering dedicated financial and technical support for innovative approaches to implementing collective tenure rights, whilst sharing the knowledge, innovations and tools that emerge across a global network.",@thetenurefacility,2018-01-23T19:26:57Z,SE,12536,176,False,148,,,EhioEX10DNo,,,,"[""https://en.wikipedia.org/wiki/Society"", ""https://en.wikipedia.org/wiki/Knowledge""]",https://yt3.ggpht.com/lY5opk8UFslyNRpQmxL2whl6urjsauzF4P_hB28EvQE8j3iBS3YAMLbUIPgHLBY0n5enmXhAKA=s88-c-k-c0x00ffffff-no-rj,https://yt3.ggpht.com/lY5opk8UFslyNRpQmxL2whl6urjsauzF4P_hB28EvQE8j3iBS3YAMLbUIPgHLBY0n5enmXhAKA=s240-c-k-c0x00ffffff-no-rj,https://yt3.ggpht.com/lY5opk8UFslyNRpQmxL2whl6urjsauzF4P_hB28EvQE8j3iBS3YAMLbUIPgHLBY0n5enmXhAKA=s800-c-k-c0x00ffffff-no-rj,8zdFplHkDiA,https://www.youtube.com/watch?v=8zdFplHkDiA,COP27 Land Dialogue Webinar Recap,"Follow us:
IG: https://www.instagram.com/thetenurefacility/
FB: https://www.facebook.com/TheTenureFacility/
LI: https://www.linkedin.com/company/thetenurefacility/
TW: https://twitter.com/TenureFacility",2022-12-20T12:25:14Z,en,en,UC486iX5Pijix88cRP6KIcng,Tenure Facility,24,Entertainment,[],none,https://i.ytimg.com/vi/8zdFplHkDiA/default.jpg,https://i.ytimg.com/vi/8zdFplHkDiA/mqdefault.jpg,https://i.ytimg.com/vi/8zdFplHkDiA/hqdefault.jpg,https://i.ytimg.com/vi/8zdFplHkDiA/sddefault.jpg,https://i.ytimg.com/vi/8zdFplHkDiA/maxresdefault.jpg,PT2M41S,2d,hd,false,False,rectangular,{},{},processed,public,youtube,True,True,True,,106,2,0,0,"[""https://en.wikipedia.org/wiki/Society""]",[],,,,,,,{},"{""en"": {""title"": ""COP27 Land Dialogue Webinar Recap"", ""description"": ""Follow us:\nIG: https://www.instagram.com/thetenurefacility/\nFB: https://www.facebook.com/TheTenureFacility/\nLI: https://www.linkedin.com/company/thetenurefacility/\nTW: https://twitter.com/TenureFacility""}}",VVU0ODZpWDVQaWppeDg4Y1JQNktJY25nLjh6ZEZwbEhrRGlB,42,2022-12-20T12:25:14Z,public
UC486iX5Pijix88cRP6KIcng,Tenure Facility,"More than 2.5 billion Indigenous Peoples and local communities live in almost half of the world’s land area, yet they legally own less than 10% of their territories. These richly biodiverse ancestral lands are vital to our global climate, fresh water and food security. When land rights aren’t legally recognised, it puts lives and ecosystems at risk. Reducing land conflict, advancing human rights, promoting development and contributing to sustainable climate solutions can all start with strengthening community tenure rights. The Tenure Facility works alongside Indigenous Peoples and local communities, offering dedicated financial and technical support for innovative approaches to implementing collective tenure rights, whilst sharing the knowledge, innovations and tools that emerge across a global network.",@thetenurefacility,2018-01-23T19:26:57Z,SE,12536,176,False,148,,,EhioEX10DNo,,,,"[""https://en.wikipedia.org/wiki/Society"", ""https://en.wikipedia.org/wiki/Knowledge""]",https://yt3.ggpht.com/lY5opk8UFslyNRpQmxL2whl6urjsauzF4P_hB28EvQE8j3iBS3YAMLbUIPgHLBY0n5enmXhAKA=s88-c-k-c0x00ffffff-no-rj,https://yt3.ggpht.com/lY5opk8UFslyNRpQmxL2whl6urjsauzF4P_hB28EvQE8j3iBS3YAMLbUIPgHLBY0n5enmXhAKA=s240-c-k-c0x00ffffff-no-rj,https://yt3.ggpht.com/lY5opk8UFslyNRpQmxL2whl6urjsauzF4P_hB28EvQE8j3iBS3YAMLbUIPgHLBY0n5enmXhAKA=s800-c-k-c0x00ffffff-no-rj,HaNMrHTluKQ,https://www.youtube.com/watch?v=HaNMrHTluKQ,Where Technology Meets Land Rights: Utilising Technologies to Support Land Governance,"Follow us:
IG: https://www.instagram.com/thetenurefacility/
FB: https://www.facebook.com/TheTenureFacility/
LI: https://www.linkedin.com/company/thetenurefacility/
TW: https://twitter.com/TenureFacility",2022-12-19T17:06:16Z,en,en,UC486iX5Pijix88cRP6KIcng,Tenure Facility,24,Entertainment,[],none,https://i.ytimg.com/vi/HaNMrHTluKQ/default.jpg,https://i.ytimg.com/vi/HaNMrHTluKQ/mqdefault.jpg,https://i.ytimg.com/vi/HaNMrHTluKQ/hqdefault.jpg,https://i.ytimg.com/vi/HaNMrHTluKQ/sddefault.jpg,https://i.ytimg.com/vi/HaNMrHTluKQ/maxresdefault.jpg,PT1H29M47S,2d,hd,false,False,rectangular,{},{},processed,public,youtube,True,True,True,,20,0,0,0,"[""https://en.wikipedia.org/wiki/Society""]",[],,,,,,,{},"{""en"": {""title"": ""Where Technology Meets Land Rights: Utilising Technologies to Support Land Governance"", ""description"": ""Follow us:\nIG: https://www.instagram.com/thetenurefacility/\nFB: https://www.facebook.com/TheTenureFacility/\nLI: https://www.linkedin.com/company/thetenurefacility/\nTW: https://twitter.com/TenureFacility""}}",VVU0ODZpWDVQaWppeDg4Y1JQNktJY25nLkhhTk1ySFRsdUtR,43,2022-12-19T17:06:16Z,public
UC486iX5Pijix88cRP6KIcng,Tenure Facility,"More than 2.5 billion Indigenous Peoples and local communities live in almost half of the world’s land area, yet they legally own less than 10% of their territories. These richly biodiverse ancestral lands are vital to our global climate, fresh water and food security. When land rights aren’t legally recognised, it puts lives and ecosystems at risk. Reducing land conflict, advancing human rights, promoting development and contributing to sustainable climate solutions can all start with strengthening community tenure rights. The Tenure Facility works alongside Indigenous Peoples and local communities, offering dedicated financial and technical support for innovative approaches to implementing collective tenure rights, whilst sharing the knowledge, innovations and tools that emerge across a global network.",@thetenurefacility,2018-01-23T19:26:57Z,SE,12536,176,False,148,,,EhioEX10DNo,,,,"[""https://en.wikipedia.org/wiki/Society"", ""https://en.wikipedia.org/wiki/Knowledge""]",https://yt3.ggpht.com/lY5opk8UFslyNRpQmxL2whl6urjsauzF4P_hB28EvQE8j3iBS3YAMLbUIPgHLBY0n5enmXhAKA=s88-c-k-c0x00ffffff-no-rj,https://yt3.ggpht.com/lY5opk8UFslyNRpQmxL2whl6urjsauzF4P_hB28EvQE8j3iBS3YAMLbUIPgHLBY0n5enmXhAKA=s240-c-k-c0x00ffffff-no-rj,https://yt3.ggpht.com/lY5opk8UFslyNRpQmxL2whl6urjsauzF4P_hB28EvQE8j3iBS3YAMLbUIPgHLBY0n5enmXhAKA=s800-c-k-c0x00ffffff-no-rj,g3kYlOBPFWE,https://www.youtube.com/watch?v=g3kYlOBPFWE,Let's talk about fit for purpose funding,"Follow us:

TW: https://twitter.com/TenureFacility
IG: https://www.instagram.com/thetenurefacility/
LI: https://www.linkedin.com/company/thetenurefacility/
FB: https://www.facebook.com/TheTenureFacility/",2022-12-19T12:18:31Z,en,en,UC486iX5Pijix88cRP6KIcng,Tenure Facility,24,Entertainment,[],none,https://i.ytimg.com/vi/g3kYlOBPFWE/default.jpg,https://i.ytimg.com/vi/g3kYlOBPFWE/mqdefault.jpg,https://i.ytimg.com/vi/g3kYlOBPFWE/hqdefault.jpg,https://i.ytimg.com/vi/g3kYlOBPFWE/sddefault.jpg,https://i.ytimg.com/vi/g3kYlOBPFWE/maxresdefault.jpg,PT46S,2d,hd,false,False,rectangular,{},{},processed,public,youtube,True,True,True,,6,0,0,0,"[""https://en.wikipedia.org/wiki/Business""]",[],,,,,,,{},"{""en"": {""title"": ""Let's talk about fit for purpose funding"", ""description"": ""Follow us:\n\nTW: https://twitter.com/TenureFacility\nIG: https://www.instagram.com/thetenurefacility/\nLI: https://www.linkedin.com/company/thetenurefacility/\nFB: https://www.facebook.com/TheTenureFacility/""}}",VVU0ODZpWDVQaWppeDg4Y1JQNktJY25nLmcza1lsT0JQRldF,44,2022-12-19T12:18:31Z,public
UC486iX5Pijix88cRP6KIcng,Tenure Facility,"More than 2.5 billion Indigenous Peoples and local communities live in almost half of the world’s land area, yet they legally own less than 10% of their territories. These richly biodiverse ancestral lands are vital to our global climate, fresh water and food security. When land rights aren’t legally recognised, it puts lives and ecosystems at risk. Reducing land conflict, advancing human rights, promoting development and contributing to sustainable climate solutions can all start with strengthening community tenure rights. The Tenure Facility works alongside Indigenous Peoples and local communities, offering dedicated financial and technical support for innovative approaches to implementing collective tenure rights, whilst sharing the knowledge, innovations and tools that emerge across a global network.",@thetenurefacility,2018-01-23T19:26:57Z,SE,12536,176,False,148,,,EhioEX10DNo,,,,"[""https://en.wikipedia.org/wiki/Society"", ""https://en.wikipedia.org/wiki/Knowledge""]",https://yt3.ggpht.com/lY5opk8UFslyNRpQmxL2whl6urjsauzF4P_hB28EvQE8j3iBS3YAMLbUIPgHLBY0n5enmXhAKA=s88-c-k-c0x00ffffff-no-rj,https://yt3.ggpht.com/lY5opk8UFslyNRpQmxL2whl6urjsauzF4P_hB28EvQE8j3iBS3YAMLbUIPgHLBY0n5enmXhAKA=s240-c-k-c0x00ffffff-no-rj,https://yt3.ggpht.com/lY5opk8UFslyNRpQmxL2whl6urjsauzF4P_hB28EvQE8j3iBS3YAMLbUIPgHLBY0n5enmXhAKA=s800-c-k-c0x00ffffff-no-rj,pCVyQoQIWdg,https://www.youtube.com/watch?v=pCVyQoQIWdg,COP26 Reflections: Opportunities for Customary Land Rights,"Follow us:
IG: https://www.instagram.com/thetenurefacility/
FB: https://www.facebook.com/TheTenureFacility/
LI: https://www.linkedin.com/company/thetenurefacility/
TW: https://twitter.com/TenureFacility",2022-12-13T12:48:59Z,en,en,UC486iX5Pijix88cRP6KIcng,Tenure Facility,24,Entertainment,[],none,https://i.ytimg.com/vi/pCVyQoQIWdg/default.jpg,https://i.ytimg.com/vi/pCVyQoQIWdg/mqdefault.jpg,https://i.ytimg.com/vi/pCVyQoQIWdg/hqdefault.jpg,https://i.ytimg.com/vi/pCVyQoQIWdg/sddefault.jpg,https://i.ytimg.com/vi/pCVyQoQIWdg/maxresdefault.jpg,PT1H31M56S,2d,hd,false,False,rectangular,{},{},processed,public,youtube,True,True,True,,59,1,0,0,"[""https://en.wikipedia.org/wiki/Society""]",[],,,,,,,{},"{""en"": {""title"": ""COP26 Reflections: Opportunities for Customary Land Rights"", ""description"": ""Follow us:\nIG: https://www.instagram.com/thetenurefacility/\nFB: https://www.facebook.com/TheTenureFacility/\nLI: https://www.linkedin.com/company/thetenurefacility/\nTW: https://twitter.com/TenureFacility""}}",VVU0ODZpWDVQaWppeDg4Y1JQNktJY25nLnBDVnlRb1FJV2Rn,45,2022-12-13T12:48:59Z,public
UC486iX5Pijix88cRP6KIcng,Tenure Facility,"More than 2.5 billion Indigenous Peoples and local communities live in almost half of the world’s land area, yet they legally own less than 10% of their territories. These richly biodiverse ancestral lands are vital to our global climate, fresh water and food security. When land rights aren’t legally recognised, it puts lives and ecosystems at risk. Reducing land conflict, advancing human rights, promoting development and contributing to sustainable climate solutions can all start with strengthening community tenure rights. The Tenure Facility works alongside Indigenous Peoples and local communities, offering dedicated financial and technical support for innovative approaches to implementing collective tenure rights, whilst sharing the knowledge, innovations and tools that emerge across a global network.",@thetenurefacility,2018-01-23T19:26:57Z,SE,12536,176,False,148,,,EhioEX10DNo,,,,"[""https://en.wikipedia.org/wiki/Society"", ""https://en.wikipedia.org/wiki/Knowledge""]",https://yt3.ggpht.com/lY5opk8UFslyNRpQmxL2whl6urjsauzF4P_hB28EvQE8j3iBS3YAMLbUIPgHLBY0n5enmXhAKA=s88-c-k-c0x00ffffff-no-rj,https://yt3.ggpht.com/lY5opk8UFslyNRpQmxL2whl6urjsauzF4P_hB28EvQE8j3iBS3YAMLbUIPgHLBY0n5enmXhAKA=s240-c-k-c0x00ffffff-no-rj,https://yt3.ggpht.com/lY5opk8UFslyNRpQmxL2whl6urjsauzF4P_hB28EvQE8j3iBS3YAMLbUIPgHLBY0n5enmXhAKA=s800-c-k-c0x00ffffff-no-rj,psXOKnI_Lhk,https://www.youtube.com/watch?v=psXOKnI_Lhk,It’s time Indigenous Peoples’ rights are met and their rights respected.,"Follow us:
IG: https://www.instagram.com/thetenurefacility/
FB: https://www.facebook.com/TheTenureFacility/
LI: https://www.linkedin.com/company/thetenurefacility/
TW: https://twitter.com/TenureFacility",2022-12-12T18:10:12Z,en,en,UC486iX5Pijix88cRP6KIcng,Tenure Facility,24,Entertainment,[],none,https://i.ytimg.com/vi/psXOKnI_Lhk/default.jpg,https://i.ytimg.com/vi/psXOKnI_Lhk/mqdefault.jpg,https://i.ytimg.com/vi/psXOKnI_Lhk/hqdefault.jpg,https://i.ytimg.com/vi/psXOKnI_Lhk/sddefault.jpg,https://i.ytimg.com/vi/psXOKnI_Lhk/maxresdefault.jpg,PT15S,2d,hd,false,False,rectangular,{},{},processed,public,youtube,True,True,False,,114,2,0,0,"[""https://en.wikipedia.org/wiki/Lifestyle_(sociology)""]",[],,,,,,,{},"{""en"": {""title"": ""It’s time Indigenous Peoples’ rights are met and their rights respected."", ""description"": ""Follow us:\nIG: https://www.instagram.com/thetenurefacility/\nFB: https://www.facebook.com/TheTenureFacility/\nLI: https://www.linkedin.com/company/thetenurefacility/\nTW: https://twitter.com/TenureFacility""}}",VVU0ODZpWDVQaWppeDg4Y1JQNktJY25nLnBzWE9LbklfTGhr,46,2022-12-12T18:10:12Z,public
UC486iX5Pijix88cRP6KIcng,Tenure Facility,"More than 2.5 billion Indigenous Peoples and local communities live in almost half of the world’s land area, yet they legally own less than 10% of their territories. These richly biodiverse ancestral lands are vital to our global climate, fresh water and food security. When land rights aren’t legally recognised, it puts lives and ecosystems at risk. Reducing land conflict, advancing human rights, promoting development and contributing to sustainable climate solutions can all start with strengthening community tenure rights. The Tenure Facility works alongside Indigenous Peoples and local communities, offering dedicated financial and technical support for innovative approaches to implementing collective tenure rights, whilst sharing the knowledge, innovations and tools that emerge across a global network.",@thetenurefacility,2018-01-23T19:26:57Z,SE,12536,176,False,148,,,EhioEX10DNo,,,,"[""https://en.wikipedia.org/wiki/Society"", ""https://en.wikipedia.org/wiki/Knowledge""]",https://yt3.ggpht.com/lY5opk8UFslyNRpQmxL2whl6urjsauzF4P_hB28EvQE8j3iBS3YAMLbUIPgHLBY0n5enmXhAKA=s88-c-k-c0x00ffffff-no-rj,https://yt3.ggpht.com/lY5opk8UFslyNRpQmxL2whl6urjsauzF4P_hB28EvQE8j3iBS3YAMLbUIPgHLBY0n5enmXhAKA=s240-c-k-c0x00ffffff-no-rj,https://yt3.ggpht.com/lY5opk8UFslyNRpQmxL2whl6urjsauzF4P_hB28EvQE8j3iBS3YAMLbUIPgHLBY0n5enmXhAKA=s800-c-k-c0x00ffffff-no-rj,OZnFKmr47bQ,https://www.youtube.com/watch?v=OZnFKmr47bQ,Indigenous food systems are very diverse. But they have many things in common.,"Follow us:
IG: https://www.instagram.com/thetenurefa...
TW: https://twitter.com/TenureFacility
FB: https://www.facebook.com/TheTenureFac...
LINKEDIN: https://www.linkedin.com/company/thet...",2022-12-06T13:52:27Z,en,en,UC486iX5Pijix88cRP6KIcng,Tenure Facility,24,Entertainment,[],none,https://i.ytimg.com/vi/OZnFKmr47bQ/default.jpg,https://i.ytimg.com/vi/OZnFKmr47bQ/mqdefault.jpg,https://i.ytimg.com/vi/OZnFKmr47bQ/hqdefault.jpg,https://i.ytimg.com/vi/OZnFKmr47bQ/sddefault.jpg,https://i.ytimg.com/vi/OZnFKmr47bQ/maxresdefault.jpg,PT35S,2d,hd,false,False,rectangular,{},{},processed,public,youtube,True,True,True,,42,0,0,0,"[""https://en.wikipedia.org/wiki/Health"", ""https://en.wikipedia.org/wiki/Lifestyle_(sociology)""]",[],,,,,,,{},"{""en"": {""title"": ""Indigenous food systems are very diverse. But they have many things in common."", ""description"": ""Follow us:\nIG: https://www.instagram.com/thetenurefa...\nTW: https://twitter.com/TenureFacility\nFB: https://www.facebook.com/TheTenureFac...\nLINKEDIN: https://www.linkedin.com/company/thet...""}}",VVU0ODZpWDVQaWppeDg4Y1JQNktJY25nLk9abkZLbXI0N2JR,47,2022-12-06T13:52:27Z,public
UC486iX5Pijix88cRP6KIcng,Tenure Facility,"More than 2.5 billion Indigenous Peoples and local communities live in almost half of the world’s land area, yet they legally own less than 10% of their territories. These richly biodiverse ancestral lands are vital to our global climate, fresh water and food security. When land rights aren’t legally recognised, it puts lives and ecosystems at risk. Reducing land conflict, advancing human rights, promoting development and contributing to sustainable climate solutions can all start with strengthening community tenure rights. The Tenure Facility works alongside Indigenous Peoples and local communities, offering dedicated financial and technical support for innovative approaches to implementing collective tenure rights, whilst sharing the knowledge, innovations and tools that emerge across a global network.",@thetenurefacility,2018-01-23T19:26:57Z,SE,12536,176,False,148,,,EhioEX10DNo,,,,"[""https://en.wikipedia.org/wiki/Society"", ""https://en.wikipedia.org/wiki/Knowledge""]",https://yt3.ggpht.com/lY5opk8UFslyNRpQmxL2whl6urjsauzF4P_hB28EvQE8j3iBS3YAMLbUIPgHLBY0n5enmXhAKA=s88-c-k-c0x00ffffff-no-rj,https://yt3.ggpht.com/lY5opk8UFslyNRpQmxL2whl6urjsauzF4P_hB28EvQE8j3iBS3YAMLbUIPgHLBY0n5enmXhAKA=s240-c-k-c0x00ffffff-no-rj,https://yt3.ggpht.com/lY5opk8UFslyNRpQmxL2whl6urjsauzF4P_hB28EvQE8j3iBS3YAMLbUIPgHLBY0n5enmXhAKA=s800-c-k-c0x00ffffff-no-rj,fz5v38QjVMM,https://www.youtube.com/watch?v=fz5v38QjVMM,COP27: Reflecting on Donor Promises to Forest Guardians,"Turn your videos into live streams with Restream https://restre.am/ANIm

This Land Dialogue will put Indigenous Peoples and local communities back at the center of conversations. Panelists will share their experience and insights from their participation in COP27.",2022-12-02T03:51:18Z,en,en,UC486iX5Pijix88cRP6KIcng,Tenure Facility,24,Entertainment,[],none,https://i.ytimg.com/vi/fz5v38QjVMM/default.jpg,https://i.ytimg.com/vi/fz5v38QjVMM/mqdefault.jpg,https://i.ytimg.com/vi/fz5v38QjVMM/hqdefault.jpg,https://i.ytimg.com/vi/fz5v38QjVMM/sddefault.jpg,https://i.ytimg.com/vi/fz5v38QjVMM/maxresdefault.jpg,PT1H32M47S,2d,hd,false,False,rectangular,{},{},processed,public,youtube,True,True,True,,66,1,0,0,"[""https://en.wikipedia.org/wiki/Society""]",[],2022-12-01T14:00:00Z,2022-12-01T14:04:27Z,2022-12-01T15:37:20Z,,,,{},"{""en"": {""title"": ""COP27: Reflecting on Donor Promises to Forest Guardians"", ""description"": ""Turn your videos into live streams with Restream https://restre.am/ANIm\n\nThis Land Dialogue will put Indigenous Peoples and local communities back at the center of conversations. Panelists will share their experience and insights from their participation in COP27.""}}",VVU0ODZpWDVQaWppeDg4Y1JQNktJY25nLmZ6NXYzOFFqVk1N,48,2022-12-02T03:51:18Z,public
UC486iX5Pijix88cRP6KIcng,Tenure Facility,"More than 2.5 billion Indigenous Peoples and local communities live in almost half of the world’s land area, yet they legally own less than 10% of their territories. These richly biodiverse ancestral lands are vital to our global climate, fresh water and food security. When land rights aren’t legally recognised, it puts lives and ecosystems at risk. Reducing land conflict, advancing human rights, promoting development and contributing to sustainable climate solutions can all start with strengthening community tenure rights. The Tenure Facility works alongside Indigenous Peoples and local communities, offering dedicated financial and technical support for innovative approaches to implementing collective tenure rights, whilst sharing the knowledge, innovations and tools that emerge across a global network.",@thetenurefacility,2018-01-23T19:26:57Z,SE,12536,176,False,148,,,EhioEX10DNo,,,,"[""https://en.wikipedia.org/wiki/Society"", ""https://en.wikipedia.org/wiki/Knowledge""]",https://yt3.ggpht.com/lY5opk8UFslyNRpQmxL2whl6urjsauzF4P_hB28EvQE8j3iBS3YAMLbUIPgHLBY0n5enmXhAKA=s88-c-k-c0x00ffffff-no-rj,https://yt3.ggpht.com/lY5opk8UFslyNRpQmxL2whl6urjsauzF4P_hB28EvQE8j3iBS3YAMLbUIPgHLBY0n5enmXhAKA=s240-c-k-c0x00ffffff-no-rj,https://yt3.ggpht.com/lY5opk8UFslyNRpQmxL2whl6urjsauzF4P_hB28EvQE8j3iBS3YAMLbUIPgHLBY0n5enmXhAKA=s800-c-k-c0x00ffffff-no-rj,doVyrDP1P9U,https://www.youtube.com/watch?v=doVyrDP1P9U,Land Dialogues Webinar - Teaser,"Indigenous Peoples were seen and heard at COP26 yet this year...

https://thetenurefacility.org/post-cop27-reflecting-on-donor-promises-to-forest-guardians/


Follow us:
IG: https://www.instagram.com/thetenurefa...
TW: https://twitter.com/TenureFacility
FB: https://www.facebook.com/TheTenureFac...
LINKEDIN: https://www.linkedin.com/company/thet...",2022-11-28T12:41:58Z,en,en,UC486iX5Pijix88cRP6KIcng,Tenure Facility,24,Entertainment,[],none,https://i.ytimg.com/vi/doVyrDP1P9U/default.jpg,https://i.ytimg.com/vi/doVyrDP1P9U/mqdefault.jpg,https://i.ytimg.com/vi/doVyrDP1P9U/hqdefault.jpg,,,PT39S,2d,hd,false,False,rectangular,{},{},processed,public,youtube,True,True,True,,136,2,0,0,[],[],,,,,,,{},"{""en"": {""title"": ""Land Dialogues Webinar - Teaser"", ""description"": ""Indigenous Peoples were seen and heard at COP26 yet this year...\n\nhttps://thetenurefacility.org/post-cop27-reflecting-on-donor-promises-to-forest-guardians/\n\n\nFollow us:\nIG: https://www.instagram.com/thetenurefa...\nTW: https://twitter.com/TenureFacility\nFB: https://www.facebook.com/TheTenureFac...\nLINKEDIN: https://www.linkedin.com/company/thet...""}}",VVU0ODZpWDVQaWppeDg4Y1JQNktJY25nLmRvVnlyRFAxUDlV,49,2022-11-28T12:41:58Z,public
UC486iX5Pijix88cRP6KIcng,Tenure Facility,"More than 2.5 billion Indigenous Peoples and local communities live in almost half of the world’s land area, yet they legally own less than 10% of their territories. These richly biodiverse ancestral lands are vital to our global climate, fresh water and food security. When land rights aren’t legally recognised, it puts lives and ecosystems at risk. Reducing land conflict, advancing human rights, promoting development and contributing to sustainable climate solutions can all start with strengthening community tenure rights. The Tenure Facility works alongside Indigenous Peoples and local communities, offering dedicated financial and technical support for innovative approaches to implementing collective tenure rights, whilst sharing the knowledge, innovations and tools that emerge across a global network.",@thetenurefacility,2018-01-23T19:26:57Z,SE,12536,176,False,148,,,EhioEX10DNo,,,,"[""https://en.wikipedia.org/wiki/Society"", ""https://en.wikipedia.org/wiki/Knowledge""]",https://yt3.ggpht.com/lY5opk8UFslyNRpQmxL2whl6urjsauzF4P_hB28EvQE8j3iBS3YAMLbUIPgHLBY0n5enmXhAKA=s88-c-k-c0x00ffffff-no-rj,https://yt3.ggpht.com/lY5opk8UFslyNRpQmxL2whl6urjsauzF4P_hB28EvQE8j3iBS3YAMLbUIPgHLBY0n5enmXhAKA=s240-c-k-c0x00ffffff-no-rj,https://yt3.ggpht.com/lY5opk8UFslyNRpQmxL2whl6urjsauzF4P_hB28EvQE8j3iBS3YAMLbUIPgHLBY0n5enmXhAKA=s800-c-k-c0x00ffffff-no-rj,yu68hEjVY9A,https://www.youtube.com/watch?v=yu68hEjVY9A,Land Dialogue COP27 Reflection - Trailer,"Indigenous Peoples were seen and heard at COP26, yet this year...


Follow us:
IG: https://www.instagram.com/thetenurefacility/
TW: https://twitter.com/TenureFacility
FB: https://www.facebook.com/TheTenureFacility/
LINKEDIN: https://www.linkedin.com/company/thetenurefacility/",2022-11-28T12:36:16Z,en,en,UC486iX5Pijix88cRP6KIcng,Tenure Facility,24,Entertainment,[],none,https://i.ytimg.com/vi/yu68hEjVY9A/default.jpg,https://i.ytimg.com/vi/yu68hEjVY9A/mqdefault.jpg,https://i.ytimg.com/vi/yu68hEjVY9A/hqdefault.jpg,https://i.ytimg.com/vi/yu68hEjVY9A/sddefault.jpg,https://i.ytimg.com/vi/yu68hEjVY9A/maxresdefault.jpg,PT39S,2d,hd,false,False,rectangular,{},{},processed,public,youtube,True,True,True,,134,1,0,0,"[""https://en.wikipedia.org/wiki/Politics"", ""https://en.wikipedia.org/wiki/Society""]",[],,,,,,,{},"{""en"": {""title"": ""Land Dialogue COP27 Reflection - Trailer"", ""description"": ""Indigenous Peoples were seen and heard at COP26, yet this year...\n\n\nFollow us:\nIG: https://www.instagram.com/thetenurefacility/\nTW: https://twitter.com/TenureFacility\nFB: https://www.facebook.com/TheTenureFacility/\nLINKEDIN: https://www.linkedin.com/company/thetenurefacility/""}}",VVU0ODZpWDVQaWppeDg4Y1JQNktJY25nLnl1NjhoRWpWWTlB,50,2022-11-28T12:36:16Z,public
UC486iX5Pijix88cRP6KIcng,Tenure Facility,"More than 2.5 billion Indigenous Peoples and local communities live in almost half of the world’s land area, yet they legally own less than 10% of their territories. These richly biodiverse ancestral lands are vital to our global climate, fresh water and food security. When land rights aren’t legally recognised, it puts lives and ecosystems at risk. Reducing land conflict, advancing human rights, promoting development and contributing to sustainable climate solutions can all start with strengthening community tenure rights. The Tenure Facility works alongside Indigenous Peoples and local communities, offering dedicated financial and technical support for innovative approaches to implementing collective tenure rights, whilst sharing the knowledge, innovations and tools that emerge across a global network.",@thetenurefacility,2018-01-23T19:26:57Z,SE,12536,176,False,148,,,EhioEX10DNo,,,,"[""https://en.wikipedia.org/wiki/Society"", ""https://en.wikipedia.org/wiki/Knowledge""]",https://yt3.ggpht.com/lY5opk8UFslyNRpQmxL2whl6urjsauzF4P_hB28EvQE8j3iBS3YAMLbUIPgHLBY0n5enmXhAKA=s88-c-k-c0x00ffffff-no-rj,https://yt3.ggpht.com/lY5opk8UFslyNRpQmxL2whl6urjsauzF4P_hB28EvQE8j3iBS3YAMLbUIPgHLBY0n5enmXhAKA=s240-c-k-c0x00ffffff-no-rj,https://yt3.ggpht.com/lY5opk8UFslyNRpQmxL2whl6urjsauzF4P_hB28EvQE8j3iBS3YAMLbUIPgHLBY0n5enmXhAKA=s800-c-k-c0x00ffffff-no-rj,ZCf4jZEEgmQ,https://www.youtube.com/watch?v=ZCf4jZEEgmQ,Do you know how many definitions of forests have been documented worldwide?,"These definitions are not simply biological, but encompass diverse worldviews and cultural systems, positing forests as spaces of social and economic organization, sites of religious and spiritual practices, and relational entities no less epistemologically ‘real’ than a modern nation-state.

Follow us:
IG: https://www.instagram.com/thetenurefa...
TW: https://twitter.com/TenureFacility
FB: https://www.facebook.com/TheTenureFac...
LINKEDIN: https://www.linkedin.com/company/thet...",2022-10-04T15:30:36Z,en,en,UC486iX5Pijix88cRP6KIcng,Tenure Facility,24,Entertainment,[],none,https://i.ytimg.com/vi/ZCf4jZEEgmQ/default.jpg,https://i.ytimg.com/vi/ZCf4jZEEgmQ/mqdefault.jpg,https://i.ytimg.com/vi/ZCf4jZEEgmQ/hqdefault.jpg,https://i.ytimg.com/vi/ZCf4jZEEgmQ/sddefault.jpg,https://i.ytimg.com/vi/ZCf4jZEEgmQ/maxresdefault.jpg,PT27S,2d,hd,false,False,rectangular,{},{},processed,public,youtube,True,True,True,,5,0,0,0,"[""https://en.wikipedia.org/wiki/Knowledge""]",[],,,,,,,{},"{""en"": {""title"": ""Do you know how many definitions of forests have been documented worldwide?"", ""description"": ""These definitions are not simply biological, but encompass diverse worldviews and cultural systems, positing forests as spaces of social and economic organization, sites of religious and spiritual practices, and relational entities no less epistemologically ‘real’ than a modern nation-state.\n\nFollow us:\nIG: https://www.instagram.com/thetenurefa...\nTW: https://twitter.com/TenureFacility\nFB: https://www.facebook.com/TheTenureFac...\nLINKEDIN: https://www.linkedin.com/company/thet...""}}",VVU0ODZpWDVQaWppeDg4Y1JQNktJY25nLlpDZjRqWkVFZ21R,51,2022-10-04T15:30:36Z,public
UC486iX5Pijix88cRP6KIcng,Tenure Facility,"More than 2.5 billion Indigenous Peoples and local communities live in almost half of the world’s land area, yet they legally own less than 10% of their territories. These richly biodiverse ancestral lands are vital to our global climate, fresh water and food security. When land rights aren’t legally recognised, it puts lives and ecosystems at risk. Reducing land conflict, advancing human rights, promoting development and contributing to sustainable climate solutions can all start with strengthening community tenure rights. The Tenure Facility works alongside Indigenous Peoples and local communities, offering dedicated financial and technical support for innovative approaches to implementing collective tenure rights, whilst sharing the knowledge, innovations and tools that emerge across a global network.",@thetenurefacility,2018-01-23T19:26:57Z,SE,12536,176,False,148,,,EhioEX10DNo,,,,"[""https://en.wikipedia.org/wiki/Society"", ""https://en.wikipedia.org/wiki/Knowledge""]",https://yt3.ggpht.com/lY5opk8UFslyNRpQmxL2whl6urjsauzF4P_hB28EvQE8j3iBS3YAMLbUIPgHLBY0n5enmXhAKA=s88-c-k-c0x00ffffff-no-rj,https://yt3.ggpht.com/lY5opk8UFslyNRpQmxL2whl6urjsauzF4P_hB28EvQE8j3iBS3YAMLbUIPgHLBY0n5enmXhAKA=s240-c-k-c0x00ffffff-no-rj,https://yt3.ggpht.com/lY5opk8UFslyNRpQmxL2whl6urjsauzF4P_hB28EvQE8j3iBS3YAMLbUIPgHLBY0n5enmXhAKA=s800-c-k-c0x00ffffff-no-rj,OSXzbisCTT0,https://www.youtube.com/watch?v=OSXzbisCTT0,"Pandemic, social unrest and war echoing in the Amazon","Turn your videos into live streams with Restream https://restre.am/ANIm

This webinar will reflect on global events that have impacted the Amazon region, focusing on the solutions and progress for a more secure future for Indigenous populations.",2022-09-30T02:37:04Z,en,en,UC486iX5Pijix88cRP6KIcng,Tenure Facility,24,Entertainment,[],none,https://i.ytimg.com/vi/OSXzbisCTT0/default.jpg,https://i.ytimg.com/vi/OSXzbisCTT0/mqdefault.jpg,https://i.ytimg.com/vi/OSXzbisCTT0/hqdefault.jpg,https://i.ytimg.com/vi/OSXzbisCTT0/sddefault.jpg,https://i.ytimg.com/vi/OSXzbisCTT0/maxresdefault.jpg,PT1H30M44S,2d,hd,false,False,rectangular,{},{},processed,public,youtube,True,True,True,,44,0,0,0,"[""https://en.wikipedia.org/wiki/Health"", ""https://en.wikipedia.org/wiki/Society""]",[],2022-09-29T13:00:00Z,2022-09-29T13:00:29Z,2022-09-29T14:31:18Z,,,,{},"{""en"": {""title"": ""Pandemic, social unrest and war echoing in the Amazon"", ""description"": ""Turn your videos into live streams with Restream https://restre.am/ANIm\n\nThis webinar will reflect on global events that have impacted the Amazon region, focusing on the solutions and progress for a more secure future for Indigenous populations.""}}",VVU0ODZpWDVQaWppeDg4Y1JQNktJY25nLk9TWHpiaXNDVFQw,52,2022-09-30T02:37:04Z,public
UC486iX5Pijix88cRP6KIcng,Tenure Facility,"More than 2.5 billion Indigenous Peoples and local communities live in almost half of the world’s land area, yet they legally own less than 10% of their territories. These richly biodiverse ancestral lands are vital to our global climate, fresh water and food security. When land rights aren’t legally recognised, it puts lives and ecosystems at risk. Reducing land conflict, advancing human rights, promoting development and contributing to sustainable climate solutions can all start with strengthening community tenure rights. The Tenure Facility works alongside Indigenous Peoples and local communities, offering dedicated financial and technical support for innovative approaches to implementing collective tenure rights, whilst sharing the knowledge, innovations and tools that emerge across a global network.",@thetenurefacility,2018-01-23T19:26:57Z,SE,12536,176,False,148,,,EhioEX10DNo,,,,"[""https://en.wikipedia.org/wiki/Society"", ""https://en.wikipedia.org/wiki/Knowledge""]",https://yt3.ggpht.com/lY5opk8UFslyNRpQmxL2whl6urjsauzF4P_hB28EvQE8j3iBS3YAMLbUIPgHLBY0n5enmXhAKA=s88-c-k-c0x00ffffff-no-rj,https://yt3.ggpht.com/lY5opk8UFslyNRpQmxL2whl6urjsauzF4P_hB28EvQE8j3iBS3YAMLbUIPgHLBY0n5enmXhAKA=s240-c-k-c0x00ffffff-no-rj,https://yt3.ggpht.com/lY5opk8UFslyNRpQmxL2whl6urjsauzF4P_hB28EvQE8j3iBS3YAMLbUIPgHLBY0n5enmXhAKA=s800-c-k-c0x00ffffff-no-rj,ECebgoJQLx0,https://www.youtube.com/watch?v=ECebgoJQLx0,Homecoming - short,"Follow us:
IG: https://www.instagram.com/thetenurefa...
TW: https://twitter.com/TenureFacility
FB: https://www.facebook.com/TheTenureFac...
LINKEDIN: https://www.linkedin.com/company/thet...",2022-06-02T14:07:48Z,sv,en,UC486iX5Pijix88cRP6KIcng,Tenure Facility,22,People & Blogs,[],none,https://i.ytimg.com/vi/ECebgoJQLx0/default.jpg,https://i.ytimg.com/vi/ECebgoJQLx0/mqdefault.jpg,https://i.ytimg.com/vi/ECebgoJQLx0/hqdefault.jpg,https://i.ytimg.com/vi/ECebgoJQLx0/sddefault.jpg,https://i.ytimg.com/vi/ECebgoJQLx0/maxresdefault.jpg,PT1M30S,2d,hd,false,False,rectangular,{},{},processed,public,youtube,True,True,True,,45,1,0,0,"[""https://en.wikipedia.org/wiki/Lifestyle_(sociology)""]",[],,,,,,,{},"{""sv"": {""title"": ""Homecoming - short"", ""description"": ""Follow us:\nIG: https://www.instagram.com/thetenurefa...\nTW: https://twitter.com/TenureFacility\nFB: https://www.facebook.com/TheTenureFac...\nLINKEDIN: https://www.linkedin.com/company/thet...""}}",VVU0ODZpWDVQaWppeDg4Y1JQNktJY25nLkVDZWJnb0pRTHgw,53,2022-06-02T14:07:48Z,public
UC486iX5Pijix88cRP6KIcng,Tenure Facility,"More than 2.5 billion Indigenous Peoples and local communities live in almost half of the world’s land area, yet they legally own less than 10% of their territories. These richly biodiverse ancestral lands are vital to our global climate, fresh water and food security. When land rights aren’t legally recognised, it puts lives and ecosystems at risk. Reducing land conflict, advancing human rights, promoting development and contributing to sustainable climate solutions can all start with strengthening community tenure rights. The Tenure Facility works alongside Indigenous Peoples and local communities, offering dedicated financial and technical support for innovative approaches to implementing collective tenure rights, whilst sharing the knowledge, innovations and tools that emerge across a global network.",@thetenurefacility,2018-01-23T19:26:57Z,SE,12536,176,False,148,,,EhioEX10DNo,,,,"[""https://en.wikipedia.org/wiki/Society"", ""https://en.wikipedia.org/wiki/Knowledge""]",https://yt3.ggpht.com/lY5opk8UFslyNRpQmxL2whl6urjsauzF4P_hB28EvQE8j3iBS3YAMLbUIPgHLBY0n5enmXhAKA=s88-c-k-c0x00ffffff-no-rj,https://yt3.ggpht.com/lY5opk8UFslyNRpQmxL2whl6urjsauzF4P_hB28EvQE8j3iBS3YAMLbUIPgHLBY0n5enmXhAKA=s240-c-k-c0x00ffffff-no-rj,https://yt3.ggpht.com/lY5opk8UFslyNRpQmxL2whl6urjsauzF4P_hB28EvQE8j3iBS3YAMLbUIPgHLBY0n5enmXhAKA=s800-c-k-c0x00ffffff-no-rj,_GIdcVRL084,https://www.youtube.com/watch?v=_GIdcVRL084,Land Dialogues 2021 Recap,,2022-05-16T13:12:31Z,sv,en,UC486iX5Pijix88cRP6KIcng,Tenure Facility,22,People & Blogs,[],none,https://i.ytimg.com/vi/_GIdcVRL084/default.jpg,https://i.ytimg.com/vi/_GIdcVRL084/mqdefault.jpg,https://i.ytimg.com/vi/_GIdcVRL084/hqdefault.jpg,https://i.ytimg.com/vi/_GIdcVRL084/sddefault.jpg,https://i.ytimg.com/vi/_GIdcVRL084/maxresdefault.jpg,PT1M15S,2d,hd,false,False,rectangular,{},{},processed,public,youtube,True,True,True,,128,4,0,0,"[""https://en.wikipedia.org/wiki/Society""]",[],,,,,,,{},"{""sv"": {""title"": ""Land Dialogues 2021 Recap"", ""description"": """"}}",VVU0ODZpWDVQaWppeDg4Y1JQNktJY25nLl9HSWRjVlJMMDg0,54,2022-05-16T13:12:31Z,public
UC486iX5Pijix88cRP6KIcng,Tenure Facility,"More than 2.5 billion Indigenous Peoples and local communities live in almost half of the world’s land area, yet they legally own less than 10% of their territories. These richly biodiverse ancestral lands are vital to our global climate, fresh water and food security. When land rights aren’t legally recognised, it puts lives and ecosystems at risk. Reducing land conflict, advancing human rights, promoting development and contributing to sustainable climate solutions can all start with strengthening community tenure rights. The Tenure Facility works alongside Indigenous Peoples and local communities, offering dedicated financial and technical support for innovative approaches to implementing collective tenure rights, whilst sharing the knowledge, innovations and tools that emerge across a global network.",@thetenurefacility,2018-01-23T19:26:57Z,SE,12536,176,False,148,,,EhioEX10DNo,,,,"[""https://en.wikipedia.org/wiki/Society"", ""https://en.wikipedia.org/wiki/Knowledge""]",https://yt3.ggpht.com/lY5opk8UFslyNRpQmxL2whl6urjsauzF4P_hB28EvQE8j3iBS3YAMLbUIPgHLBY0n5enmXhAKA=s88-c-k-c0x00ffffff-no-rj,https://yt3.ggpht.com/lY5opk8UFslyNRpQmxL2whl6urjsauzF4P_hB28EvQE8j3iBS3YAMLbUIPgHLBY0n5enmXhAKA=s240-c-k-c0x00ffffff-no-rj,https://yt3.ggpht.com/lY5opk8UFslyNRpQmxL2whl6urjsauzF4P_hB28EvQE8j3iBS3YAMLbUIPgHLBY0n5enmXhAKA=s800-c-k-c0x00ffffff-no-rj,5UMqhWNZy1Y,https://www.youtube.com/watch?v=5UMqhWNZy1Y,Land Dialogues 2021 Reflections,,2022-05-15T17:51:04Z,sv,en,UC486iX5Pijix88cRP6KIcng,Tenure Facility,22,People & Blogs,[],none,https://i.ytimg.com/vi/5UMqhWNZy1Y/default.jpg,https://i.ytimg.com/vi/5UMqhWNZy1Y/mqdefault.jpg,https://i.ytimg.com/vi/5UMqhWNZy1Y/hqdefault.jpg,https://i.ytimg.com/vi/5UMqhWNZy1Y/sddefault.jpg,,PT1M9S,2d,hd,false,False,rectangular,{},{},processed,public,youtube,True,True,True,,18,1,0,0,"[""https://en.wikipedia.org/wiki/Society""]",[],,,,,,,{},"{""sv"": {""title"": ""Land Dialogues 2021 Reflections"", ""description"": """"}}",VVU0ODZpWDVQaWppeDg4Y1JQNktJY25nLjVVTXFoV05aeTFZ,55,2022-05-15T17:51:04Z,public
UC486iX5Pijix88cRP6KIcng,Tenure Facility,"More than 2.5 billion Indigenous Peoples and local communities live in almost half of the world’s land area, yet they legally own less than 10% of their territories. These richly biodiverse ancestral lands are vital to our global climate, fresh water and food security. When land rights aren’t legally recognised, it puts lives and ecosystems at risk. Reducing land conflict, advancing human rights, promoting development and contributing to sustainable climate solutions can all start with strengthening community tenure rights. The Tenure Facility works alongside Indigenous Peoples and local communities, offering dedicated financial and technical support for innovative approaches to implementing collective tenure rights, whilst sharing the knowledge, innovations and tools that emerge across a global network.",@thetenurefacility,2018-01-23T19:26:57Z,SE,12536,176,False,148,,,EhioEX10DNo,,,,"[""https://en.wikipedia.org/wiki/Society"", ""https://en.wikipedia.org/wiki/Knowledge""]",https://yt3.ggpht.com/lY5opk8UFslyNRpQmxL2whl6urjsauzF4P_hB28EvQE8j3iBS3YAMLbUIPgHLBY0n5enmXhAKA=s88-c-k-c0x00ffffff-no-rj,https://yt3.ggpht.com/lY5opk8UFslyNRpQmxL2whl6urjsauzF4P_hB28EvQE8j3iBS3YAMLbUIPgHLBY0n5enmXhAKA=s240-c-k-c0x00ffffff-no-rj,https://yt3.ggpht.com/lY5opk8UFslyNRpQmxL2whl6urjsauzF4P_hB28EvQE8j3iBS3YAMLbUIPgHLBY0n5enmXhAKA=s800-c-k-c0x00ffffff-no-rj,DVCVXoa9XrU,https://www.youtube.com/watch?v=DVCVXoa9XrU,Mali - Living Forests. Thriving Communities,,2022-03-23T13:30:14Z,en,en,UC486iX5Pijix88cRP6KIcng,Tenure Facility,22,People & Blogs,[],none,https://i.ytimg.com/vi/DVCVXoa9XrU/default.jpg,https://i.ytimg.com/vi/DVCVXoa9XrU/mqdefault.jpg,https://i.ytimg.com/vi/DVCVXoa9XrU/hqdefault.jpg,https://i.ytimg.com/vi/DVCVXoa9XrU/sddefault.jpg,https://i.ytimg.com/vi/DVCVXoa9XrU/maxresdefault.jpg,PT1M29S,2d,hd,false,False,rectangular,{},{},processed,public,youtube,True,True,True,,30,1,0,0,"[""https://en.wikipedia.org/wiki/Society""]",[],,,,,,,{},"{""en"": {""title"": ""Mali - Living Forests. Thriving Communities"", ""description"": """"}}",VVU0ODZpWDVQaWppeDg4Y1JQNktJY25nLkRWQ1ZYb2E5WHJV,56,2022-03-23T13:30:14Z,public
UC486iX5Pijix88cRP6KIcng,Tenure Facility,"More than 2.5 billion Indigenous Peoples and local communities live in almost half of the world’s land area, yet they legally own less than 10% of their territories. These richly biodiverse ancestral lands are vital to our global climate, fresh water and food security. When land rights aren’t legally recognised, it puts lives and ecosystems at risk. Reducing land conflict, advancing human rights, promoting development and contributing to sustainable climate solutions can all start with strengthening community tenure rights. The Tenure Facility works alongside Indigenous Peoples and local communities, offering dedicated financial and technical support for innovative approaches to implementing collective tenure rights, whilst sharing the knowledge, innovations and tools that emerge across a global network.",@thetenurefacility,2018-01-23T19:26:57Z,SE,12536,176,False,148,,,EhioEX10DNo,,,,"[""https://en.wikipedia.org/wiki/Society"", ""https://en.wikipedia.org/wiki/Knowledge""]",https://yt3.ggpht.com/lY5opk8UFslyNRpQmxL2whl6urjsauzF4P_hB28EvQE8j3iBS3YAMLbUIPgHLBY0n5enmXhAKA=s88-c-k-c0x00ffffff-no-rj,https://yt3.ggpht.com/lY5opk8UFslyNRpQmxL2whl6urjsauzF4P_hB28EvQE8j3iBS3YAMLbUIPgHLBY0n5enmXhAKA=s240-c-k-c0x00ffffff-no-rj,https://yt3.ggpht.com/lY5opk8UFslyNRpQmxL2whl6urjsauzF4P_hB28EvQE8j3iBS3YAMLbUIPgHLBY0n5enmXhAKA=s800-c-k-c0x00ffffff-no-rj,LQiFIWdwObQ,https://www.youtube.com/watch?v=LQiFIWdwObQ,Guyana - Living Forests. Thriving Communities,,2022-03-21T09:16:42Z,en,en,UC486iX5Pijix88cRP6KIcng,Tenure Facility,22,People & Blogs,[],none,https://i.ytimg.com/vi/LQiFIWdwObQ/default.jpg,https://i.ytimg.com/vi/LQiFIWdwObQ/mqdefault.jpg,https://i.ytimg.com/vi/LQiFIWdwObQ/hqdefault.jpg,https://i.ytimg.com/vi/LQiFIWdwObQ/sddefault.jpg,https://i.ytimg.com/vi/LQiFIWdwObQ/maxresdefault.jpg,PT1M13S,2d,hd,false,False,rectangular,{},{},processed,public,youtube,True,True,False,,41,2,0,0,"[""https://en.wikipedia.org/wiki/Knowledge""]",[],,,,,,,{},"{""en"": {""title"": ""Guyana - Living Forests. Thriving Communities"", ""description"": """"}}",VVU0ODZpWDVQaWppeDg4Y1JQNktJY25nLkxRaUZJV2R3T2JR,57,2022-03-21T09:16:42Z,public
UC486iX5Pijix88cRP6KIcng,Tenure Facility,"More than 2.5 billion Indigenous Peoples and local communities live in almost half of the world’s land area, yet they legally own less than 10% of their territories. These richly biodiverse ancestral lands are vital to our global climate, fresh water and food security. When land rights aren’t legally recognised, it puts lives and ecosystems at risk. Reducing land conflict, advancing human rights, promoting development and contributing to sustainable climate solutions can all start with strengthening community tenure rights. The Tenure Facility works alongside Indigenous Peoples and local communities, offering dedicated financial and technical support for innovative approaches to implementing collective tenure rights, whilst sharing the knowledge, innovations and tools that emerge across a global network.",@thetenurefacility,2018-01-23T19:26:57Z,SE,12536,176,False,148,,,EhioEX10DNo,,,,"[""https://en.wikipedia.org/wiki/Society"", ""https://en.wikipedia.org/wiki/Knowledge""]",https://yt3.ggpht.com/lY5opk8UFslyNRpQmxL2whl6urjsauzF4P_hB28EvQE8j3iBS3YAMLbUIPgHLBY0n5enmXhAKA=s88-c-k-c0x00ffffff-no-rj,https://yt3.ggpht.com/lY5opk8UFslyNRpQmxL2whl6urjsauzF4P_hB28EvQE8j3iBS3YAMLbUIPgHLBY0n5enmXhAKA=s240-c-k-c0x00ffffff-no-rj,https://yt3.ggpht.com/lY5opk8UFslyNRpQmxL2whl6urjsauzF4P_hB28EvQE8j3iBS3YAMLbUIPgHLBY0n5enmXhAKA=s800-c-k-c0x00ffffff-no-rj,2pAQYzd4nPA,https://www.youtube.com/watch?v=2pAQYzd4nPA,Indonesia - Living Forests. Thriving Communities,,2022-03-21T09:16:04Z,en,en,UC486iX5Pijix88cRP6KIcng,Tenure Facility,22,People & Blogs,[],none,https://i.ytimg.com/vi/2pAQYzd4nPA/default.jpg,https://i.ytimg.com/vi/2pAQYzd4nPA/mqdefault.jpg,https://i.ytimg.com/vi/2pAQYzd4nPA/hqdefault.jpg,https://i.ytimg.com/vi/2pAQYzd4nPA/sddefault.jpg,https://i.ytimg.com/vi/2pAQYzd4nPA/maxresdefault.jpg,PT1M4S,2d,hd,false,False,rectangular,{},{},processed,public,youtube,True,True,False,,68,1,0,0,"[""https://en.wikipedia.org/wiki/Knowledge""]",[],,,,,,,{},"{""en"": {""title"": ""Indonesia - Living Forests. Thriving Communities"", ""description"": """"}}",VVU0ODZpWDVQaWppeDg4Y1JQNktJY25nLjJwQVFZemQ0blBB,58,2022-03-21T09:16:04Z,public
UC486iX5Pijix88cRP6KIcng,Tenure Facility,"More than 2.5 billion Indigenous Peoples and local communities live in almost half of the world’s land area, yet they legally own less than 10% of their territories. These richly biodiverse ancestral lands are vital to our global climate, fresh water and food security. When land rights aren’t legally recognised, it puts lives and ecosystems at risk. Reducing land conflict, advancing human rights, promoting development and contributing to sustainable climate solutions can all start with strengthening community tenure rights. The Tenure Facility works alongside Indigenous Peoples and local communities, offering dedicated financial and technical support for innovative approaches to implementing collective tenure rights, whilst sharing the knowledge, innovations and tools that emerge across a global network.",@thetenurefacility,2018-01-23T19:26:57Z,SE,12536,176,False,148,,,EhioEX10DNo,,,,"[""https://en.wikipedia.org/wiki/Society"", ""https://en.wikipedia.org/wiki/Knowledge""]",https://yt3.ggpht.com/lY5opk8UFslyNRpQmxL2whl6urjsauzF4P_hB28EvQE8j3iBS3YAMLbUIPgHLBY0n5enmXhAKA=s88-c-k-c0x00ffffff-no-rj,https://yt3.ggpht.com/lY5opk8UFslyNRpQmxL2whl6urjsauzF4P_hB28EvQE8j3iBS3YAMLbUIPgHLBY0n5enmXhAKA=s240-c-k-c0x00ffffff-no-rj,https://yt3.ggpht.com/lY5opk8UFslyNRpQmxL2whl6urjsauzF4P_hB28EvQE8j3iBS3YAMLbUIPgHLBY0n5enmXhAKA=s800-c-k-c0x00ffffff-no-rj,MsBI1VGi__A,https://www.youtube.com/watch?v=MsBI1VGi__A,Panama - Living Forests. Thriving Communities,,2022-03-21T09:14:59Z,en,en,UC486iX5Pijix88cRP6KIcng,Tenure Facility,22,People & Blogs,[],none,https://i.ytimg.com/vi/MsBI1VGi__A/default.jpg,https://i.ytimg.com/vi/MsBI1VGi__A/mqdefault.jpg,https://i.ytimg.com/vi/MsBI1VGi__A/hqdefault.jpg,https://i.ytimg.com/vi/MsBI1VGi__A/sddefault.jpg,https://i.ytimg.com/vi/MsBI1VGi__A/maxresdefault.jpg,PT55S,2d,hd,false,False,rectangular,{},{},processed,public,youtube,True,True,False,,40,1,0,0,"[""https://en.wikipedia.org/wiki/Society""]",[],,,,,,,{},"{""en"": {""title"": ""Panama - Living Forests. Thriving Communities"", ""description"": """"}}",VVU0ODZpWDVQaWppeDg4Y1JQNktJY25nLk1zQkkxVkdpX19B,59,2022-03-21T09:14:59Z,public
UC486iX5Pijix88cRP6KIcng,Tenure Facility,"More than 2.5 billion Indigenous Peoples and local communities live in almost half of the world’s land area, yet they legally own less than 10% of their territories. These richly biodiverse ancestral lands are vital to our global climate, fresh water and food security. When land rights aren’t legally recognised, it puts lives and ecosystems at risk. Reducing land conflict, advancing human rights, promoting development and contributing to sustainable climate solutions can all start with strengthening community tenure rights. The Tenure Facility works alongside Indigenous Peoples and local communities, offering dedicated financial and technical support for innovative approaches to implementing collective tenure rights, whilst sharing the knowledge, innovations and tools that emerge across a global network.",@thetenurefacility,2018-01-23T19:26:57Z,SE,12536,176,False,148,,,EhioEX10DNo,,,,"[""https://en.wikipedia.org/wiki/Society"", ""https://en.wikipedia.org/wiki/Knowledge""]",https://yt3.ggpht.com/lY5opk8UFslyNRpQmxL2whl6urjsauzF4P_hB28EvQE8j3iBS3YAMLbUIPgHLBY0n5enmXhAKA=s88-c-k-c0x00ffffff-no-rj,https://yt3.ggpht.com/lY5opk8UFslyNRpQmxL2whl6urjsauzF4P_hB28EvQE8j3iBS3YAMLbUIPgHLBY0n5enmXhAKA=s240-c-k-c0x00ffffff-no-rj,https://yt3.ggpht.com/lY5opk8UFslyNRpQmxL2whl6urjsauzF4P_hB28EvQE8j3iBS3YAMLbUIPgHLBY0n5enmXhAKA=s800-c-k-c0x00ffffff-no-rj,YOEMrFcOTkI,https://www.youtube.com/watch?v=YOEMrFcOTkI,Peru - Living Forests. Thriving Communities,,2022-03-21T09:13:54Z,en,en,UC486iX5Pijix88cRP6KIcng,Tenure Facility,22,People & Blogs,[],none,https://i.ytimg.com/vi/YOEMrFcOTkI/default.jpg,https://i.ytimg.com/vi/YOEMrFcOTkI/mqdefault.jpg,https://i.ytimg.com/vi/YOEMrFcOTkI/hqdefault.jpg,https://i.ytimg.com/vi/YOEMrFcOTkI/sddefault.jpg,https://i.ytimg.com/vi/YOEMrFcOTkI/maxresdefault.jpg,PT57S,2d,hd,false,False,rectangular,{},{},processed,public,youtube,True,True,False,,74,1,0,0,"[""https://en.wikipedia.org/wiki/Lifestyle_(sociology)""]",[],,,,,,,{},"{""en"": {""title"": ""Peru - Living Forests. Thriving Communities"", ""description"": """"}}",VVU0ODZpWDVQaWppeDg4Y1JQNktJY25nLllPRU1yRmNPVGtJ,60,2022-03-21T09:13:54Z,public
UC486iX5Pijix88cRP6KIcng,Tenure Facility,"More than 2.5 billion Indigenous Peoples and local communities live in almost half of the world’s land area, yet they legally own less than 10% of their territories. These richly biodiverse ancestral lands are vital to our global climate, fresh water and food security. When land rights aren’t legally recognised, it puts lives and ecosystems at risk. Reducing land conflict, advancing human rights, promoting development and contributing to sustainable climate solutions can all start with strengthening community tenure rights. The Tenure Facility works alongside Indigenous Peoples and local communities, offering dedicated financial and technical support for innovative approaches to implementing collective tenure rights, whilst sharing the knowledge, innovations and tools that emerge across a global network.",@thetenurefacility,2018-01-23T19:26:57Z,SE,12536,176,False,148,,,EhioEX10DNo,,,,"[""https://en.wikipedia.org/wiki/Society"", ""https://en.wikipedia.org/wiki/Knowledge""]",https://yt3.ggpht.com/lY5opk8UFslyNRpQmxL2whl6urjsauzF4P_hB28EvQE8j3iBS3YAMLbUIPgHLBY0n5enmXhAKA=s88-c-k-c0x00ffffff-no-rj,https://yt3.ggpht.com/lY5opk8UFslyNRpQmxL2whl6urjsauzF4P_hB28EvQE8j3iBS3YAMLbUIPgHLBY0n5enmXhAKA=s240-c-k-c0x00ffffff-no-rj,https://yt3.ggpht.com/lY5opk8UFslyNRpQmxL2whl6urjsauzF4P_hB28EvQE8j3iBS3YAMLbUIPgHLBY0n5enmXhAKA=s800-c-k-c0x00ffffff-no-rj,eqa1Z8A8F9c,https://www.youtube.com/watch?v=eqa1Z8A8F9c,Belize - Living Forests. Thriving Communities,,2022-03-21T09:12:26Z,en,en,UC486iX5Pijix88cRP6KIcng,Tenure Facility,22,People & Blogs,[],none,https://i.ytimg.com/vi/eqa1Z8A8F9c/default.jpg,https://i.ytimg.com/vi/eqa1Z8A8F9c/mqdefault.jpg,https://i.ytimg.com/vi/eqa1Z8A8F9c/hqdefault.jpg,https://i.ytimg.com/vi/eqa1Z8A8F9c/sddefault.jpg,https://i.ytimg.com/vi/eqa1Z8A8F9c/maxresdefault.jpg,PT45S,2d,hd,false,False,rectangular,{},{},processed,public,youtube,True,True,False,,42,1,0,0,[],[],,,,,,,{},"{""en"": {""title"": ""Belize - Living Forests. Thriving Communities"", ""description"": """"}}",VVU0ODZpWDVQaWppeDg4Y1JQNktJY25nLmVxYTFaOEE4Rjlj,61,2022-03-21T09:12:26Z,public
UC486iX5Pijix88cRP6KIcng,Tenure Facility,"More than 2.5 billion Indigenous Peoples and local communities live in almost half of the world’s land area, yet they legally own less than 10% of their territories. These richly biodiverse ancestral lands are vital to our global climate, fresh water and food security. When land rights aren’t legally recognised, it puts lives and ecosystems at risk. Reducing land conflict, advancing human rights, promoting development and contributing to sustainable climate solutions can all start with strengthening community tenure rights. The Tenure Facility works alongside Indigenous Peoples and local communities, offering dedicated financial and technical support for innovative approaches to implementing collective tenure rights, whilst sharing the knowledge, innovations and tools that emerge across a global network.",@thetenurefacility,2018-01-23T19:26:57Z,SE,12536,176,False,148,,,EhioEX10DNo,,,,"[""https://en.wikipedia.org/wiki/Society"", ""https://en.wikipedia.org/wiki/Knowledge""]",https://yt3.ggpht.com/lY5opk8UFslyNRpQmxL2whl6urjsauzF4P_hB28EvQE8j3iBS3YAMLbUIPgHLBY0n5enmXhAKA=s88-c-k-c0x00ffffff-no-rj,https://yt3.ggpht.com/lY5opk8UFslyNRpQmxL2whl6urjsauzF4P_hB28EvQE8j3iBS3YAMLbUIPgHLBY0n5enmXhAKA=s240-c-k-c0x00ffffff-no-rj,https://yt3.ggpht.com/lY5opk8UFslyNRpQmxL2whl6urjsauzF4P_hB28EvQE8j3iBS3YAMLbUIPgHLBY0n5enmXhAKA=s800-c-k-c0x00ffffff-no-rj,mQfAf1VCHGg,https://www.youtube.com/watch?v=mQfAf1VCHGg,Day 4 - Emerging Themes Workshop,,2022-03-10T09:12:41Z,sv,en,UC486iX5Pijix88cRP6KIcng,Tenure Facility,22,People & Blogs,[],none,https://i.ytimg.com/vi/mQfAf1VCHGg/default.jpg,https://i.ytimg.com/vi/mQfAf1VCHGg/mqdefault.jpg,https://i.ytimg.com/vi/mQfAf1VCHGg/hqdefault.jpg,https://i.ytimg.com/vi/mQfAf1VCHGg/sddefault.jpg,https://i.ytimg.com/vi/mQfAf1VCHGg/maxresdefault.jpg,PT2H12M41S,2d,hd,false,False,rectangular,{},"{""blocked"": [""RU""]}",processed,public,youtube,True,True,True,,7,0,0,0,"[""https://en.wikipedia.org/wiki/Knowledge""]",[],,,,,,,{},"{""sv"": {""title"": ""Day 4 - Emerging Themes Workshop"", ""description"": """"}}",VVU0ODZpWDVQaWppeDg4Y1JQNktJY25nLm1RZkFmMVZDSEdn,62,2022-03-10T09:12:41Z,public
UC486iX5Pijix88cRP6KIcng,Tenure Facility,"More than 2.5 billion Indigenous Peoples and local communities live in almost half of the world’s land area, yet they legally own less than 10% of their territories. These richly biodiverse ancestral lands are vital to our global climate, fresh water and food security. When land rights aren’t legally recognised, it puts lives and ecosystems at risk. Reducing land conflict, advancing human rights, promoting development and contributing to sustainable climate solutions can all start with strengthening community tenure rights. The Tenure Facility works alongside Indigenous Peoples and local communities, offering dedicated financial and technical support for innovative approaches to implementing collective tenure rights, whilst sharing the knowledge, innovations and tools that emerge across a global network.",@thetenurefacility,2018-01-23T19:26:57Z,SE,12536,176,False,148,,,EhioEX10DNo,,,,"[""https://en.wikipedia.org/wiki/Society"", ""https://en.wikipedia.org/wiki/Knowledge""]",https://yt3.ggpht.com/lY5opk8UFslyNRpQmxL2whl6urjsauzF4P_hB28EvQE8j3iBS3YAMLbUIPgHLBY0n5enmXhAKA=s88-c-k-c0x00ffffff-no-rj,https://yt3.ggpht.com/lY5opk8UFslyNRpQmxL2whl6urjsauzF4P_hB28EvQE8j3iBS3YAMLbUIPgHLBY0n5enmXhAKA=s240-c-k-c0x00ffffff-no-rj,https://yt3.ggpht.com/lY5opk8UFslyNRpQmxL2whl6urjsauzF4P_hB28EvQE8j3iBS3YAMLbUIPgHLBY0n5enmXhAKA=s800-c-k-c0x00ffffff-no-rj,S549pK8DT30,https://www.youtube.com/watch?v=S549pK8DT30,Day 3 - Indonesia Introduction - Youth Movement,,2022-03-10T08:22:51Z,sv,en,UC486iX5Pijix88cRP6KIcng,Tenure Facility,22,People & Blogs,[],none,https://i.ytimg.com/vi/S549pK8DT30/default.jpg,https://i.ytimg.com/vi/S549pK8DT30/mqdefault.jpg,https://i.ytimg.com/vi/S549pK8DT30/hqdefault.jpg,https://i.ytimg.com/vi/S549pK8DT30/sddefault.jpg,https://i.ytimg.com/vi/S549pK8DT30/maxresdefault.jpg,PT1M,2d,hd,false,False,rectangular,{},{},processed,public,youtube,True,True,True,,23,2,0,0,[],[],,,,,,,{},"{""sv"": {""title"": ""Day 3 - Indonesia Introduction - Youth Movement"", ""description"": """"}}",VVU0ODZpWDVQaWppeDg4Y1JQNktJY25nLlM1NDlwSzhEVDMw,63,2022-03-10T08:22:51Z,public
UC486iX5Pijix88cRP6KIcng,Tenure Facility,"More than 2.5 billion Indigenous Peoples and local communities live in almost half of the world’s land area, yet they legally own less than 10% of their territories. These richly biodiverse ancestral lands are vital to our global climate, fresh water and food security. When land rights aren’t legally recognised, it puts lives and ecosystems at risk. Reducing land conflict, advancing human rights, promoting development and contributing to sustainable climate solutions can all start with strengthening community tenure rights. The Tenure Facility works alongside Indigenous Peoples and local communities, offering dedicated financial and technical support for innovative approaches to implementing collective tenure rights, whilst sharing the knowledge, innovations and tools that emerge across a global network.",@thetenurefacility,2018-01-23T19:26:57Z,SE,12536,176,False,148,,,EhioEX10DNo,,,,"[""https://en.wikipedia.org/wiki/Society"", ""https://en.wikipedia.org/wiki/Knowledge""]",https://yt3.ggpht.com/lY5opk8UFslyNRpQmxL2whl6urjsauzF4P_hB28EvQE8j3iBS3YAMLbUIPgHLBY0n5enmXhAKA=s88-c-k-c0x00ffffff-no-rj,https://yt3.ggpht.com/lY5opk8UFslyNRpQmxL2whl6urjsauzF4P_hB28EvQE8j3iBS3YAMLbUIPgHLBY0n5enmXhAKA=s240-c-k-c0x00ffffff-no-rj,https://yt3.ggpht.com/lY5opk8UFslyNRpQmxL2whl6urjsauzF4P_hB28EvQE8j3iBS3YAMLbUIPgHLBY0n5enmXhAKA=s800-c-k-c0x00ffffff-no-rj,4vixLrMOzDo,https://www.youtube.com/watch?v=4vixLrMOzDo,Day 3 - Liberia (part 2) - Government and the Liberian People working towards and inclusive Liberia,,2022-03-09T15:54:30Z,en,en,UC486iX5Pijix88cRP6KIcng,Tenure Facility,22,People & Blogs,[],none,https://i.ytimg.com/vi/4vixLrMOzDo/default.jpg,https://i.ytimg.com/vi/4vixLrMOzDo/mqdefault.jpg,https://i.ytimg.com/vi/4vixLrMOzDo/hqdefault.jpg,https://i.ytimg.com/vi/4vixLrMOzDo/sddefault.jpg,https://i.ytimg.com/vi/4vixLrMOzDo/maxresdefault.jpg,PT26M38S,2d,hd,false,False,rectangular,{},{},processed,public,youtube,True,True,True,,20,1,0,0,"[""https://en.wikipedia.org/wiki/Politics"", ""https://en.wikipedia.org/wiki/Society""]",[],,,,,,,{},"{""en"": {""title"": ""Day 3 - Liberia (part 2) - Government and the Liberian People working towards and inclusive Liberia"", ""description"": """"}}",VVU0ODZpWDVQaWppeDg4Y1JQNktJY25nLjR2aXhMck1PekRv,64,2022-03-09T15:54:30Z,public
UC486iX5Pijix88cRP6KIcng,Tenure Facility,"More than 2.5 billion Indigenous Peoples and local communities live in almost half of the world’s land area, yet they legally own less than 10% of their territories. These richly biodiverse ancestral lands are vital to our global climate, fresh water and food security. When land rights aren’t legally recognised, it puts lives and ecosystems at risk. Reducing land conflict, advancing human rights, promoting development and contributing to sustainable climate solutions can all start with strengthening community tenure rights. The Tenure Facility works alongside Indigenous Peoples and local communities, offering dedicated financial and technical support for innovative approaches to implementing collective tenure rights, whilst sharing the knowledge, innovations and tools that emerge across a global network.",@thetenurefacility,2018-01-23T19:26:57Z,SE,12536,176,False,148,,,EhioEX10DNo,,,,"[""https://en.wikipedia.org/wiki/Society"", ""https://en.wikipedia.org/wiki/Knowledge""]",https://yt3.ggpht.com/lY5opk8UFslyNRpQmxL2whl6urjsauzF4P_hB28EvQE8j3iBS3YAMLbUIPgHLBY0n5enmXhAKA=s88-c-k-c0x00ffffff-no-rj,https://yt3.ggpht.com/lY5opk8UFslyNRpQmxL2whl6urjsauzF4P_hB28EvQE8j3iBS3YAMLbUIPgHLBY0n5enmXhAKA=s240-c-k-c0x00ffffff-no-rj,https://yt3.ggpht.com/lY5opk8UFslyNRpQmxL2whl6urjsauzF4P_hB28EvQE8j3iBS3YAMLbUIPgHLBY0n5enmXhAKA=s800-c-k-c0x00ffffff-no-rj,I-wtw1yRDPQ,https://www.youtube.com/watch?v=I-wtw1yRDPQ,Day 3 - Liberia (part 1) - Government and the Liberian People working towards an Inclusive Liberia,,2022-03-09T15:52:59Z,en,en,UC486iX5Pijix88cRP6KIcng,Tenure Facility,22,People & Blogs,[],none,https://i.ytimg.com/vi/I-wtw1yRDPQ/default.jpg,https://i.ytimg.com/vi/I-wtw1yRDPQ/mqdefault.jpg,https://i.ytimg.com/vi/I-wtw1yRDPQ/hqdefault.jpg,https://i.ytimg.com/vi/I-wtw1yRDPQ/sddefault.jpg,https://i.ytimg.com/vi/I-wtw1yRDPQ/maxresdefault.jpg,PT28M6S,2d,hd,false,False,rectangular,{},{},processed,public,youtube,True,True,True,,15,0,0,0,"[""https://en.wikipedia.org/wiki/Politics"", ""https://en.wikipedia.org/wiki/Society""]",[],,,,,,,{},"{""en"": {""title"": ""Day 3 - Liberia (part 1) - Government and the Liberian People working towards an Inclusive Liberia"", ""description"": """"}}",VVU0ODZpWDVQaWppeDg4Y1JQNktJY25nLkktd3R3MXlSRFBR,65,2022-03-09T15:52:59Z,public
UC486iX5Pijix88cRP6KIcng,Tenure Facility,"More than 2.5 billion Indigenous Peoples and local communities live in almost half of the world’s land area, yet they legally own less than 10% of their territories. These richly biodiverse ancestral lands are vital to our global climate, fresh water and food security. When land rights aren’t legally recognised, it puts lives and ecosystems at risk. Reducing land conflict, advancing human rights, promoting development and contributing to sustainable climate solutions can all start with strengthening community tenure rights. The Tenure Facility works alongside Indigenous Peoples and local communities, offering dedicated financial and technical support for innovative approaches to implementing collective tenure rights, whilst sharing the knowledge, innovations and tools that emerge across a global network.",@thetenurefacility,2018-01-23T19:26:57Z,SE,12536,176,False,148,,,EhioEX10DNo,,,,"[""https://en.wikipedia.org/wiki/Society"", ""https://en.wikipedia.org/wiki/Knowledge""]",https://yt3.ggpht.com/lY5opk8UFslyNRpQmxL2whl6urjsauzF4P_hB28EvQE8j3iBS3YAMLbUIPgHLBY0n5enmXhAKA=s88-c-k-c0x00ffffff-no-rj,https://yt3.ggpht.com/lY5opk8UFslyNRpQmxL2whl6urjsauzF4P_hB28EvQE8j3iBS3YAMLbUIPgHLBY0n5enmXhAKA=s240-c-k-c0x00ffffff-no-rj,https://yt3.ggpht.com/lY5opk8UFslyNRpQmxL2whl6urjsauzF4P_hB28EvQE8j3iBS3YAMLbUIPgHLBY0n5enmXhAKA=s800-c-k-c0x00ffffff-no-rj,sNh13FhSPvQ,https://www.youtube.com/watch?v=sNh13FhSPvQ,Day 3 - Mali - Prévention et gestion des conflits fonciers par les communautés locales au Mali,,2022-03-09T15:47:27Z,fr,en,UC486iX5Pijix88cRP6KIcng,Tenure Facility,22,People & Blogs,[],none,https://i.ytimg.com/vi/sNh13FhSPvQ/default.jpg,https://i.ytimg.com/vi/sNh13FhSPvQ/mqdefault.jpg,https://i.ytimg.com/vi/sNh13FhSPvQ/hqdefault.jpg,https://i.ytimg.com/vi/sNh13FhSPvQ/sddefault.jpg,https://i.ytimg.com/vi/sNh13FhSPvQ/maxresdefault.jpg,PT24M26S,2d,hd,false,False,rectangular,{},{},processed,public,youtube,True,True,True,,45,0,0,0,"[""https://en.wikipedia.org/wiki/Society""]",[],,,,,,,{},"{""fr"": {""title"": ""Day 3 - Mali - Prévention et gestion des conflits fonciers par les communautés locales au Mali"", ""description"": """"}}",VVU0ODZpWDVQaWppeDg4Y1JQNktJY25nLnNOaDEzRmhTUHZR,66,2022-03-09T15:47:27Z,public
UC486iX5Pijix88cRP6KIcng,Tenure Facility,"More than 2.5 billion Indigenous Peoples and local communities live in almost half of the world’s land area, yet they legally own less than 10% of their territories. These richly biodiverse ancestral lands are vital to our global climate, fresh water and food security. When land rights aren’t legally recognised, it puts lives and ecosystems at risk. Reducing land conflict, advancing human rights, promoting development and contributing to sustainable climate solutions can all start with strengthening community tenure rights. The Tenure Facility works alongside Indigenous Peoples and local communities, offering dedicated financial and technical support for innovative approaches to implementing collective tenure rights, whilst sharing the knowledge, innovations and tools that emerge across a global network.",@thetenurefacility,2018-01-23T19:26:57Z,SE,12536,176,False,148,,,EhioEX10DNo,,,,"[""https://en.wikipedia.org/wiki/Society"", ""https://en.wikipedia.org/wiki/Knowledge""]",https://yt3.ggpht.com/lY5opk8UFslyNRpQmxL2whl6urjsauzF4P_hB28EvQE8j3iBS3YAMLbUIPgHLBY0n5enmXhAKA=s88-c-k-c0x00ffffff-no-rj,https://yt3.ggpht.com/lY5opk8UFslyNRpQmxL2whl6urjsauzF4P_hB28EvQE8j3iBS3YAMLbUIPgHLBY0n5enmXhAKA=s240-c-k-c0x00ffffff-no-rj,https://yt3.ggpht.com/lY5opk8UFslyNRpQmxL2whl6urjsauzF4P_hB28EvQE8j3iBS3YAMLbUIPgHLBY0n5enmXhAKA=s800-c-k-c0x00ffffff-no-rj,Qz2WigR1oI8,https://www.youtube.com/watch?v=Qz2WigR1oI8,Day 3 - Guatemala - Herramientas para apoyar foros multiactor mas inclusivos,,2022-03-09T15:41:21Z,es,en,UC486iX5Pijix88cRP6KIcng,Tenure Facility,22,People & Blogs,[],none,https://i.ytimg.com/vi/Qz2WigR1oI8/default.jpg,https://i.ytimg.com/vi/Qz2WigR1oI8/mqdefault.jpg,https://i.ytimg.com/vi/Qz2WigR1oI8/hqdefault.jpg,https://i.ytimg.com/vi/Qz2WigR1oI8/sddefault.jpg,https://i.ytimg.com/vi/Qz2WigR1oI8/maxresdefault.jpg,PT26M56S,2d,hd,false,False,rectangular,{},{},processed,public,youtube,True,True,True,,5,0,0,0,"[""https://en.wikipedia.org/wiki/Knowledge"", ""https://en.wikipedia.org/wiki/Technology""]",[],,,,,,,{},"{""es"": {""title"": ""Day 3 - Guatemala - Herramientas para apoyar foros multiactor mas inclusivos"", ""description"": """"}}",VVU0ODZpWDVQaWppeDg4Y1JQNktJY25nLlF6MldpZ1Ixb0k4,67,2022-03-09T15:41:21Z,public
UC486iX5Pijix88cRP6KIcng,Tenure Facility,"More than 2.5 billion Indigenous Peoples and local communities live in almost half of the world’s land area, yet they legally own less than 10% of their territories. These richly biodiverse ancestral lands are vital to our global climate, fresh water and food security. When land rights aren’t legally recognised, it puts lives and ecosystems at risk. Reducing land conflict, advancing human rights, promoting development and contributing to sustainable climate solutions can all start with strengthening community tenure rights. The Tenure Facility works alongside Indigenous Peoples and local communities, offering dedicated financial and technical support for innovative approaches to implementing collective tenure rights, whilst sharing the knowledge, innovations and tools that emerge across a global network.",@thetenurefacility,2018-01-23T19:26:57Z,SE,12536,176,False,148,,,EhioEX10DNo,,,,"[""https://en.wikipedia.org/wiki/Society"", ""https://en.wikipedia.org/wiki/Knowledge""]",https://yt3.ggpht.com/lY5opk8UFslyNRpQmxL2whl6urjsauzF4P_hB28EvQE8j3iBS3YAMLbUIPgHLBY0n5enmXhAKA=s88-c-k-c0x00ffffff-no-rj,https://yt3.ggpht.com/lY5opk8UFslyNRpQmxL2whl6urjsauzF4P_hB28EvQE8j3iBS3YAMLbUIPgHLBY0n5enmXhAKA=s240-c-k-c0x00ffffff-no-rj,https://yt3.ggpht.com/lY5opk8UFslyNRpQmxL2whl6urjsauzF4P_hB28EvQE8j3iBS3YAMLbUIPgHLBY0n5enmXhAKA=s800-c-k-c0x00ffffff-no-rj,qW-42twGqlY,https://www.youtube.com/watch?v=qW-42twGqlY,Day 3 - Global - Leverage Private Sector Support for Community Land Rights,,2022-03-09T15:25:38Z,sv,en,UC486iX5Pijix88cRP6KIcng,Tenure Facility,22,People & Blogs,[],none,https://i.ytimg.com/vi/qW-42twGqlY/default.jpg,https://i.ytimg.com/vi/qW-42twGqlY/mqdefault.jpg,https://i.ytimg.com/vi/qW-42twGqlY/hqdefault.jpg,https://i.ytimg.com/vi/qW-42twGqlY/sddefault.jpg,https://i.ytimg.com/vi/qW-42twGqlY/maxresdefault.jpg,PT52M35S,2d,hd,false,False,rectangular,{},{},processed,public,youtube,True,True,True,,3,0,0,0,"[""https://en.wikipedia.org/wiki/Knowledge""]",[],,,,,,,{},"{""sv"": {""title"": ""Day 3 - Global - Leverage Private Sector Support for Community Land Rights"", ""description"": """"}}",VVU0ODZpWDVQaWppeDg4Y1JQNktJY25nLnFXLTQydHdHcWxZ,68,2022-03-09T15:25:38Z,public
UC486iX5Pijix88cRP6KIcng,Tenure Facility,"More than 2.5 billion Indigenous Peoples and local communities live in almost half of the world’s land area, yet they legally own less than 10% of their territories. These richly biodiverse ancestral lands are vital to our global climate, fresh water and food security. When land rights aren’t legally recognised, it puts lives and ecosystems at risk. Reducing land conflict, advancing human rights, promoting development and contributing to sustainable climate solutions can all start with strengthening community tenure rights. The Tenure Facility works alongside Indigenous Peoples and local communities, offering dedicated financial and technical support for innovative approaches to implementing collective tenure rights, whilst sharing the knowledge, innovations and tools that emerge across a global network.",@thetenurefacility,2018-01-23T19:26:57Z,SE,12536,176,False,148,,,EhioEX10DNo,,,,"[""https://en.wikipedia.org/wiki/Society"", ""https://en.wikipedia.org/wiki/Knowledge""]",https://yt3.ggpht.com/lY5opk8UFslyNRpQmxL2whl6urjsauzF4P_hB28EvQE8j3iBS3YAMLbUIPgHLBY0n5enmXhAKA=s88-c-k-c0x00ffffff-no-rj,https://yt3.ggpht.com/lY5opk8UFslyNRpQmxL2whl6urjsauzF4P_hB28EvQE8j3iBS3YAMLbUIPgHLBY0n5enmXhAKA=s240-c-k-c0x00ffffff-no-rj,https://yt3.ggpht.com/lY5opk8UFslyNRpQmxL2whl6urjsauzF4P_hB28EvQE8j3iBS3YAMLbUIPgHLBY0n5enmXhAKA=s800-c-k-c0x00ffffff-no-rj,5wTvZBvNXEY,https://www.youtube.com/watch?v=5wTvZBvNXEY,Day 3 - Indonesia  - Indigenous Youth Homecoming Movement,,2022-03-09T15:19:42Z,sv,en,UC486iX5Pijix88cRP6KIcng,Tenure Facility,22,People & Blogs,[],none,https://i.ytimg.com/vi/5wTvZBvNXEY/default.jpg,https://i.ytimg.com/vi/5wTvZBvNXEY/mqdefault.jpg,https://i.ytimg.com/vi/5wTvZBvNXEY/hqdefault.jpg,https://i.ytimg.com/vi/5wTvZBvNXEY/sddefault.jpg,https://i.ytimg.com/vi/5wTvZBvNXEY/maxresdefault.jpg,PT26M37S,2d,hd,false,False,rectangular,{},{},processed,public,youtube,True,True,True,,20,0,0,0,"[""https://en.wikipedia.org/wiki/Religion"", ""https://en.wikipedia.org/wiki/Society""]",[],,,,,,,{},"{""sv"": {""title"": ""Day 3 - Indonesia  - Indigenous Youth Homecoming Movement"", ""description"": """"}}",VVU0ODZpWDVQaWppeDg4Y1JQNktJY25nLjV3VHZaQnZOWEVZ,69,2022-03-09T15:19:42Z,public
UC486iX5Pijix88cRP6KIcng,Tenure Facility,"More than 2.5 billion Indigenous Peoples and local communities live in almost half of the world’s land area, yet they legally own less than 10% of their territories. These richly biodiverse ancestral lands are vital to our global climate, fresh water and food security. When land rights aren’t legally recognised, it puts lives and ecosystems at risk. Reducing land conflict, advancing human rights, promoting development and contributing to sustainable climate solutions can all start with strengthening community tenure rights. The Tenure Facility works alongside Indigenous Peoples and local communities, offering dedicated financial and technical support for innovative approaches to implementing collective tenure rights, whilst sharing the knowledge, innovations and tools that emerge across a global network.",@thetenurefacility,2018-01-23T19:26:57Z,SE,12536,176,False,148,,,EhioEX10DNo,,,,"[""https://en.wikipedia.org/wiki/Society"", ""https://en.wikipedia.org/wiki/Knowledge""]",https://yt3.ggpht.com/lY5opk8UFslyNRpQmxL2whl6urjsauzF4P_hB28EvQE8j3iBS3YAMLbUIPgHLBY0n5enmXhAKA=s88-c-k-c0x00ffffff-no-rj,https://yt3.ggpht.com/lY5opk8UFslyNRpQmxL2whl6urjsauzF4P_hB28EvQE8j3iBS3YAMLbUIPgHLBY0n5enmXhAKA=s240-c-k-c0x00ffffff-no-rj,https://yt3.ggpht.com/lY5opk8UFslyNRpQmxL2whl6urjsauzF4P_hB28EvQE8j3iBS3YAMLbUIPgHLBY0n5enmXhAKA=s800-c-k-c0x00ffffff-no-rj,JaU_Z9Gx20o,https://www.youtube.com/watch?v=JaU_Z9Gx20o,"Day 3 - NIAS Blessing Ritual, Indonesia",,2022-03-09T14:52:42Z,sv,en,UC486iX5Pijix88cRP6KIcng,Tenure Facility,22,People & Blogs,[],none,https://i.ytimg.com/vi/JaU_Z9Gx20o/default.jpg,https://i.ytimg.com/vi/JaU_Z9Gx20o/mqdefault.jpg,https://i.ytimg.com/vi/JaU_Z9Gx20o/hqdefault.jpg,,,PT4M45S,2d,hd,false,False,rectangular,{},{},processed,public,youtube,True,True,True,,18,0,0,0,"[""https://en.wikipedia.org/wiki/Religion""]",[],,,,,,,{},"{""sv"": {""title"": ""Day 3 - NIAS Blessing Ritual, Indonesia"", ""description"": """"}}",VVU0ODZpWDVQaWppeDg4Y1JQNktJY25nLkphVV9aOUd4MjBv,70,2022-03-09T14:52:42Z,public
UC486iX5Pijix88cRP6KIcng,Tenure Facility,"More than 2.5 billion Indigenous Peoples and local communities live in almost half of the world’s land area, yet they legally own less than 10% of their territories. These richly biodiverse ancestral lands are vital to our global climate, fresh water and food security. When land rights aren’t legally recognised, it puts lives and ecosystems at risk. Reducing land conflict, advancing human rights, promoting development and contributing to sustainable climate solutions can all start with strengthening community tenure rights. The Tenure Facility works alongside Indigenous Peoples and local communities, offering dedicated financial and technical support for innovative approaches to implementing collective tenure rights, whilst sharing the knowledge, innovations and tools that emerge across a global network.",@thetenurefacility,2018-01-23T19:26:57Z,SE,12536,176,False,148,,,EhioEX10DNo,,,,"[""https://en.wikipedia.org/wiki/Society"", ""https://en.wikipedia.org/wiki/Knowledge""]",https://yt3.ggpht.com/lY5opk8UFslyNRpQmxL2whl6urjsauzF4P_hB28EvQE8j3iBS3YAMLbUIPgHLBY0n5enmXhAKA=s88-c-k-c0x00ffffff-no-rj,https://yt3.ggpht.com/lY5opk8UFslyNRpQmxL2whl6urjsauzF4P_hB28EvQE8j3iBS3YAMLbUIPgHLBY0n5enmXhAKA=s240-c-k-c0x00ffffff-no-rj,https://yt3.ggpht.com/lY5opk8UFslyNRpQmxL2whl6urjsauzF4P_hB28EvQE8j3iBS3YAMLbUIPgHLBY0n5enmXhAKA=s800-c-k-c0x00ffffff-no-rj,zkOp-0pJoEc,https://www.youtube.com/watch?v=zkOp-0pJoEc,Day 2 - Liberia - Sustaining Tenure in Liberian Communities,,2022-03-09T14:33:30Z,en,en,UC486iX5Pijix88cRP6KIcng,Tenure Facility,22,People & Blogs,[],none,https://i.ytimg.com/vi/zkOp-0pJoEc/default.jpg,https://i.ytimg.com/vi/zkOp-0pJoEc/mqdefault.jpg,https://i.ytimg.com/vi/zkOp-0pJoEc/hqdefault.jpg,https://i.ytimg.com/vi/zkOp-0pJoEc/sddefault.jpg,,PT49M56S,2d,sd,false,False,rectangular,{},{},processed,public,youtube,True,True,True,,7,0,0,0,"[""https://en.wikipedia.org/wiki/Society""]",[],,,,,,,{},"{""en"": {""title"": ""Day 2 - Liberia - Sustaining Tenure in Liberian Communities"", ""description"": """"}}",VVU0ODZpWDVQaWppeDg4Y1JQNktJY25nLnprT3AtMHBKb0Vj,71,2022-03-09T14:33:30Z,public
UC486iX5Pijix88cRP6KIcng,Tenure Facility,"More than 2.5 billion Indigenous Peoples and local communities live in almost half of the world’s land area, yet they legally own less than 10% of their territories. These richly biodiverse ancestral lands are vital to our global climate, fresh water and food security. When land rights aren’t legally recognised, it puts lives and ecosystems at risk. Reducing land conflict, advancing human rights, promoting development and contributing to sustainable climate solutions can all start with strengthening community tenure rights. The Tenure Facility works alongside Indigenous Peoples and local communities, offering dedicated financial and technical support for innovative approaches to implementing collective tenure rights, whilst sharing the knowledge, innovations and tools that emerge across a global network.",@thetenurefacility,2018-01-23T19:26:57Z,SE,12536,176,False,148,,,EhioEX10DNo,,,,"[""https://en.wikipedia.org/wiki/Society"", ""https://en.wikipedia.org/wiki/Knowledge""]",https://yt3.ggpht.com/lY5opk8UFslyNRpQmxL2whl6urjsauzF4P_hB28EvQE8j3iBS3YAMLbUIPgHLBY0n5enmXhAKA=s88-c-k-c0x00ffffff-no-rj,https://yt3.ggpht.com/lY5opk8UFslyNRpQmxL2whl6urjsauzF4P_hB28EvQE8j3iBS3YAMLbUIPgHLBY0n5enmXhAKA=s240-c-k-c0x00ffffff-no-rj,https://yt3.ggpht.com/lY5opk8UFslyNRpQmxL2whl6urjsauzF4P_hB28EvQE8j3iBS3YAMLbUIPgHLBY0n5enmXhAKA=s800-c-k-c0x00ffffff-no-rj,3X-CNpR0jyw,https://www.youtube.com/watch?v=3X-CNpR0jyw,Day 2 - Peru - Comunidades resilientes en tiempos de cambio,,2022-03-09T14:07:57Z,es,en,UC486iX5Pijix88cRP6KIcng,Tenure Facility,22,People & Blogs,[],none,https://i.ytimg.com/vi/3X-CNpR0jyw/default.jpg,https://i.ytimg.com/vi/3X-CNpR0jyw/mqdefault.jpg,https://i.ytimg.com/vi/3X-CNpR0jyw/hqdefault.jpg,https://i.ytimg.com/vi/3X-CNpR0jyw/sddefault.jpg,https://i.ytimg.com/vi/3X-CNpR0jyw/maxresdefault.jpg,PT13M37S,2d,hd,false,False,rectangular,{},{},processed,public,youtube,True,True,True,,2,0,0,0,"[""https://en.wikipedia.org/wiki/Society""]",[],,,,,,,{},"{""es"": {""title"": ""Day 2 - Peru - Comunidades resilientes en tiempos de cambio"", ""description"": """"}}",VVU0ODZpWDVQaWppeDg4Y1JQNktJY25nLjNYLUNOcFIwanl3,72,2022-03-09T14:07:57Z,public
UC486iX5Pijix88cRP6KIcng,Tenure Facility,"More than 2.5 billion Indigenous Peoples and local communities live in almost half of the world’s land area, yet they legally own less than 10% of their territories. These richly biodiverse ancestral lands are vital to our global climate, fresh water and food security. When land rights aren’t legally recognised, it puts lives and ecosystems at risk. Reducing land conflict, advancing human rights, promoting development and contributing to sustainable climate solutions can all start with strengthening community tenure rights. The Tenure Facility works alongside Indigenous Peoples and local communities, offering dedicated financial and technical support for innovative approaches to implementing collective tenure rights, whilst sharing the knowledge, innovations and tools that emerge across a global network.",@thetenurefacility,2018-01-23T19:26:57Z,SE,12536,176,False,148,,,EhioEX10DNo,,,,"[""https://en.wikipedia.org/wiki/Society"", ""https://en.wikipedia.org/wiki/Knowledge""]",https://yt3.ggpht.com/lY5opk8UFslyNRpQmxL2whl6urjsauzF4P_hB28EvQE8j3iBS3YAMLbUIPgHLBY0n5enmXhAKA=s88-c-k-c0x00ffffff-no-rj,https://yt3.ggpht.com/lY5opk8UFslyNRpQmxL2whl6urjsauzF4P_hB28EvQE8j3iBS3YAMLbUIPgHLBY0n5enmXhAKA=s240-c-k-c0x00ffffff-no-rj,https://yt3.ggpht.com/lY5opk8UFslyNRpQmxL2whl6urjsauzF4P_hB28EvQE8j3iBS3YAMLbUIPgHLBY0n5enmXhAKA=s800-c-k-c0x00ffffff-no-rj,ZG5bSPEIOBM,https://www.youtube.com/watch?v=ZG5bSPEIOBM,Day 2 - India - Role of Technology in Sustaining Tenure,,2022-03-09T14:02:50Z,en,en,UC486iX5Pijix88cRP6KIcng,Tenure Facility,22,People & Blogs,[],none,https://i.ytimg.com/vi/ZG5bSPEIOBM/default.jpg,https://i.ytimg.com/vi/ZG5bSPEIOBM/mqdefault.jpg,https://i.ytimg.com/vi/ZG5bSPEIOBM/hqdefault.jpg,https://i.ytimg.com/vi/ZG5bSPEIOBM/sddefault.jpg,https://i.ytimg.com/vi/ZG5bSPEIOBM/maxresdefault.jpg,PT23M31S,2d,hd,false,False,rectangular,{},{},processed,public,youtube,True,True,True,,5,0,0,0,"[""https://en.wikipedia.org/wiki/Knowledge""]",[],,,,,,,{},"{""en"": {""title"": ""Day 2 - India - Role of Technology in Sustaining Tenure"", ""description"": """"}}",VVU0ODZpWDVQaWppeDg4Y1JQNktJY25nLlpHNWJTUEVJT0JN,73,2022-03-09T14:02:50Z,public
UC486iX5Pijix88cRP6KIcng,Tenure Facility,"More than 2.5 billion Indigenous Peoples and local communities live in almost half of the world’s land area, yet they legally own less than 10% of their territories. These richly biodiverse ancestral lands are vital to our global climate, fresh water and food security. When land rights aren’t legally recognised, it puts lives and ecosystems at risk. Reducing land conflict, advancing human rights, promoting development and contributing to sustainable climate solutions can all start with strengthening community tenure rights. The Tenure Facility works alongside Indigenous Peoples and local communities, offering dedicated financial and technical support for innovative approaches to implementing collective tenure rights, whilst sharing the knowledge, innovations and tools that emerge across a global network.",@thetenurefacility,2018-01-23T19:26:57Z,SE,12536,176,False,148,,,EhioEX10DNo,,,,"[""https://en.wikipedia.org/wiki/Society"", ""https://en.wikipedia.org/wiki/Knowledge""]",https://yt3.ggpht.com/lY5opk8UFslyNRpQmxL2whl6urjsauzF4P_hB28EvQE8j3iBS3YAMLbUIPgHLBY0n5enmXhAKA=s88-c-k-c0x00ffffff-no-rj,https://yt3.ggpht.com/lY5opk8UFslyNRpQmxL2whl6urjsauzF4P_hB28EvQE8j3iBS3YAMLbUIPgHLBY0n5enmXhAKA=s240-c-k-c0x00ffffff-no-rj,https://yt3.ggpht.com/lY5opk8UFslyNRpQmxL2whl6urjsauzF4P_hB28EvQE8j3iBS3YAMLbUIPgHLBY0n5enmXhAKA=s800-c-k-c0x00ffffff-no-rj,OzKDXe7yJWY,https://www.youtube.com/watch?v=OzKDXe7yJWY,Day 2 - Indonesia - Governance and defence of territories with formally recognised tenure,,2022-03-09T13:55:23Z,en,en,UC486iX5Pijix88cRP6KIcng,Tenure Facility,22,People & Blogs,[],none,https://i.ytimg.com/vi/OzKDXe7yJWY/default.jpg,https://i.ytimg.com/vi/OzKDXe7yJWY/mqdefault.jpg,https://i.ytimg.com/vi/OzKDXe7yJWY/hqdefault.jpg,https://i.ytimg.com/vi/OzKDXe7yJWY/sddefault.jpg,https://i.ytimg.com/vi/OzKDXe7yJWY/maxresdefault.jpg,PT24M19S,2d,hd,false,False,rectangular,{},{},processed,public,youtube,True,True,True,,4,0,0,0,"[""https://en.wikipedia.org/wiki/Knowledge""]",[],,,,,,,{},"{""en"": {""title"": ""Day 2 - Indonesia - Governance and defence of territories with formally recognised tenure"", ""description"": """"}}",VVU0ODZpWDVQaWppeDg4Y1JQNktJY25nLk96S0RYZTd5SldZ,74,2022-03-09T13:55:23Z,public
UC486iX5Pijix88cRP6KIcng,Tenure Facility,"More than 2.5 billion Indigenous Peoples and local communities live in almost half of the world’s land area, yet they legally own less than 10% of their territories. These richly biodiverse ancestral lands are vital to our global climate, fresh water and food security. When land rights aren’t legally recognised, it puts lives and ecosystems at risk. Reducing land conflict, advancing human rights, promoting development and contributing to sustainable climate solutions can all start with strengthening community tenure rights. The Tenure Facility works alongside Indigenous Peoples and local communities, offering dedicated financial and technical support for innovative approaches to implementing collective tenure rights, whilst sharing the knowledge, innovations and tools that emerge across a global network.",@thetenurefacility,2018-01-23T19:26:57Z,SE,12536,176,False,148,,,EhioEX10DNo,,,,"[""https://en.wikipedia.org/wiki/Society"", ""https://en.wikipedia.org/wiki/Knowledge""]",https://yt3.ggpht.com/lY5opk8UFslyNRpQmxL2whl6urjsauzF4P_hB28EvQE8j3iBS3YAMLbUIPgHLBY0n5enmXhAKA=s88-c-k-c0x00ffffff-no-rj,https://yt3.ggpht.com/lY5opk8UFslyNRpQmxL2whl6urjsauzF4P_hB28EvQE8j3iBS3YAMLbUIPgHLBY0n5enmXhAKA=s240-c-k-c0x00ffffff-no-rj,https://yt3.ggpht.com/lY5opk8UFslyNRpQmxL2whl6urjsauzF4P_hB28EvQE8j3iBS3YAMLbUIPgHLBY0n5enmXhAKA=s800-c-k-c0x00ffffff-no-rj,eaRyx9FqJbs,https://www.youtube.com/watch?v=eaRyx9FqJbs,Day 2 - Panama - Gobernanza y defensa de los territorios,,2022-03-03T16:50:36Z,es,en,UC486iX5Pijix88cRP6KIcng,Tenure Facility,22,People & Blogs,[],none,https://i.ytimg.com/vi/eaRyx9FqJbs/default.jpg,https://i.ytimg.com/vi/eaRyx9FqJbs/mqdefault.jpg,https://i.ytimg.com/vi/eaRyx9FqJbs/hqdefault.jpg,https://i.ytimg.com/vi/eaRyx9FqJbs/sddefault.jpg,https://i.ytimg.com/vi/eaRyx9FqJbs/maxresdefault.jpg,PT24M30S,2d,hd,false,False,rectangular,{},{},processed,public,youtube,True,True,True,,8,0,0,0,"[""https://en.wikipedia.org/wiki/Society""]",[],,,,,,,{},"{""es"": {""title"": ""Day 2 - Panama - Gobernanza y defensa de los territorios"", ""description"": """"}}",VVU0ODZpWDVQaWppeDg4Y1JQNktJY25nLmVhUnl4OUZxSmJz,75,2022-03-03T16:50:36Z,public
UC486iX5Pijix88cRP6KIcng,Tenure Facility,"More than 2.5 billion Indigenous Peoples and local communities live in almost half of the world’s land area, yet they legally own less than 10% of their territories. These richly biodiverse ancestral lands are vital to our global climate, fresh water and food security. When land rights aren’t legally recognised, it puts lives and ecosystems at risk. Reducing land conflict, advancing human rights, promoting development and contributing to sustainable climate solutions can all start with strengthening community tenure rights. The Tenure Facility works alongside Indigenous Peoples and local communities, offering dedicated financial and technical support for innovative approaches to implementing collective tenure rights, whilst sharing the knowledge, innovations and tools that emerge across a global network.",@thetenurefacility,2018-01-23T19:26:57Z,SE,12536,176,False,148,,,EhioEX10DNo,,,,"[""https://en.wikipedia.org/wiki/Society"", ""https://en.wikipedia.org/wiki/Knowledge""]",https://yt3.ggpht.com/lY5opk8UFslyNRpQmxL2whl6urjsauzF4P_hB28EvQE8j3iBS3YAMLbUIPgHLBY0n5enmXhAKA=s88-c-k-c0x00ffffff-no-rj,https://yt3.ggpht.com/lY5opk8UFslyNRpQmxL2whl6urjsauzF4P_hB28EvQE8j3iBS3YAMLbUIPgHLBY0n5enmXhAKA=s240-c-k-c0x00ffffff-no-rj,https://yt3.ggpht.com/lY5opk8UFslyNRpQmxL2whl6urjsauzF4P_hB28EvQE8j3iBS3YAMLbUIPgHLBY0n5enmXhAKA=s800-c-k-c0x00ffffff-no-rj,y2q_xsfVj5k,https://www.youtube.com/watch?v=y2q_xsfVj5k,Day 1 - DRC - Garantir les droits d'occupation: Assurer des titres fonciers pour les CL/PA,,2022-02-25T15:12:38Z,fr,en,UC486iX5Pijix88cRP6KIcng,Tenure Facility,22,People & Blogs,[],none,https://i.ytimg.com/vi/y2q_xsfVj5k/default.jpg,https://i.ytimg.com/vi/y2q_xsfVj5k/mqdefault.jpg,https://i.ytimg.com/vi/y2q_xsfVj5k/hqdefault.jpg,,,PT47M7S,2d,hd,false,False,rectangular,{},{},processed,public,youtube,True,True,True,,8,0,0,0,"[""https://en.wikipedia.org/wiki/Society""]",[],,,,,,,{},"{""fr"": {""title"": ""Day 1 - DRC - Garantir les droits d'occupation: Assurer des titres fonciers pour les CL/PA"", ""description"": """"}}",VVU0ODZpWDVQaWppeDg4Y1JQNktJY25nLnkycV94c2ZWajVr,76,2022-02-25T15:12:38Z,public
UC486iX5Pijix88cRP6KIcng,Tenure Facility,"More than 2.5 billion Indigenous Peoples and local communities live in almost half of the world’s land area, yet they legally own less than 10% of their territories. These richly biodiverse ancestral lands are vital to our global climate, fresh water and food security. When land rights aren’t legally recognised, it puts lives and ecosystems at risk. Reducing land conflict, advancing human rights, promoting development and contributing to sustainable climate solutions can all start with strengthening community tenure rights. The Tenure Facility works alongside Indigenous Peoples and local communities, offering dedicated financial and technical support for innovative approaches to implementing collective tenure rights, whilst sharing the knowledge, innovations and tools that emerge across a global network.",@thetenurefacility,2018-01-23T19:26:57Z,SE,12536,176,False,148,,,EhioEX10DNo,,,,"[""https://en.wikipedia.org/wiki/Society"", ""https://en.wikipedia.org/wiki/Knowledge""]",https://yt3.ggpht.com/lY5opk8UFslyNRpQmxL2whl6urjsauzF4P_hB28EvQE8j3iBS3YAMLbUIPgHLBY0n5enmXhAKA=s88-c-k-c0x00ffffff-no-rj,https://yt3.ggpht.com/lY5opk8UFslyNRpQmxL2whl6urjsauzF4P_hB28EvQE8j3iBS3YAMLbUIPgHLBY0n5enmXhAKA=s240-c-k-c0x00ffffff-no-rj,https://yt3.ggpht.com/lY5opk8UFslyNRpQmxL2whl6urjsauzF4P_hB28EvQE8j3iBS3YAMLbUIPgHLBY0n5enmXhAKA=s800-c-k-c0x00ffffff-no-rj,Qc6Zo2jyUMw,https://www.youtube.com/watch?v=Qc6Zo2jyUMw,Day 1 - Guyana - Dealing with security of land tenure during times of crisis,"A session on ""Dealing with security of land tenure during times of crisis"" by Jean La Rose (English)",2022-02-25T15:09:39Z,en,en,UC486iX5Pijix88cRP6KIcng,Tenure Facility,22,People & Blogs,[],none,https://i.ytimg.com/vi/Qc6Zo2jyUMw/default.jpg,https://i.ytimg.com/vi/Qc6Zo2jyUMw/mqdefault.jpg,https://i.ytimg.com/vi/Qc6Zo2jyUMw/hqdefault.jpg,https://i.ytimg.com/vi/Qc6Zo2jyUMw/sddefault.jpg,https://i.ytimg.com/vi/Qc6Zo2jyUMw/maxresdefault.jpg,PT30M24S,2d,hd,false,False,rectangular,{},{},processed,public,youtube,True,True,True,,8,0,0,0,"[""https://en.wikipedia.org/wiki/Knowledge""]",[],,,,,,,{},"{""en"": {""title"": ""Day 1 - Guyana - Dealing with security of land tenure during times of crisis"", ""description"": ""A session on \""Dealing with security of land tenure during times of crisis\"" by Jean La Rose (English)""}}",VVU0ODZpWDVQaWppeDg4Y1JQNktJY25nLlFjNlpvMmp5VU13,77,2022-02-25T15:09:39Z,public
UC486iX5Pijix88cRP6KIcng,Tenure Facility,"More than 2.5 billion Indigenous Peoples and local communities live in almost half of the world’s land area, yet they legally own less than 10% of their territories. These richly biodiverse ancestral lands are vital to our global climate, fresh water and food security. When land rights aren’t legally recognised, it puts lives and ecosystems at risk. Reducing land conflict, advancing human rights, promoting development and contributing to sustainable climate solutions can all start with strengthening community tenure rights. The Tenure Facility works alongside Indigenous Peoples and local communities, offering dedicated financial and technical support for innovative approaches to implementing collective tenure rights, whilst sharing the knowledge, innovations and tools that emerge across a global network.",@thetenurefacility,2018-01-23T19:26:57Z,SE,12536,176,False,148,,,EhioEX10DNo,,,,"[""https://en.wikipedia.org/wiki/Society"", ""https://en.wikipedia.org/wiki/Knowledge""]",https://yt3.ggpht.com/lY5opk8UFslyNRpQmxL2whl6urjsauzF4P_hB28EvQE8j3iBS3YAMLbUIPgHLBY0n5enmXhAKA=s88-c-k-c0x00ffffff-no-rj,https://yt3.ggpht.com/lY5opk8UFslyNRpQmxL2whl6urjsauzF4P_hB28EvQE8j3iBS3YAMLbUIPgHLBY0n5enmXhAKA=s240-c-k-c0x00ffffff-no-rj,https://yt3.ggpht.com/lY5opk8UFslyNRpQmxL2whl6urjsauzF4P_hB28EvQE8j3iBS3YAMLbUIPgHLBY0n5enmXhAKA=s800-c-k-c0x00ffffff-no-rj,gLzQcyvLQvU,https://www.youtube.com/watch?v=gLzQcyvLQvU,Day 1 - Belize - The Maya People of Southern Belize,,2022-02-25T14:23:13Z,sv,en,UC486iX5Pijix88cRP6KIcng,Tenure Facility,22,People & Blogs,[],none,https://i.ytimg.com/vi/gLzQcyvLQvU/default.jpg,https://i.ytimg.com/vi/gLzQcyvLQvU/mqdefault.jpg,https://i.ytimg.com/vi/gLzQcyvLQvU/hqdefault.jpg,https://i.ytimg.com/vi/gLzQcyvLQvU/sddefault.jpg,,PT58M38S,2d,hd,true,False,rectangular,{},{},processed,public,youtube,True,True,True,,25,0,0,0,"[""https://en.wikipedia.org/wiki/Society""]",[],,,,,,,{},"{""sv"": {""title"": ""Day 1 - Belize - The Maya People of Southern Belize"", ""description"": """"}}",VVU0ODZpWDVQaWppeDg4Y1JQNktJY25nLmdMelFjeXZMUXZV,78,2022-02-25T14:23:13Z,public
UC486iX5Pijix88cRP6KIcng,Tenure Facility,"More than 2.5 billion Indigenous Peoples and local communities live in almost half of the world’s land area, yet they legally own less than 10% of their territories. These richly biodiverse ancestral lands are vital to our global climate, fresh water and food security. When land rights aren’t legally recognised, it puts lives and ecosystems at risk. Reducing land conflict, advancing human rights, promoting development and contributing to sustainable climate solutions can all start with strengthening community tenure rights. The Tenure Facility works alongside Indigenous Peoples and local communities, offering dedicated financial and technical support for innovative approaches to implementing collective tenure rights, whilst sharing the knowledge, innovations and tools that emerge across a global network.",@thetenurefacility,2018-01-23T19:26:57Z,SE,12536,176,False,148,,,EhioEX10DNo,,,,"[""https://en.wikipedia.org/wiki/Society"", ""https://en.wikipedia.org/wiki/Knowledge""]",https://yt3.ggpht.com/lY5opk8UFslyNRpQmxL2whl6urjsauzF4P_hB28EvQE8j3iBS3YAMLbUIPgHLBY0n5enmXhAKA=s88-c-k-c0x00ffffff-no-rj,https://yt3.ggpht.com/lY5opk8UFslyNRpQmxL2whl6urjsauzF4P_hB28EvQE8j3iBS3YAMLbUIPgHLBY0n5enmXhAKA=s240-c-k-c0x00ffffff-no-rj,https://yt3.ggpht.com/lY5opk8UFslyNRpQmxL2whl6urjsauzF4P_hB28EvQE8j3iBS3YAMLbUIPgHLBY0n5enmXhAKA=s800-c-k-c0x00ffffff-no-rj,j3pgsLAAmXs,https://www.youtube.com/watch?v=j3pgsLAAmXs,Day 1 - Colombia - Observatorio de Derechos territoriales de los Pueblos Indigenas,,2022-02-25T13:37:26Z,es,en,UC486iX5Pijix88cRP6KIcng,Tenure Facility,22,People & Blogs,[],none,https://i.ytimg.com/vi/j3pgsLAAmXs/default.jpg,https://i.ytimg.com/vi/j3pgsLAAmXs/mqdefault.jpg,https://i.ytimg.com/vi/j3pgsLAAmXs/hqdefault.jpg,https://i.ytimg.com/vi/j3pgsLAAmXs/sddefault.jpg,https://i.ytimg.com/vi/j3pgsLAAmXs/maxresdefault.jpg,PT33M16S,2d,hd,false,False,rectangular,{},{},processed,public,youtube,True,True,True,,10,0,0,0,"[""https://en.wikipedia.org/wiki/Knowledge"", ""https://en.wikipedia.org/wiki/Politics""]",[],,,,,,,{},"{""es"": {""title"": ""Day 1 - Colombia - Observatorio de Derechos territoriales de los Pueblos Indigenas"", ""description"": """"}}",VVU0ODZpWDVQaWppeDg4Y1JQNktJY25nLmozcGdzTEFBbVhz,79,2022-02-25T13:37:26Z,public
UC486iX5Pijix88cRP6KIcng,Tenure Facility,"More than 2.5 billion Indigenous Peoples and local communities live in almost half of the world’s land area, yet they legally own less than 10% of their territories. These richly biodiverse ancestral lands are vital to our global climate, fresh water and food security. When land rights aren’t legally recognised, it puts lives and ecosystems at risk. Reducing land conflict, advancing human rights, promoting development and contributing to sustainable climate solutions can all start with strengthening community tenure rights. The Tenure Facility works alongside Indigenous Peoples and local communities, offering dedicated financial and technical support for innovative approaches to implementing collective tenure rights, whilst sharing the knowledge, innovations and tools that emerge across a global network.",@thetenurefacility,2018-01-23T19:26:57Z,SE,12536,176,False,148,,,EhioEX10DNo,,,,"[""https://en.wikipedia.org/wiki/Society"", ""https://en.wikipedia.org/wiki/Knowledge""]",https://yt3.ggpht.com/lY5opk8UFslyNRpQmxL2whl6urjsauzF4P_hB28EvQE8j3iBS3YAMLbUIPgHLBY0n5enmXhAKA=s88-c-k-c0x00ffffff-no-rj,https://yt3.ggpht.com/lY5opk8UFslyNRpQmxL2whl6urjsauzF4P_hB28EvQE8j3iBS3YAMLbUIPgHLBY0n5enmXhAKA=s240-c-k-c0x00ffffff-no-rj,https://yt3.ggpht.com/lY5opk8UFslyNRpQmxL2whl6urjsauzF4P_hB28EvQE8j3iBS3YAMLbUIPgHLBY0n5enmXhAKA=s800-c-k-c0x00ffffff-no-rj,fUyfSglD4Iw,https://www.youtube.com/watch?v=fUyfSglD4Iw,Day 1 - Nepal - Securing collective resources and land tenure right through Federalism in Nepal,,2022-02-25T13:29:45Z,en,en,UC486iX5Pijix88cRP6KIcng,Tenure Facility,22,People & Blogs,[],none,https://i.ytimg.com/vi/fUyfSglD4Iw/default.jpg,https://i.ytimg.com/vi/fUyfSglD4Iw/mqdefault.jpg,https://i.ytimg.com/vi/fUyfSglD4Iw/hqdefault.jpg,https://i.ytimg.com/vi/fUyfSglD4Iw/sddefault.jpg,https://i.ytimg.com/vi/fUyfSglD4Iw/maxresdefault.jpg,PT53M4S,2d,hd,false,False,rectangular,{},{},processed,public,youtube,True,True,True,,48,2,0,0,"[""https://en.wikipedia.org/wiki/Society""]",[],,,,,,,{},"{""en"": {""title"": ""Day 1 - Nepal - Securing collective resources and land tenure right through Federalism in Nepal"", ""description"": """"}}",VVU0ODZpWDVQaWppeDg4Y1JQNktJY25nLmZVeWZTZ2xENEl3,80,2022-02-25T13:29:45Z,public
UC486iX5Pijix88cRP6KIcng,Tenure Facility,"More than 2.5 billion Indigenous Peoples and local communities live in almost half of the world’s land area, yet they legally own less than 10% of their territories. These richly biodiverse ancestral lands are vital to our global climate, fresh water and food security. When land rights aren’t legally recognised, it puts lives and ecosystems at risk. Reducing land conflict, advancing human rights, promoting development and contributing to sustainable climate solutions can all start with strengthening community tenure rights. The Tenure Facility works alongside Indigenous Peoples and local communities, offering dedicated financial and technical support for innovative approaches to implementing collective tenure rights, whilst sharing the knowledge, innovations and tools that emerge across a global network.",@thetenurefacility,2018-01-23T19:26:57Z,SE,12536,176,False,148,,,EhioEX10DNo,,,,"[""https://en.wikipedia.org/wiki/Society"", ""https://en.wikipedia.org/wiki/Knowledge""]",https://yt3.ggpht.com/lY5opk8UFslyNRpQmxL2whl6urjsauzF4P_hB28EvQE8j3iBS3YAMLbUIPgHLBY0n5enmXhAKA=s88-c-k-c0x00ffffff-no-rj,https://yt3.ggpht.com/lY5opk8UFslyNRpQmxL2whl6urjsauzF4P_hB28EvQE8j3iBS3YAMLbUIPgHLBY0n5enmXhAKA=s240-c-k-c0x00ffffff-no-rj,https://yt3.ggpht.com/lY5opk8UFslyNRpQmxL2whl6urjsauzF4P_hB28EvQE8j3iBS3YAMLbUIPgHLBY0n5enmXhAKA=s800-c-k-c0x00ffffff-no-rj,MZP06JEuTdo,https://www.youtube.com/watch?v=MZP06JEuTdo,"Opening Ceremony - Mayejak Blessing, Jalacte, Belize",,2022-02-25T12:24:18Z,sv,en,UC486iX5Pijix88cRP6KIcng,Tenure Facility,22,People & Blogs,[],none,https://i.ytimg.com/vi/MZP06JEuTdo/default.jpg,https://i.ytimg.com/vi/MZP06JEuTdo/mqdefault.jpg,https://i.ytimg.com/vi/MZP06JEuTdo/hqdefault.jpg,https://i.ytimg.com/vi/MZP06JEuTdo/sddefault.jpg,https://i.ytimg.com/vi/MZP06JEuTdo/maxresdefault.jpg,PT15M1S,2d,hd,false,False,rectangular,{},{},processed,public,youtube,True,True,True,,1152,9,0,0,"[""https://en.wikipedia.org/wiki/Lifestyle_(sociology)"", ""https://en.wikipedia.org/wiki/Religion""]",[],,,,,,,{},"{""sv"": {""title"": ""Opening Ceremony - Mayejak Blessing, Jalacte, Belize"", ""description"": """"}}",VVU0ODZpWDVQaWppeDg4Y1JQNktJY25nLk1aUDA2SkV1VGRv,81,2022-02-25T12:24:18Z,public
UC486iX5Pijix88cRP6KIcng,Tenure Facility,"More than 2.5 billion Indigenous Peoples and local communities live in almost half of the world’s land area, yet they legally own less than 10% of their territories. These richly biodiverse ancestral lands are vital to our global climate, fresh water and food security. When land rights aren’t legally recognised, it puts lives and ecosystems at risk. Reducing land conflict, advancing human rights, promoting development and contributing to sustainable climate solutions can all start with strengthening community tenure rights. The Tenure Facility works alongside Indigenous Peoples and local communities, offering dedicated financial and technical support for innovative approaches to implementing collective tenure rights, whilst sharing the knowledge, innovations and tools that emerge across a global network.",@thetenurefacility,2018-01-23T19:26:57Z,SE,12536,176,False,148,,,EhioEX10DNo,,,,"[""https://en.wikipedia.org/wiki/Society"", ""https://en.wikipedia.org/wiki/Knowledge""]",https://yt3.ggpht.com/lY5opk8UFslyNRpQmxL2whl6urjsauzF4P_hB28EvQE8j3iBS3YAMLbUIPgHLBY0n5enmXhAKA=s88-c-k-c0x00ffffff-no-rj,https://yt3.ggpht.com/lY5opk8UFslyNRpQmxL2whl6urjsauzF4P_hB28EvQE8j3iBS3YAMLbUIPgHLBY0n5enmXhAKA=s240-c-k-c0x00ffffff-no-rj,https://yt3.ggpht.com/lY5opk8UFslyNRpQmxL2whl6urjsauzF4P_hB28EvQE8j3iBS3YAMLbUIPgHLBY0n5enmXhAKA=s800-c-k-c0x00ffffff-no-rj,bbh2vaxHFQY,https://www.youtube.com/watch?v=bbh2vaxHFQY,Day 4 - Emerging Themes,"Advances in collective rights to land, territories and resources through mapping, verification and registration of land.",2022-02-23T02:26:36Z,en,en,UC486iX5Pijix88cRP6KIcng,Tenure Facility,22,People & Blogs,[],none,https://i.ytimg.com/vi/bbh2vaxHFQY/default.jpg,https://i.ytimg.com/vi/bbh2vaxHFQY/mqdefault.jpg,https://i.ytimg.com/vi/bbh2vaxHFQY/hqdefault.jpg,https://i.ytimg.com/vi/bbh2vaxHFQY/sddefault.jpg,,PT2H12M41S,2d,sd,false,False,rectangular,{},"{""blocked"": [""RU""]}",processed,public,youtube,True,True,True,,6,0,0,0,"[""https://en.wikipedia.org/wiki/Knowledge""]",[],,,,,,,{},"{""en"": {""title"": ""Day 4 - Emerging Themes"", ""description"": ""Advances in collective rights to land, territories and resources through mapping, verification and registration of land.""}}",VVU0ODZpWDVQaWppeDg4Y1JQNktJY25nLmJiaDJ2YXhIRlFZ,82,2022-02-23T02:26:36Z,public
UC486iX5Pijix88cRP6KIcng,Tenure Facility,"More than 2.5 billion Indigenous Peoples and local communities live in almost half of the world’s land area, yet they legally own less than 10% of their territories. These richly biodiverse ancestral lands are vital to our global climate, fresh water and food security. When land rights aren’t legally recognised, it puts lives and ecosystems at risk. Reducing land conflict, advancing human rights, promoting development and contributing to sustainable climate solutions can all start with strengthening community tenure rights. The Tenure Facility works alongside Indigenous Peoples and local communities, offering dedicated financial and technical support for innovative approaches to implementing collective tenure rights, whilst sharing the knowledge, innovations and tools that emerge across a global network.",@thetenurefacility,2018-01-23T19:26:57Z,SE,12536,176,False,148,,,EhioEX10DNo,,,,"[""https://en.wikipedia.org/wiki/Society"", ""https://en.wikipedia.org/wiki/Knowledge""]",https://yt3.ggpht.com/lY5opk8UFslyNRpQmxL2whl6urjsauzF4P_hB28EvQE8j3iBS3YAMLbUIPgHLBY0n5enmXhAKA=s88-c-k-c0x00ffffff-no-rj,https://yt3.ggpht.com/lY5opk8UFslyNRpQmxL2whl6urjsauzF4P_hB28EvQE8j3iBS3YAMLbUIPgHLBY0n5enmXhAKA=s240-c-k-c0x00ffffff-no-rj,https://yt3.ggpht.com/lY5opk8UFslyNRpQmxL2whl6urjsauzF4P_hB28EvQE8j3iBS3YAMLbUIPgHLBY0n5enmXhAKA=s800-c-k-c0x00ffffff-no-rj,l_hemsWSHzI,https://www.youtube.com/watch?v=l_hemsWSHzI,Day 3 - Alliances and Inclusion,"Strengthening youth, women, village organizations and communities, resolving conflicts, linking with districts/provinces, national and regional governments, federations, networks, and alliances.",2022-02-22T20:34:17Z,en,en,UC486iX5Pijix88cRP6KIcng,Tenure Facility,22,People & Blogs,[],none,https://i.ytimg.com/vi/l_hemsWSHzI/default.jpg,https://i.ytimg.com/vi/l_hemsWSHzI/mqdefault.jpg,https://i.ytimg.com/vi/l_hemsWSHzI/hqdefault.jpg,https://i.ytimg.com/vi/l_hemsWSHzI/sddefault.jpg,https://i.ytimg.com/vi/l_hemsWSHzI/maxresdefault.jpg,PT2H2M30S,2d,sd,false,False,rectangular,{},"{""blocked"": [""BY"", ""RU""]}",processed,public,youtube,True,True,True,,11,0,0,0,"[""https://en.wikipedia.org/wiki/Society""]",[],,,,,,,{},"{""en"": {""title"": ""Day 3 - Alliances and Inclusion"", ""description"": ""Strengthening youth, women, village organizations and communities, resolving conflicts, linking with districts/provinces, national and regional governments, federations, networks, and alliances.""}}",VVU0ODZpWDVQaWppeDg4Y1JQNktJY25nLmxfaGVtc1dTSHpJ,83,2022-02-22T20:34:17Z,public
UC486iX5Pijix88cRP6KIcng,Tenure Facility,"More than 2.5 billion Indigenous Peoples and local communities live in almost half of the world’s land area, yet they legally own less than 10% of their territories. These richly biodiverse ancestral lands are vital to our global climate, fresh water and food security. When land rights aren’t legally recognised, it puts lives and ecosystems at risk. Reducing land conflict, advancing human rights, promoting development and contributing to sustainable climate solutions can all start with strengthening community tenure rights. The Tenure Facility works alongside Indigenous Peoples and local communities, offering dedicated financial and technical support for innovative approaches to implementing collective tenure rights, whilst sharing the knowledge, innovations and tools that emerge across a global network.",@thetenurefacility,2018-01-23T19:26:57Z,SE,12536,176,False,148,,,EhioEX10DNo,,,,"[""https://en.wikipedia.org/wiki/Society"", ""https://en.wikipedia.org/wiki/Knowledge""]",https://yt3.ggpht.com/lY5opk8UFslyNRpQmxL2whl6urjsauzF4P_hB28EvQE8j3iBS3YAMLbUIPgHLBY0n5enmXhAKA=s88-c-k-c0x00ffffff-no-rj,https://yt3.ggpht.com/lY5opk8UFslyNRpQmxL2whl6urjsauzF4P_hB28EvQE8j3iBS3YAMLbUIPgHLBY0n5enmXhAKA=s240-c-k-c0x00ffffff-no-rj,https://yt3.ggpht.com/lY5opk8UFslyNRpQmxL2whl6urjsauzF4P_hB28EvQE8j3iBS3YAMLbUIPgHLBY0n5enmXhAKA=s800-c-k-c0x00ffffff-no-rj,w9WGtZKqe2Y,https://www.youtube.com/watch?v=w9WGtZKqe2Y,Day 2 - Sustaining Tenure,"Governance of territories upon gaining tenure, protecting nature and environment, forests, agroforest landscapes.",2022-02-22T20:19:39Z,en,en,UC486iX5Pijix88cRP6KIcng,Tenure Facility,22,People & Blogs,[],none,https://i.ytimg.com/vi/w9WGtZKqe2Y/default.jpg,https://i.ytimg.com/vi/w9WGtZKqe2Y/mqdefault.jpg,https://i.ytimg.com/vi/w9WGtZKqe2Y/hqdefault.jpg,,,PT1H47M57S,2d,sd,false,False,rectangular,{},{},processed,public,youtube,True,True,True,,6,0,0,0,"[""https://en.wikipedia.org/wiki/Knowledge""]",[],,,,,,,{},"{""en"": {""title"": ""Day 2 - Sustaining Tenure"", ""description"": ""Governance of territories upon gaining tenure, protecting nature and environment, forests, agroforest landscapes.""}}",VVU0ODZpWDVQaWppeDg4Y1JQNktJY25nLnc5V0d0WktxZTJZ,84,2022-02-22T20:19:39Z,public
UC486iX5Pijix88cRP6KIcng,Tenure Facility,"More than 2.5 billion Indigenous Peoples and local communities live in almost half of the world’s land area, yet they legally own less than 10% of their territories. These richly biodiverse ancestral lands are vital to our global climate, fresh water and food security. When land rights aren’t legally recognised, it puts lives and ecosystems at risk. Reducing land conflict, advancing human rights, promoting development and contributing to sustainable climate solutions can all start with strengthening community tenure rights. The Tenure Facility works alongside Indigenous Peoples and local communities, offering dedicated financial and technical support for innovative approaches to implementing collective tenure rights, whilst sharing the knowledge, innovations and tools that emerge across a global network.",@thetenurefacility,2018-01-23T19:26:57Z,SE,12536,176,False,148,,,EhioEX10DNo,,,,"[""https://en.wikipedia.org/wiki/Society"", ""https://en.wikipedia.org/wiki/Knowledge""]",https://yt3.ggpht.com/lY5opk8UFslyNRpQmxL2whl6urjsauzF4P_hB28EvQE8j3iBS3YAMLbUIPgHLBY0n5enmXhAKA=s88-c-k-c0x00ffffff-no-rj,https://yt3.ggpht.com/lY5opk8UFslyNRpQmxL2whl6urjsauzF4P_hB28EvQE8j3iBS3YAMLbUIPgHLBY0n5enmXhAKA=s240-c-k-c0x00ffffff-no-rj,https://yt3.ggpht.com/lY5opk8UFslyNRpQmxL2whl6urjsauzF4P_hB28EvQE8j3iBS3YAMLbUIPgHLBY0n5enmXhAKA=s800-c-k-c0x00ffffff-no-rj,lyHIXXwmI-4,https://www.youtube.com/watch?v=lyHIXXwmI-4,Day 1 - Securing Tenure,"Advances in collective rights to land, territories and resources through mapping, verification and registration of land.",2022-02-22T17:39:40Z,en,en,UC486iX5Pijix88cRP6KIcng,Tenure Facility,22,People & Blogs,[],none,https://i.ytimg.com/vi/lyHIXXwmI-4/default.jpg,https://i.ytimg.com/vi/lyHIXXwmI-4/mqdefault.jpg,https://i.ytimg.com/vi/lyHIXXwmI-4/hqdefault.jpg,https://i.ytimg.com/vi/lyHIXXwmI-4/sddefault.jpg,,PT2H20M28S,2d,sd,false,False,rectangular,{},"{""blocked"": [""BY"", ""RU""]}",processed,public,youtube,True,True,True,,33,0,0,0,"[""https://en.wikipedia.org/wiki/Knowledge""]",[],,,,,,,{},"{""en"": {""title"": ""Day 1 - Securing Tenure"", ""description"": ""Advances in collective rights to land, territories and resources through mapping, verification and registration of land.""}}",VVU0ODZpWDVQaWppeDg4Y1JQNktJY25nLmx5SElYWHdtSS00,85,2022-02-22T17:39:40Z,public
UC486iX5Pijix88cRP6KIcng,Tenure Facility,"More than 2.5 billion Indigenous Peoples and local communities live in almost half of the world’s land area, yet they legally own less than 10% of their territories. These richly biodiverse ancestral lands are vital to our global climate, fresh water and food security. When land rights aren’t legally recognised, it puts lives and ecosystems at risk. Reducing land conflict, advancing human rights, promoting development and contributing to sustainable climate solutions can all start with strengthening community tenure rights. The Tenure Facility works alongside Indigenous Peoples and local communities, offering dedicated financial and technical support for innovative approaches to implementing collective tenure rights, whilst sharing the knowledge, innovations and tools that emerge across a global network.",@thetenurefacility,2018-01-23T19:26:57Z,SE,12536,176,False,148,,,EhioEX10DNo,,,,"[""https://en.wikipedia.org/wiki/Society"", ""https://en.wikipedia.org/wiki/Knowledge""]",https://yt3.ggpht.com/lY5opk8UFslyNRpQmxL2whl6urjsauzF4P_hB28EvQE8j3iBS3YAMLbUIPgHLBY0n5enmXhAKA=s88-c-k-c0x00ffffff-no-rj,https://yt3.ggpht.com/lY5opk8UFslyNRpQmxL2whl6urjsauzF4P_hB28EvQE8j3iBS3YAMLbUIPgHLBY0n5enmXhAKA=s240-c-k-c0x00ffffff-no-rj,https://yt3.ggpht.com/lY5opk8UFslyNRpQmxL2whl6urjsauzF4P_hB28EvQE8j3iBS3YAMLbUIPgHLBY0n5enmXhAKA=s800-c-k-c0x00ffffff-no-rj,7O6ztTuVDWg,https://www.youtube.com/watch?v=7O6ztTuVDWg,Homecoming Movement - Indonesia short video ENG,,2022-02-14T11:50:34Z,sv,en,UC486iX5Pijix88cRP6KIcng,Tenure Facility,22,People & Blogs,[],none,https://i.ytimg.com/vi/7O6ztTuVDWg/default.jpg,https://i.ytimg.com/vi/7O6ztTuVDWg/mqdefault.jpg,https://i.ytimg.com/vi/7O6ztTuVDWg/hqdefault.jpg,https://i.ytimg.com/vi/7O6ztTuVDWg/sddefault.jpg,https://i.ytimg.com/vi/7O6ztTuVDWg/maxresdefault.jpg,PT1M30S,2d,hd,false,False,rectangular,{},{},processed,public,youtube,True,True,True,,18,1,0,0,"[""https://en.wikipedia.org/wiki/Religion"", ""https://en.wikipedia.org/wiki/Society""]",[],,,,,,,{},"{""sv"": {""title"": ""Homecoming Movement - Indonesia short video ENG"", ""description"": """"}}",VVU0ODZpWDVQaWppeDg4Y1JQNktJY25nLjdPNnp0VHVWRFdn,86,2022-02-14T11:50:34Z,public
UC486iX5Pijix88cRP6KIcng,Tenure Facility,"More than 2.5 billion Indigenous Peoples and local communities live in almost half of the world’s land area, yet they legally own less than 10% of their territories. These richly biodiverse ancestral lands are vital to our global climate, fresh water and food security. When land rights aren’t legally recognised, it puts lives and ecosystems at risk. Reducing land conflict, advancing human rights, promoting development and contributing to sustainable climate solutions can all start with strengthening community tenure rights. The Tenure Facility works alongside Indigenous Peoples and local communities, offering dedicated financial and technical support for innovative approaches to implementing collective tenure rights, whilst sharing the knowledge, innovations and tools that emerge across a global network.",@thetenurefacility,2018-01-23T19:26:57Z,SE,12536,176,False,148,,,EhioEX10DNo,,,,"[""https://en.wikipedia.org/wiki/Society"", ""https://en.wikipedia.org/wiki/Knowledge""]",https://yt3.ggpht.com/lY5opk8UFslyNRpQmxL2whl6urjsauzF4P_hB28EvQE8j3iBS3YAMLbUIPgHLBY0n5enmXhAKA=s88-c-k-c0x00ffffff-no-rj,https://yt3.ggpht.com/lY5opk8UFslyNRpQmxL2whl6urjsauzF4P_hB28EvQE8j3iBS3YAMLbUIPgHLBY0n5enmXhAKA=s240-c-k-c0x00ffffff-no-rj,https://yt3.ggpht.com/lY5opk8UFslyNRpQmxL2whl6urjsauzF4P_hB28EvQE8j3iBS3YAMLbUIPgHLBY0n5enmXhAKA=s800-c-k-c0x00ffffff-no-rj,uFi_Cuf-jhE,https://www.youtube.com/watch?v=uFi_Cuf-jhE,San Benito Poite Village - the auto-delimination process,"The Julian Cho Society of San Benito Poite Village Leaders and Elders, speaking on the auto-delimitation process, at Se B'alam (Boundary Marker of villages of San Benito Poite, Corazon and Otoxha",2022-02-10T09:51:06Z,en,en,UC486iX5Pijix88cRP6KIcng,Tenure Facility,22,People & Blogs,[],none,https://i.ytimg.com/vi/uFi_Cuf-jhE/default.jpg,https://i.ytimg.com/vi/uFi_Cuf-jhE/mqdefault.jpg,https://i.ytimg.com/vi/uFi_Cuf-jhE/hqdefault.jpg,https://i.ytimg.com/vi/uFi_Cuf-jhE/sddefault.jpg,https://i.ytimg.com/vi/uFi_Cuf-jhE/maxresdefault.jpg,PT3M26S,2d,hd,false,False,rectangular,{},{},processed,public,youtube,True,True,True,,348,5,0,0,"[""https://en.wikipedia.org/wiki/Lifestyle_(sociology)""]",[],,,,,,,{},"{""en"": {""title"": ""San Benito Poite Village - the auto-delimination process"", ""description"": ""The Julian Cho Society of San Benito Poite Village Leaders and Elders, speaking on the auto-delimitation process, at Se B'alam (Boundary Marker of villages of San Benito Poite, Corazon and Otoxha""}}",VVU0ODZpWDVQaWppeDg4Y1JQNktJY25nLnVGaV9DdWYtamhF,87,2022-02-10T09:51:06Z,public
UC486iX5Pijix88cRP6KIcng,Tenure Facility,"More than 2.5 billion Indigenous Peoples and local communities live in almost half of the world’s land area, yet they legally own less than 10% of their territories. These richly biodiverse ancestral lands are vital to our global climate, fresh water and food security. When land rights aren’t legally recognised, it puts lives and ecosystems at risk. Reducing land conflict, advancing human rights, promoting development and contributing to sustainable climate solutions can all start with strengthening community tenure rights. The Tenure Facility works alongside Indigenous Peoples and local communities, offering dedicated financial and technical support for innovative approaches to implementing collective tenure rights, whilst sharing the knowledge, innovations and tools that emerge across a global network.",@thetenurefacility,2018-01-23T19:26:57Z,SE,12536,176,False,148,,,EhioEX10DNo,,,,"[""https://en.wikipedia.org/wiki/Society"", ""https://en.wikipedia.org/wiki/Knowledge""]",https://yt3.ggpht.com/lY5opk8UFslyNRpQmxL2whl6urjsauzF4P_hB28EvQE8j3iBS3YAMLbUIPgHLBY0n5enmXhAKA=s88-c-k-c0x00ffffff-no-rj,https://yt3.ggpht.com/lY5opk8UFslyNRpQmxL2whl6urjsauzF4P_hB28EvQE8j3iBS3YAMLbUIPgHLBY0n5enmXhAKA=s240-c-k-c0x00ffffff-no-rj,https://yt3.ggpht.com/lY5opk8UFslyNRpQmxL2whl6urjsauzF4P_hB28EvQE8j3iBS3YAMLbUIPgHLBY0n5enmXhAKA=s800-c-k-c0x00ffffff-no-rj,__pcPK0Qybc,https://www.youtube.com/watch?v=__pcPK0Qybc,Ral Ch'och - Children of the Earth,,2022-01-18T20:58:04Z,sv,en,UC486iX5Pijix88cRP6KIcng,Tenure Facility,22,People & Blogs,[],none,https://i.ytimg.com/vi/__pcPK0Qybc/default.jpg,https://i.ytimg.com/vi/__pcPK0Qybc/mqdefault.jpg,https://i.ytimg.com/vi/__pcPK0Qybc/hqdefault.jpg,https://i.ytimg.com/vi/__pcPK0Qybc/sddefault.jpg,https://i.ytimg.com/vi/__pcPK0Qybc/maxresdefault.jpg,PT8M11S,2d,hd,false,False,rectangular,{},{},processed,public,youtube,True,True,True,,70,4,0,0,[],[],,,,,,,{},"{""sv"": {""title"": ""Ral Ch'och - Children of the Earth"", ""description"": """"}}",VVU0ODZpWDVQaWppeDg4Y1JQNktJY25nLl9fcGNQSzBReWJj,88,2022-01-18T20:58:04Z,public
UC486iX5Pijix88cRP6KIcng,Tenure Facility,"More than 2.5 billion Indigenous Peoples and local communities live in almost half of the world’s land area, yet they legally own less than 10% of their territories. These richly biodiverse ancestral lands are vital to our global climate, fresh water and food security. When land rights aren’t legally recognised, it puts lives and ecosystems at risk. Reducing land conflict, advancing human rights, promoting development and contributing to sustainable climate solutions can all start with strengthening community tenure rights. The Tenure Facility works alongside Indigenous Peoples and local communities, offering dedicated financial and technical support for innovative approaches to implementing collective tenure rights, whilst sharing the knowledge, innovations and tools that emerge across a global network.",@thetenurefacility,2018-01-23T19:26:57Z,SE,12536,176,False,148,,,EhioEX10DNo,,,,"[""https://en.wikipedia.org/wiki/Society"", ""https://en.wikipedia.org/wiki/Knowledge""]",https://yt3.ggpht.com/lY5opk8UFslyNRpQmxL2whl6urjsauzF4P_hB28EvQE8j3iBS3YAMLbUIPgHLBY0n5enmXhAKA=s88-c-k-c0x00ffffff-no-rj,https://yt3.ggpht.com/lY5opk8UFslyNRpQmxL2whl6urjsauzF4P_hB28EvQE8j3iBS3YAMLbUIPgHLBY0n5enmXhAKA=s240-c-k-c0x00ffffff-no-rj,https://yt3.ggpht.com/lY5opk8UFslyNRpQmxL2whl6urjsauzF4P_hB28EvQE8j3iBS3YAMLbUIPgHLBY0n5enmXhAKA=s800-c-k-c0x00ffffff-no-rj,dwkyO4WX3CU,https://www.youtube.com/watch?v=dwkyO4WX3CU,Voices from Indigenous Peoples - Cristina Coc,,2022-01-18T20:47:39Z,sv,en,UC486iX5Pijix88cRP6KIcng,Tenure Facility,22,People & Blogs,[],none,https://i.ytimg.com/vi/dwkyO4WX3CU/default.jpg,https://i.ytimg.com/vi/dwkyO4WX3CU/mqdefault.jpg,https://i.ytimg.com/vi/dwkyO4WX3CU/hqdefault.jpg,https://i.ytimg.com/vi/dwkyO4WX3CU/sddefault.jpg,https://i.ytimg.com/vi/dwkyO4WX3CU/maxresdefault.jpg,PT52S,2d,hd,false,False,rectangular,{},{},processed,public,youtube,True,True,True,,115,5,0,0,"[""https://en.wikipedia.org/wiki/Lifestyle_(sociology)""]",[],,,,,,,{},"{""sv"": {""title"": ""Voices from Indigenous Peoples - Cristina Coc"", ""description"": """"}}",VVU0ODZpWDVQaWppeDg4Y1JQNktJY25nLmR3a3lPNFdYM0NV,89,2022-01-18T20:47:39Z,public
UC486iX5Pijix88cRP6KIcng,Tenure Facility,"More than 2.5 billion Indigenous Peoples and local communities live in almost half of the world’s land area, yet they legally own less than 10% of their territories. These richly biodiverse ancestral lands are vital to our global climate, fresh water and food security. When land rights aren’t legally recognised, it puts lives and ecosystems at risk. Reducing land conflict, advancing human rights, promoting development and contributing to sustainable climate solutions can all start with strengthening community tenure rights. The Tenure Facility works alongside Indigenous Peoples and local communities, offering dedicated financial and technical support for innovative approaches to implementing collective tenure rights, whilst sharing the knowledge, innovations and tools that emerge across a global network.",@thetenurefacility,2018-01-23T19:26:57Z,SE,12536,176,False,148,,,EhioEX10DNo,,,,"[""https://en.wikipedia.org/wiki/Society"", ""https://en.wikipedia.org/wiki/Knowledge""]",https://yt3.ggpht.com/lY5opk8UFslyNRpQmxL2whl6urjsauzF4P_hB28EvQE8j3iBS3YAMLbUIPgHLBY0n5enmXhAKA=s88-c-k-c0x00ffffff-no-rj,https://yt3.ggpht.com/lY5opk8UFslyNRpQmxL2whl6urjsauzF4P_hB28EvQE8j3iBS3YAMLbUIPgHLBY0n5enmXhAKA=s240-c-k-c0x00ffffff-no-rj,https://yt3.ggpht.com/lY5opk8UFslyNRpQmxL2whl6urjsauzF4P_hB28EvQE8j3iBS3YAMLbUIPgHLBY0n5enmXhAKA=s800-c-k-c0x00ffffff-no-rj,oE23bJNBEsU,https://www.youtube.com/watch?v=oE23bJNBEsU,Homecoming,,2021-12-22T15:07:57Z,sv,en,UC486iX5Pijix88cRP6KIcng,Tenure Facility,22,People & Blogs,[],none,https://i.ytimg.com/vi/oE23bJNBEsU/default.jpg,https://i.ytimg.com/vi/oE23bJNBEsU/mqdefault.jpg,https://i.ytimg.com/vi/oE23bJNBEsU/hqdefault.jpg,https://i.ytimg.com/vi/oE23bJNBEsU/sddefault.jpg,https://i.ytimg.com/vi/oE23bJNBEsU/maxresdefault.jpg,PT8M20S,2d,hd,false,False,rectangular,{},{},processed,public,youtube,True,True,True,,157,3,0,0,"[""https://en.wikipedia.org/wiki/Lifestyle_(sociology)""]",[],,,,,,,{},"{""sv"": {""title"": ""Homecoming"", ""description"": """"}}",VVU0ODZpWDVQaWppeDg4Y1JQNktJY25nLm9FMjNiSk5CRXNV,90,2021-12-22T15:07:57Z,public
UC486iX5Pijix88cRP6KIcng,Tenure Facility,"More than 2.5 billion Indigenous Peoples and local communities live in almost half of the world’s land area, yet they legally own less than 10% of their territories. These richly biodiverse ancestral lands are vital to our global climate, fresh water and food security. When land rights aren’t legally recognised, it puts lives and ecosystems at risk. Reducing land conflict, advancing human rights, promoting development and contributing to sustainable climate solutions can all start with strengthening community tenure rights. The Tenure Facility works alongside Indigenous Peoples and local communities, offering dedicated financial and technical support for innovative approaches to implementing collective tenure rights, whilst sharing the knowledge, innovations and tools that emerge across a global network.",@thetenurefacility,2018-01-23T19:26:57Z,SE,12536,176,False,148,,,EhioEX10DNo,,,,"[""https://en.wikipedia.org/wiki/Society"", ""https://en.wikipedia.org/wiki/Knowledge""]",https://yt3.ggpht.com/lY5opk8UFslyNRpQmxL2whl6urjsauzF4P_hB28EvQE8j3iBS3YAMLbUIPgHLBY0n5enmXhAKA=s88-c-k-c0x00ffffff-no-rj,https://yt3.ggpht.com/lY5opk8UFslyNRpQmxL2whl6urjsauzF4P_hB28EvQE8j3iBS3YAMLbUIPgHLBY0n5enmXhAKA=s240-c-k-c0x00ffffff-no-rj,https://yt3.ggpht.com/lY5opk8UFslyNRpQmxL2whl6urjsauzF4P_hB28EvQE8j3iBS3YAMLbUIPgHLBY0n5enmXhAKA=s800-c-k-c0x00ffffff-no-rj,RZJSNjbRICM,https://www.youtube.com/watch?v=RZJSNjbRICM,Panama clip 2,,2021-11-29T17:45:00Z,sv,en,UC486iX5Pijix88cRP6KIcng,Tenure Facility,22,People & Blogs,[],none,https://i.ytimg.com/vi/RZJSNjbRICM/default.jpg,https://i.ytimg.com/vi/RZJSNjbRICM/mqdefault.jpg,https://i.ytimg.com/vi/RZJSNjbRICM/hqdefault.jpg,https://i.ytimg.com/vi/RZJSNjbRICM/sddefault.jpg,https://i.ytimg.com/vi/RZJSNjbRICM/maxresdefault.jpg,PT35S,2d,hd,false,False,rectangular,{},{},processed,public,youtube,True,True,True,,7,0,0,0,[],[],,,,,,,{},"{""sv"": {""title"": ""Panama clip 2"", ""description"": """"}}",VVU0ODZpWDVQaWppeDg4Y1JQNktJY25nLlJaSlNOamJSSUNN,91,2021-11-29T17:45:00Z,public
UC486iX5Pijix88cRP6KIcng,Tenure Facility,"More than 2.5 billion Indigenous Peoples and local communities live in almost half of the world’s land area, yet they legally own less than 10% of their territories. These richly biodiverse ancestral lands are vital to our global climate, fresh water and food security. When land rights aren’t legally recognised, it puts lives and ecosystems at risk. Reducing land conflict, advancing human rights, promoting development and contributing to sustainable climate solutions can all start with strengthening community tenure rights. The Tenure Facility works alongside Indigenous Peoples and local communities, offering dedicated financial and technical support for innovative approaches to implementing collective tenure rights, whilst sharing the knowledge, innovations and tools that emerge across a global network.",@thetenurefacility,2018-01-23T19:26:57Z,SE,12536,176,False,148,,,EhioEX10DNo,,,,"[""https://en.wikipedia.org/wiki/Society"", ""https://en.wikipedia.org/wiki/Knowledge""]",https://yt3.ggpht.com/lY5opk8UFslyNRpQmxL2whl6urjsauzF4P_hB28EvQE8j3iBS3YAMLbUIPgHLBY0n5enmXhAKA=s88-c-k-c0x00ffffff-no-rj,https://yt3.ggpht.com/lY5opk8UFslyNRpQmxL2whl6urjsauzF4P_hB28EvQE8j3iBS3YAMLbUIPgHLBY0n5enmXhAKA=s240-c-k-c0x00ffffff-no-rj,https://yt3.ggpht.com/lY5opk8UFslyNRpQmxL2whl6urjsauzF4P_hB28EvQE8j3iBS3YAMLbUIPgHLBY0n5enmXhAKA=s800-c-k-c0x00ffffff-no-rj,BczzrPaFVmM,https://www.youtube.com/watch?v=BczzrPaFVmM,Panama clip 1,,2021-11-29T17:38:38Z,sv,en,UC486iX5Pijix88cRP6KIcng,Tenure Facility,22,People & Blogs,[],none,https://i.ytimg.com/vi/BczzrPaFVmM/default.jpg,https://i.ytimg.com/vi/BczzrPaFVmM/mqdefault.jpg,https://i.ytimg.com/vi/BczzrPaFVmM/hqdefault.jpg,https://i.ytimg.com/vi/BczzrPaFVmM/sddefault.jpg,https://i.ytimg.com/vi/BczzrPaFVmM/maxresdefault.jpg,PT49S,2d,hd,false,False,rectangular,{},{},processed,public,youtube,True,True,True,,9,0,0,0,[],[],,,,,,,{},"{""sv"": {""title"": ""Panama clip 1"", ""description"": """"}}",VVU0ODZpWDVQaWppeDg4Y1JQNktJY25nLkJjenpyUGFGVm1N,92,2021-11-29T17:38:38Z,public
UC486iX5Pijix88cRP6KIcng,Tenure Facility,"More than 2.5 billion Indigenous Peoples and local communities live in almost half of the world’s land area, yet they legally own less than 10% of their territories. These richly biodiverse ancestral lands are vital to our global climate, fresh water and food security. When land rights aren’t legally recognised, it puts lives and ecosystems at risk. Reducing land conflict, advancing human rights, promoting development and contributing to sustainable climate solutions can all start with strengthening community tenure rights. The Tenure Facility works alongside Indigenous Peoples and local communities, offering dedicated financial and technical support for innovative approaches to implementing collective tenure rights, whilst sharing the knowledge, innovations and tools that emerge across a global network.",@thetenurefacility,2018-01-23T19:26:57Z,SE,12536,176,False,148,,,EhioEX10DNo,,,,"[""https://en.wikipedia.org/wiki/Society"", ""https://en.wikipedia.org/wiki/Knowledge""]",https://yt3.ggpht.com/lY5opk8UFslyNRpQmxL2whl6urjsauzF4P_hB28EvQE8j3iBS3YAMLbUIPgHLBY0n5enmXhAKA=s88-c-k-c0x00ffffff-no-rj,https://yt3.ggpht.com/lY5opk8UFslyNRpQmxL2whl6urjsauzF4P_hB28EvQE8j3iBS3YAMLbUIPgHLBY0n5enmXhAKA=s240-c-k-c0x00ffffff-no-rj,https://yt3.ggpht.com/lY5opk8UFslyNRpQmxL2whl6urjsauzF4P_hB28EvQE8j3iBS3YAMLbUIPgHLBY0n5enmXhAKA=s800-c-k-c0x00ffffff-no-rj,flm6fgls6j4,https://www.youtube.com/watch?v=flm6fgls6j4,Tenure Tales - Panama trailer,,2021-11-29T17:31:39Z,sv,en,UC486iX5Pijix88cRP6KIcng,Tenure Facility,22,People & Blogs,[],none,https://i.ytimg.com/vi/flm6fgls6j4/default.jpg,https://i.ytimg.com/vi/flm6fgls6j4/mqdefault.jpg,https://i.ytimg.com/vi/flm6fgls6j4/hqdefault.jpg,https://i.ytimg.com/vi/flm6fgls6j4/sddefault.jpg,https://i.ytimg.com/vi/flm6fgls6j4/maxresdefault.jpg,PT1M20S,2d,hd,false,False,rectangular,{},{},processed,public,youtube,True,True,True,,16,0,0,0,"[""https://en.wikipedia.org/wiki/Society""]",[],,,,,,,{},"{""sv"": {""title"": ""Tenure Tales - Panama trailer"", ""description"": """"}}",VVU0ODZpWDVQaWppeDg4Y1JQNktJY25nLmZsbTZmZ2xzNmo0,93,2021-11-29T17:31:39Z,public
UC486iX5Pijix88cRP6KIcng,Tenure Facility,"More than 2.5 billion Indigenous Peoples and local communities live in almost half of the world’s land area, yet they legally own less than 10% of their territories. These richly biodiverse ancestral lands are vital to our global climate, fresh water and food security. When land rights aren’t legally recognised, it puts lives and ecosystems at risk. Reducing land conflict, advancing human rights, promoting development and contributing to sustainable climate solutions can all start with strengthening community tenure rights. The Tenure Facility works alongside Indigenous Peoples and local communities, offering dedicated financial and technical support for innovative approaches to implementing collective tenure rights, whilst sharing the knowledge, innovations and tools that emerge across a global network.",@thetenurefacility,2018-01-23T19:26:57Z,SE,12536,176,False,148,,,EhioEX10DNo,,,,"[""https://en.wikipedia.org/wiki/Society"", ""https://en.wikipedia.org/wiki/Knowledge""]",https://yt3.ggpht.com/lY5opk8UFslyNRpQmxL2whl6urjsauzF4P_hB28EvQE8j3iBS3YAMLbUIPgHLBY0n5enmXhAKA=s88-c-k-c0x00ffffff-no-rj,https://yt3.ggpht.com/lY5opk8UFslyNRpQmxL2whl6urjsauzF4P_hB28EvQE8j3iBS3YAMLbUIPgHLBY0n5enmXhAKA=s240-c-k-c0x00ffffff-no-rj,https://yt3.ggpht.com/lY5opk8UFslyNRpQmxL2whl6urjsauzF4P_hB28EvQE8j3iBS3YAMLbUIPgHLBY0n5enmXhAKA=s800-c-k-c0x00ffffff-no-rj,rrVj5U_ykik,https://www.youtube.com/watch?v=rrVj5U_ykik,Tenure Tales - Panama (Spanish),,2021-11-29T17:17:32Z,sv,en,UC486iX5Pijix88cRP6KIcng,Tenure Facility,22,People & Blogs,[],none,https://i.ytimg.com/vi/rrVj5U_ykik/default.jpg,https://i.ytimg.com/vi/rrVj5U_ykik/mqdefault.jpg,https://i.ytimg.com/vi/rrVj5U_ykik/hqdefault.jpg,https://i.ytimg.com/vi/rrVj5U_ykik/sddefault.jpg,https://i.ytimg.com/vi/rrVj5U_ykik/maxresdefault.jpg,PT6M19S,2d,hd,false,False,rectangular,{},{},processed,public,youtube,True,True,True,,24,1,0,0,"[""https://en.wikipedia.org/wiki/Society""]",[],,,,,,,{},"{""sv"": {""title"": ""Tenure Tales - Panama (Spanish)"", ""description"": """"}}",VVU0ODZpWDVQaWppeDg4Y1JQNktJY25nLnJyVmo1VV95a2lr,94,2021-11-29T17:17:32Z,public
UC486iX5Pijix88cRP6KIcng,Tenure Facility,"More than 2.5 billion Indigenous Peoples and local communities live in almost half of the world’s land area, yet they legally own less than 10% of their territories. These richly biodiverse ancestral lands are vital to our global climate, fresh water and food security. When land rights aren’t legally recognised, it puts lives and ecosystems at risk. Reducing land conflict, advancing human rights, promoting development and contributing to sustainable climate solutions can all start with strengthening community tenure rights. The Tenure Facility works alongside Indigenous Peoples and local communities, offering dedicated financial and technical support for innovative approaches to implementing collective tenure rights, whilst sharing the knowledge, innovations and tools that emerge across a global network.",@thetenurefacility,2018-01-23T19:26:57Z,SE,12536,176,False,148,,,EhioEX10DNo,,,,"[""https://en.wikipedia.org/wiki/Society"", ""https://en.wikipedia.org/wiki/Knowledge""]",https://yt3.ggpht.com/lY5opk8UFslyNRpQmxL2whl6urjsauzF4P_hB28EvQE8j3iBS3YAMLbUIPgHLBY0n5enmXhAKA=s88-c-k-c0x00ffffff-no-rj,https://yt3.ggpht.com/lY5opk8UFslyNRpQmxL2whl6urjsauzF4P_hB28EvQE8j3iBS3YAMLbUIPgHLBY0n5enmXhAKA=s240-c-k-c0x00ffffff-no-rj,https://yt3.ggpht.com/lY5opk8UFslyNRpQmxL2whl6urjsauzF4P_hB28EvQE8j3iBS3YAMLbUIPgHLBY0n5enmXhAKA=s800-c-k-c0x00ffffff-no-rj,1YKsGHEryQM,https://www.youtube.com/watch?v=1YKsGHEryQM,Tenure Tales - Panama,,2021-11-29T16:35:05Z,sv,en,UC486iX5Pijix88cRP6KIcng,Tenure Facility,22,People & Blogs,[],none,https://i.ytimg.com/vi/1YKsGHEryQM/default.jpg,https://i.ytimg.com/vi/1YKsGHEryQM/mqdefault.jpg,https://i.ytimg.com/vi/1YKsGHEryQM/hqdefault.jpg,https://i.ytimg.com/vi/1YKsGHEryQM/sddefault.jpg,https://i.ytimg.com/vi/1YKsGHEryQM/maxresdefault.jpg,PT6M19S,2d,hd,false,False,rectangular,{},{},processed,public,youtube,True,True,True,,63,1,0,0,[],[],,,,,,,{},"{""sv"": {""title"": ""Tenure Tales - Panama"", ""description"": """"}}",VVU0ODZpWDVQaWppeDg4Y1JQNktJY25nLjFZS3NHSEVyeVFN,95,2021-11-29T16:35:05Z,public
UC486iX5Pijix88cRP6KIcng,Tenure Facility,"More than 2.5 billion Indigenous Peoples and local communities live in almost half of the world’s land area, yet they legally own less than 10% of their territories. These richly biodiverse ancestral lands are vital to our global climate, fresh water and food security. When land rights aren’t legally recognised, it puts lives and ecosystems at risk. Reducing land conflict, advancing human rights, promoting development and contributing to sustainable climate solutions can all start with strengthening community tenure rights. The Tenure Facility works alongside Indigenous Peoples and local communities, offering dedicated financial and technical support for innovative approaches to implementing collective tenure rights, whilst sharing the knowledge, innovations and tools that emerge across a global network.",@thetenurefacility,2018-01-23T19:26:57Z,SE,12536,176,False,148,,,EhioEX10DNo,,,,"[""https://en.wikipedia.org/wiki/Society"", ""https://en.wikipedia.org/wiki/Knowledge""]",https://yt3.ggpht.com/lY5opk8UFslyNRpQmxL2whl6urjsauzF4P_hB28EvQE8j3iBS3YAMLbUIPgHLBY0n5enmXhAKA=s88-c-k-c0x00ffffff-no-rj,https://yt3.ggpht.com/lY5opk8UFslyNRpQmxL2whl6urjsauzF4P_hB28EvQE8j3iBS3YAMLbUIPgHLBY0n5enmXhAKA=s240-c-k-c0x00ffffff-no-rj,https://yt3.ggpht.com/lY5opk8UFslyNRpQmxL2whl6urjsauzF4P_hB28EvQE8j3iBS3YAMLbUIPgHLBY0n5enmXhAKA=s800-c-k-c0x00ffffff-no-rj,QIz6Cwc5emw,https://www.youtube.com/watch?v=QIz6Cwc5emw,Energy Frontiers: Renewable energies in Indigenous Territories,,2021-11-26T10:15:40Z,en,en,UC486iX5Pijix88cRP6KIcng,Tenure Facility,22,People & Blogs,[],none,https://i.ytimg.com/vi/QIz6Cwc5emw/default.jpg,https://i.ytimg.com/vi/QIz6Cwc5emw/mqdefault.jpg,https://i.ytimg.com/vi/QIz6Cwc5emw/hqdefault.jpg,https://i.ytimg.com/vi/QIz6Cwc5emw/sddefault.jpg,,PT1H29M,2d,hd,false,False,rectangular,{},{},processed,public,youtube,True,True,True,,36,0,0,0,"[""https://en.wikipedia.org/wiki/Society""]",[],,,,,,,{},"{""en"": {""title"": ""Energy Frontiers: Renewable energies in Indigenous Territories"", ""description"": """"}}",VVU0ODZpWDVQaWppeDg4Y1JQNktJY25nLlFJejZDd2M1ZW13,96,2021-11-26T10:15:40Z,public
UC486iX5Pijix88cRP6KIcng,Tenure Facility,"More than 2.5 billion Indigenous Peoples and local communities live in almost half of the world’s land area, yet they legally own less than 10% of their territories. These richly biodiverse ancestral lands are vital to our global climate, fresh water and food security. When land rights aren’t legally recognised, it puts lives and ecosystems at risk. Reducing land conflict, advancing human rights, promoting development and contributing to sustainable climate solutions can all start with strengthening community tenure rights. The Tenure Facility works alongside Indigenous Peoples and local communities, offering dedicated financial and technical support for innovative approaches to implementing collective tenure rights, whilst sharing the knowledge, innovations and tools that emerge across a global network.",@thetenurefacility,2018-01-23T19:26:57Z,SE,12536,176,False,148,,,EhioEX10DNo,,,,"[""https://en.wikipedia.org/wiki/Society"", ""https://en.wikipedia.org/wiki/Knowledge""]",https://yt3.ggpht.com/lY5opk8UFslyNRpQmxL2whl6urjsauzF4P_hB28EvQE8j3iBS3YAMLbUIPgHLBY0n5enmXhAKA=s88-c-k-c0x00ffffff-no-rj,https://yt3.ggpht.com/lY5opk8UFslyNRpQmxL2whl6urjsauzF4P_hB28EvQE8j3iBS3YAMLbUIPgHLBY0n5enmXhAKA=s240-c-k-c0x00ffffff-no-rj,https://yt3.ggpht.com/lY5opk8UFslyNRpQmxL2whl6urjsauzF4P_hB28EvQE8j3iBS3YAMLbUIPgHLBY0n5enmXhAKA=s800-c-k-c0x00ffffff-no-rj,pFpOr1rpMyY,https://www.youtube.com/watch?v=pFpOr1rpMyY,Financing Land Rights: Investing in People and Nature,,2021-11-25T15:34:16Z,en,en,UC486iX5Pijix88cRP6KIcng,Tenure Facility,22,People & Blogs,[],none,https://i.ytimg.com/vi/pFpOr1rpMyY/default.jpg,https://i.ytimg.com/vi/pFpOr1rpMyY/mqdefault.jpg,https://i.ytimg.com/vi/pFpOr1rpMyY/hqdefault.jpg,https://i.ytimg.com/vi/pFpOr1rpMyY/sddefault.jpg,https://i.ytimg.com/vi/pFpOr1rpMyY/maxresdefault.jpg,PT1H37M31S,2d,hd,false,False,rectangular,{},{},processed,public,youtube,True,True,True,,36,0,0,0,"[""https://en.wikipedia.org/wiki/Society""]",[],,,,,,,{},"{""en"": {""title"": ""Financing Land Rights: Investing in People and Nature"", ""description"": """"}}",VVU0ODZpWDVQaWppeDg4Y1JQNktJY25nLnBGcE9yMXJwTXlZ,97,2021-11-25T15:34:16Z,public
UC486iX5Pijix88cRP6KIcng,Tenure Facility,"More than 2.5 billion Indigenous Peoples and local communities live in almost half of the world’s land area, yet they legally own less than 10% of their territories. These richly biodiverse ancestral lands are vital to our global climate, fresh water and food security. When land rights aren’t legally recognised, it puts lives and ecosystems at risk. Reducing land conflict, advancing human rights, promoting development and contributing to sustainable climate solutions can all start with strengthening community tenure rights. The Tenure Facility works alongside Indigenous Peoples and local communities, offering dedicated financial and technical support for innovative approaches to implementing collective tenure rights, whilst sharing the knowledge, innovations and tools that emerge across a global network.",@thetenurefacility,2018-01-23T19:26:57Z,SE,12536,176,False,148,,,EhioEX10DNo,,,,"[""https://en.wikipedia.org/wiki/Society"", ""https://en.wikipedia.org/wiki/Knowledge""]",https://yt3.ggpht.com/lY5opk8UFslyNRpQmxL2whl6urjsauzF4P_hB28EvQE8j3iBS3YAMLbUIPgHLBY0n5enmXhAKA=s88-c-k-c0x00ffffff-no-rj,https://yt3.ggpht.com/lY5opk8UFslyNRpQmxL2whl6urjsauzF4P_hB28EvQE8j3iBS3YAMLbUIPgHLBY0n5enmXhAKA=s240-c-k-c0x00ffffff-no-rj,https://yt3.ggpht.com/lY5opk8UFslyNRpQmxL2whl6urjsauzF4P_hB28EvQE8j3iBS3YAMLbUIPgHLBY0n5enmXhAKA=s800-c-k-c0x00ffffff-no-rj,Xsi-bx4gB_E,https://www.youtube.com/watch?v=Xsi-bx4gB_E,TenureFacility animation,,2021-11-22T13:39:02Z,en,en,UC486iX5Pijix88cRP6KIcng,Tenure Facility,22,People & Blogs,[],none,https://i.ytimg.com/vi/Xsi-bx4gB_E/default.jpg,https://i.ytimg.com/vi/Xsi-bx4gB_E/mqdefault.jpg,https://i.ytimg.com/vi/Xsi-bx4gB_E/hqdefault.jpg,https://i.ytimg.com/vi/Xsi-bx4gB_E/sddefault.jpg,https://i.ytimg.com/vi/Xsi-bx4gB_E/maxresdefault.jpg,PT2M36S,2d,hd,false,False,rectangular,{},{},processed,public,youtube,True,True,True,,84,1,0,0,[],[],,,,,,,{},"{""en"": {""title"": ""TenureFacility animation"", ""description"": """"}}",VVU0ODZpWDVQaWppeDg4Y1JQNktJY25nLlhzaS1ieDRnQl9F,98,2021-11-22T13:39:02Z,public
UC486iX5Pijix88cRP6KIcng,Tenure Facility,"More than 2.5 billion Indigenous Peoples and local communities live in almost half of the world’s land area, yet they legally own less than 10% of their territories. These richly biodiverse ancestral lands are vital to our global climate, fresh water and food security. When land rights aren’t legally recognised, it puts lives and ecosystems at risk. Reducing land conflict, advancing human rights, promoting development and contributing to sustainable climate solutions can all start with strengthening community tenure rights. The Tenure Facility works alongside Indigenous Peoples and local communities, offering dedicated financial and technical support for innovative approaches to implementing collective tenure rights, whilst sharing the knowledge, innovations and tools that emerge across a global network.",@thetenurefacility,2018-01-23T19:26:57Z,SE,12536,176,False,148,,,EhioEX10DNo,,,,"[""https://en.wikipedia.org/wiki/Society"", ""https://en.wikipedia.org/wiki/Knowledge""]",https://yt3.ggpht.com/lY5opk8UFslyNRpQmxL2whl6urjsauzF4P_hB28EvQE8j3iBS3YAMLbUIPgHLBY0n5enmXhAKA=s88-c-k-c0x00ffffff-no-rj,https://yt3.ggpht.com/lY5opk8UFslyNRpQmxL2whl6urjsauzF4P_hB28EvQE8j3iBS3YAMLbUIPgHLBY0n5enmXhAKA=s240-c-k-c0x00ffffff-no-rj,https://yt3.ggpht.com/lY5opk8UFslyNRpQmxL2whl6urjsauzF4P_hB28EvQE8j3iBS3YAMLbUIPgHLBY0n5enmXhAKA=s800-c-k-c0x00ffffff-no-rj,flSkMhEmWXU,https://www.youtube.com/watch?v=flSkMhEmWXU,TF HII Final,,2021-11-17T12:21:59Z,en,en,UC486iX5Pijix88cRP6KIcng,Tenure Facility,22,People & Blogs,[],none,https://i.ytimg.com/vi/flSkMhEmWXU/default.jpg,https://i.ytimg.com/vi/flSkMhEmWXU/mqdefault.jpg,https://i.ytimg.com/vi/flSkMhEmWXU/hqdefault.jpg,https://i.ytimg.com/vi/flSkMhEmWXU/sddefault.jpg,https://i.ytimg.com/vi/flSkMhEmWXU/maxresdefault.jpg,PT35S,2d,hd,false,False,rectangular,{},{},processed,public,youtube,True,True,True,,29,2,0,0,"[""https://en.wikipedia.org/wiki/Entertainment""]",[],,,,,,,{},"{""en"": {""title"": ""TF HII Final"", ""description"": """"}}",VVU0ODZpWDVQaWppeDg4Y1JQNktJY25nLmZsU2tNaEVtV1hV,99,2021-11-17T12:21:59Z,public
UC486iX5Pijix88cRP6KIcng,Tenure Facility,"More than 2.5 billion Indigenous Peoples and local communities live in almost half of the world’s land area, yet they legally own less than 10% of their territories. These richly biodiverse ancestral lands are vital to our global climate, fresh water and food security. When land rights aren’t legally recognised, it puts lives and ecosystems at risk. Reducing land conflict, advancing human rights, promoting development and contributing to sustainable climate solutions can all start with strengthening community tenure rights. The Tenure Facility works alongside Indigenous Peoples and local communities, offering dedicated financial and technical support for innovative approaches to implementing collective tenure rights, whilst sharing the knowledge, innovations and tools that emerge across a global network.",@thetenurefacility,2018-01-23T19:26:57Z,SE,12536,176,False,148,,,EhioEX10DNo,,,,"[""https://en.wikipedia.org/wiki/Society"", ""https://en.wikipedia.org/wiki/Knowledge""]",https://yt3.ggpht.com/lY5opk8UFslyNRpQmxL2whl6urjsauzF4P_hB28EvQE8j3iBS3YAMLbUIPgHLBY0n5enmXhAKA=s88-c-k-c0x00ffffff-no-rj,https://yt3.ggpht.com/lY5opk8UFslyNRpQmxL2whl6urjsauzF4P_hB28EvQE8j3iBS3YAMLbUIPgHLBY0n5enmXhAKA=s240-c-k-c0x00ffffff-no-rj,https://yt3.ggpht.com/lY5opk8UFslyNRpQmxL2whl6urjsauzF4P_hB28EvQE8j3iBS3YAMLbUIPgHLBY0n5enmXhAKA=s800-c-k-c0x00ffffff-no-rj,6nZu2akxcCw,https://www.youtube.com/watch?v=6nZu2akxcCw,Land Dialogues: Lessons from Indigenous Food Systems,,2021-10-20T12:36:57Z,en,en,UC486iX5Pijix88cRP6KIcng,Tenure Facility,22,People & Blogs,[],none,https://i.ytimg.com/vi/6nZu2akxcCw/default.jpg,https://i.ytimg.com/vi/6nZu2akxcCw/mqdefault.jpg,https://i.ytimg.com/vi/6nZu2akxcCw/hqdefault.jpg,https://i.ytimg.com/vi/6nZu2akxcCw/sddefault.jpg,https://i.ytimg.com/vi/6nZu2akxcCw/maxresdefault.jpg,PT1H35M31S,2d,hd,false,False,rectangular,{},{},processed,public,youtube,True,True,True,,42,0,0,0,"[""https://en.wikipedia.org/wiki/Knowledge""]",[],,,,,,,{},"{""en"": {""title"": ""Land Dialogues: Lessons from Indigenous Food Systems"", ""description"": """"}}",VVU0ODZpWDVQaWppeDg4Y1JQNktJY25nLjZuWnUyYWt4Y0N3,100,2021-10-20T12:36:57Z,public
UC486iX5Pijix88cRP6KIcng,Tenure Facility,"More than 2.5 billion Indigenous Peoples and local communities live in almost half of the world’s land area, yet they legally own less than 10% of their territories. These richly biodiverse ancestral lands are vital to our global climate, fresh water and food security. When land rights aren’t legally recognised, it puts lives and ecosystems at risk. Reducing land conflict, advancing human rights, promoting development and contributing to sustainable climate solutions can all start with strengthening community tenure rights. The Tenure Facility works alongside Indigenous Peoples and local communities, offering dedicated financial and technical support for innovative approaches to implementing collective tenure rights, whilst sharing the knowledge, innovations and tools that emerge across a global network.",@thetenurefacility,2018-01-23T19:26:57Z,SE,12536,176,False,148,,,EhioEX10DNo,,,,"[""https://en.wikipedia.org/wiki/Society"", ""https://en.wikipedia.org/wiki/Knowledge""]",https://yt3.ggpht.com/lY5opk8UFslyNRpQmxL2whl6urjsauzF4P_hB28EvQE8j3iBS3YAMLbUIPgHLBY0n5enmXhAKA=s88-c-k-c0x00ffffff-no-rj,https://yt3.ggpht.com/lY5opk8UFslyNRpQmxL2whl6urjsauzF4P_hB28EvQE8j3iBS3YAMLbUIPgHLBY0n5enmXhAKA=s240-c-k-c0x00ffffff-no-rj,https://yt3.ggpht.com/lY5opk8UFslyNRpQmxL2whl6urjsauzF4P_hB28EvQE8j3iBS3YAMLbUIPgHLBY0n5enmXhAKA=s800-c-k-c0x00ffffff-no-rj,wnLULrjKtew,https://www.youtube.com/watch?v=wnLULrjKtew,Land Dialogues: Honouring Traditional Knowledge in the Fight Against the Climate Crisis,,2021-10-19T12:29:27Z,en,en,UC486iX5Pijix88cRP6KIcng,Tenure Facility,22,People & Blogs,[],none,https://i.ytimg.com/vi/wnLULrjKtew/default.jpg,https://i.ytimg.com/vi/wnLULrjKtew/mqdefault.jpg,https://i.ytimg.com/vi/wnLULrjKtew/hqdefault.jpg,https://i.ytimg.com/vi/wnLULrjKtew/sddefault.jpg,,PT1H31M23S,2d,hd,false,False,rectangular,{},{},processed,public,youtube,True,True,True,,42,1,0,0,"[""https://en.wikipedia.org/wiki/Society""]",[],,,,,,,{},"{""en"": {""title"": ""Land Dialogues: Honouring Traditional Knowledge in the Fight Against the Climate Crisis"", ""description"": """"}}",VVU0ODZpWDVQaWppeDg4Y1JQNktJY25nLnduTFVMcmpLdGV3,101,2021-10-19T12:29:27Z,public
UC486iX5Pijix88cRP6KIcng,Tenure Facility,"More than 2.5 billion Indigenous Peoples and local communities live in almost half of the world’s land area, yet they legally own less than 10% of their territories. These richly biodiverse ancestral lands are vital to our global climate, fresh water and food security. When land rights aren’t legally recognised, it puts lives and ecosystems at risk. Reducing land conflict, advancing human rights, promoting development and contributing to sustainable climate solutions can all start with strengthening community tenure rights. The Tenure Facility works alongside Indigenous Peoples and local communities, offering dedicated financial and technical support for innovative approaches to implementing collective tenure rights, whilst sharing the knowledge, innovations and tools that emerge across a global network.",@thetenurefacility,2018-01-23T19:26:57Z,SE,12536,176,False,148,,,EhioEX10DNo,,,,"[""https://en.wikipedia.org/wiki/Society"", ""https://en.wikipedia.org/wiki/Knowledge""]",https://yt3.ggpht.com/lY5opk8UFslyNRpQmxL2whl6urjsauzF4P_hB28EvQE8j3iBS3YAMLbUIPgHLBY0n5enmXhAKA=s88-c-k-c0x00ffffff-no-rj,https://yt3.ggpht.com/lY5opk8UFslyNRpQmxL2whl6urjsauzF4P_hB28EvQE8j3iBS3YAMLbUIPgHLBY0n5enmXhAKA=s240-c-k-c0x00ffffff-no-rj,https://yt3.ggpht.com/lY5opk8UFslyNRpQmxL2whl6urjsauzF4P_hB28EvQE8j3iBS3YAMLbUIPgHLBY0n5enmXhAKA=s800-c-k-c0x00ffffff-no-rj,de7hYJED2Mg,https://www.youtube.com/watch?v=de7hYJED2Mg,HOME  - Living in reciprocity with the Earth,,2021-10-15T13:37:19Z,en,en,UC486iX5Pijix88cRP6KIcng,Tenure Facility,22,People & Blogs,[],none,https://i.ytimg.com/vi/de7hYJED2Mg/default.jpg,https://i.ytimg.com/vi/de7hYJED2Mg/mqdefault.jpg,https://i.ytimg.com/vi/de7hYJED2Mg/hqdefault.jpg,https://i.ytimg.com/vi/de7hYJED2Mg/sddefault.jpg,https://i.ytimg.com/vi/de7hYJED2Mg/maxresdefault.jpg,PT4M42S,2d,hd,false,False,rectangular,{},{},processed,public,youtube,True,True,True,,84,4,0,0,[],[],,,,,,,{},"{""en"": {""title"": ""HOME  - Living in reciprocity with the Earth"", ""description"": """"}}",VVU0ODZpWDVQaWppeDg4Y1JQNktJY25nLmRlN2hZSkVEMk1n,102,2021-10-15T13:37:19Z,public
UC486iX5Pijix88cRP6KIcng,Tenure Facility,"More than 2.5 billion Indigenous Peoples and local communities live in almost half of the world’s land area, yet they legally own less than 10% of their territories. These richly biodiverse ancestral lands are vital to our global climate, fresh water and food security. When land rights aren’t legally recognised, it puts lives and ecosystems at risk. Reducing land conflict, advancing human rights, promoting development and contributing to sustainable climate solutions can all start with strengthening community tenure rights. The Tenure Facility works alongside Indigenous Peoples and local communities, offering dedicated financial and technical support for innovative approaches to implementing collective tenure rights, whilst sharing the knowledge, innovations and tools that emerge across a global network.",@thetenurefacility,2018-01-23T19:26:57Z,SE,12536,176,False,148,,,EhioEX10DNo,,,,"[""https://en.wikipedia.org/wiki/Society"", ""https://en.wikipedia.org/wiki/Knowledge""]",https://yt3.ggpht.com/lY5opk8UFslyNRpQmxL2whl6urjsauzF4P_hB28EvQE8j3iBS3YAMLbUIPgHLBY0n5enmXhAKA=s88-c-k-c0x00ffffff-no-rj,https://yt3.ggpht.com/lY5opk8UFslyNRpQmxL2whl6urjsauzF4P_hB28EvQE8j3iBS3YAMLbUIPgHLBY0n5enmXhAKA=s240-c-k-c0x00ffffff-no-rj,https://yt3.ggpht.com/lY5opk8UFslyNRpQmxL2whl6urjsauzF4P_hB28EvQE8j3iBS3YAMLbUIPgHLBY0n5enmXhAKA=s800-c-k-c0x00ffffff-no-rj,A3Uog7ylgHM,https://www.youtube.com/watch?v=A3Uog7ylgHM,HOME - Indigenous guardianship,,2021-10-15T13:28:42Z,sv,en,UC486iX5Pijix88cRP6KIcng,Tenure Facility,22,People & Blogs,[],none,https://i.ytimg.com/vi/A3Uog7ylgHM/default.jpg,https://i.ytimg.com/vi/A3Uog7ylgHM/mqdefault.jpg,https://i.ytimg.com/vi/A3Uog7ylgHM/hqdefault.jpg,https://i.ytimg.com/vi/A3Uog7ylgHM/sddefault.jpg,https://i.ytimg.com/vi/A3Uog7ylgHM/maxresdefault.jpg,PT1M24S,2d,hd,false,False,rectangular,{},{},processed,public,youtube,True,True,True,,45,2,0,0,[],[],,,,,,,{},"{""sv"": {""title"": ""HOME - Indigenous guardianship"", ""description"": """"}}",VVU0ODZpWDVQaWppeDg4Y1JQNktJY25nLkEzVW9nN3lsZ0hN,103,2021-10-15T13:28:42Z,public
UC486iX5Pijix88cRP6KIcng,Tenure Facility,"More than 2.5 billion Indigenous Peoples and local communities live in almost half of the world’s land area, yet they legally own less than 10% of their territories. These richly biodiverse ancestral lands are vital to our global climate, fresh water and food security. When land rights aren’t legally recognised, it puts lives and ecosystems at risk. Reducing land conflict, advancing human rights, promoting development and contributing to sustainable climate solutions can all start with strengthening community tenure rights. The Tenure Facility works alongside Indigenous Peoples and local communities, offering dedicated financial and technical support for innovative approaches to implementing collective tenure rights, whilst sharing the knowledge, innovations and tools that emerge across a global network.",@thetenurefacility,2018-01-23T19:26:57Z,SE,12536,176,False,148,,,EhioEX10DNo,,,,"[""https://en.wikipedia.org/wiki/Society"", ""https://en.wikipedia.org/wiki/Knowledge""]",https://yt3.ggpht.com/lY5opk8UFslyNRpQmxL2whl6urjsauzF4P_hB28EvQE8j3iBS3YAMLbUIPgHLBY0n5enmXhAKA=s88-c-k-c0x00ffffff-no-rj,https://yt3.ggpht.com/lY5opk8UFslyNRpQmxL2whl6urjsauzF4P_hB28EvQE8j3iBS3YAMLbUIPgHLBY0n5enmXhAKA=s240-c-k-c0x00ffffff-no-rj,https://yt3.ggpht.com/lY5opk8UFslyNRpQmxL2whl6urjsauzF4P_hB28EvQE8j3iBS3YAMLbUIPgHLBY0n5enmXhAKA=s800-c-k-c0x00ffffff-no-rj,nNJUNmnYh-M,https://www.youtube.com/watch?v=nNJUNmnYh-M,HOME,,2021-10-15T13:25:34Z,sv,en,UC486iX5Pijix88cRP6KIcng,Tenure Facility,22,People & Blogs,[],none,https://i.ytimg.com/vi/nNJUNmnYh-M/default.jpg,https://i.ytimg.com/vi/nNJUNmnYh-M/mqdefault.jpg,https://i.ytimg.com/vi/nNJUNmnYh-M/hqdefault.jpg,https://i.ytimg.com/vi/nNJUNmnYh-M/sddefault.jpg,https://i.ytimg.com/vi/nNJUNmnYh-M/maxresdefault.jpg,PT38S,2d,hd,false,False,rectangular,{},{},processed,public,youtube,True,True,True,,31,1,0,0,[],[],,,,,,,{},"{""sv"": {""title"": ""HOME"", ""description"": """"}}",VVU0ODZpWDVQaWppeDg4Y1JQNktJY25nLm5OSlVObW5ZaC1N,104,2021-10-15T13:25:34Z,public
UC486iX5Pijix88cRP6KIcng,Tenure Facility,"More than 2.5 billion Indigenous Peoples and local communities live in almost half of the world’s land area, yet they legally own less than 10% of their territories. These richly biodiverse ancestral lands are vital to our global climate, fresh water and food security. When land rights aren’t legally recognised, it puts lives and ecosystems at risk. Reducing land conflict, advancing human rights, promoting development and contributing to sustainable climate solutions can all start with strengthening community tenure rights. The Tenure Facility works alongside Indigenous Peoples and local communities, offering dedicated financial and technical support for innovative approaches to implementing collective tenure rights, whilst sharing the knowledge, innovations and tools that emerge across a global network.",@thetenurefacility,2018-01-23T19:26:57Z,SE,12536,176,False,148,,,EhioEX10DNo,,,,"[""https://en.wikipedia.org/wiki/Society"", ""https://en.wikipedia.org/wiki/Knowledge""]",https://yt3.ggpht.com/lY5opk8UFslyNRpQmxL2whl6urjsauzF4P_hB28EvQE8j3iBS3YAMLbUIPgHLBY0n5enmXhAKA=s88-c-k-c0x00ffffff-no-rj,https://yt3.ggpht.com/lY5opk8UFslyNRpQmxL2whl6urjsauzF4P_hB28EvQE8j3iBS3YAMLbUIPgHLBY0n5enmXhAKA=s240-c-k-c0x00ffffff-no-rj,https://yt3.ggpht.com/lY5opk8UFslyNRpQmxL2whl6urjsauzF4P_hB28EvQE8j3iBS3YAMLbUIPgHLBY0n5enmXhAKA=s800-c-k-c0x00ffffff-no-rj,01_M2M_CnA0,https://www.youtube.com/watch?v=01_M2M_CnA0,We are legends: Honouring Traditional Knowledge in the Fight Against the Climate Crisis,"Enjoy this piece by Gigi Buddie, student and member of Artists and Climate Change, as she describes her poetic take on the climate crisis.  GiGi will be joining the above mentioned webinar as a panelist, providing a fresh perspective on how different forms of art, from poetry to painting, can serve as a means to relay knowledge on climate change issues.",2021-09-06T12:09:37Z,en,en,UC486iX5Pijix88cRP6KIcng,Tenure Facility,22,People & Blogs,[],none,https://i.ytimg.com/vi/01_M2M_CnA0/default.jpg,https://i.ytimg.com/vi/01_M2M_CnA0/mqdefault.jpg,https://i.ytimg.com/vi/01_M2M_CnA0/hqdefault.jpg,https://i.ytimg.com/vi/01_M2M_CnA0/sddefault.jpg,,PT1M54S,2d,hd,false,False,rectangular,{},{},processed,public,youtube,True,True,True,,78,3,0,0,"[""https://en.wikipedia.org/wiki/Knowledge""]",[],,,,,,,{},"{""en"": {""title"": ""We are legends: Honouring Traditional Knowledge in the Fight Against the Climate Crisis"", ""description"": ""Enjoy this piece by Gigi Buddie, student and member of Artists and Climate Change, as she describes her poetic take on the climate crisis.  GiGi will be joining the above mentioned webinar as a panelist, providing a fresh perspective on how different forms of art, from poetry to painting, can serve as a means to relay knowledge on climate change issues.""}}",VVU0ODZpWDVQaWppeDg4Y1JQNktJY25nLjAxX00yTV9DbkEw,105,2021-09-06T12:09:37Z,public
UC486iX5Pijix88cRP6KIcng,Tenure Facility,"More than 2.5 billion Indigenous Peoples and local communities live in almost half of the world’s land area, yet they legally own less than 10% of their territories. These richly biodiverse ancestral lands are vital to our global climate, fresh water and food security. When land rights aren’t legally recognised, it puts lives and ecosystems at risk. Reducing land conflict, advancing human rights, promoting development and contributing to sustainable climate solutions can all start with strengthening community tenure rights. The Tenure Facility works alongside Indigenous Peoples and local communities, offering dedicated financial and technical support for innovative approaches to implementing collective tenure rights, whilst sharing the knowledge, innovations and tools that emerge across a global network.",@thetenurefacility,2018-01-23T19:26:57Z,SE,12536,176,False,148,,,EhioEX10DNo,,,,"[""https://en.wikipedia.org/wiki/Society"", ""https://en.wikipedia.org/wiki/Knowledge""]",https://yt3.ggpht.com/lY5opk8UFslyNRpQmxL2whl6urjsauzF4P_hB28EvQE8j3iBS3YAMLbUIPgHLBY0n5enmXhAKA=s88-c-k-c0x00ffffff-no-rj,https://yt3.ggpht.com/lY5opk8UFslyNRpQmxL2whl6urjsauzF4P_hB28EvQE8j3iBS3YAMLbUIPgHLBY0n5enmXhAKA=s240-c-k-c0x00ffffff-no-rj,https://yt3.ggpht.com/lY5opk8UFslyNRpQmxL2whl6urjsauzF4P_hB28EvQE8j3iBS3YAMLbUIPgHLBY0n5enmXhAKA=s800-c-k-c0x00ffffff-no-rj,80BeBxrAuds,https://www.youtube.com/watch?v=80BeBxrAuds,Lessons in climate resilience: what can we learn from indigenous and local communities?,"Indigenous Peoples globally have high exposure to environmental change and are often considered an ‘‘at-risk’’ population, although there is growing evidence of their resilience. Ample research illustrates that Indigenous Peoples are actively observing and adapting to change in a diversity of ways. In this webinar we will examine the common factor affecting resilience to environmental change among Indigenous Peoples and local communities.

The concept of resilience has been outlined and used in different ways and we use it here to think holistically about the general characteristics that affect the ‘‘capacity of individuals, communities, and systems to survive, adapt, and grow in the face of stress and shocks, and even transform when conditions require it.” Strong connections to the land heldby many indigenous and local communities bring unique reflections for understanding and responding to environmental change. Thus, the indirect effects of environmental change on interpersonal and environmental relationships, life experience, belief systems, family, and oral history are often as important as, if not more so, the more direct impacts of climate change.",2021-07-01T13:47:44Z,en,en,UC486iX5Pijix88cRP6KIcng,Tenure Facility,22,People & Blogs,[],none,https://i.ytimg.com/vi/80BeBxrAuds/default.jpg,https://i.ytimg.com/vi/80BeBxrAuds/mqdefault.jpg,https://i.ytimg.com/vi/80BeBxrAuds/hqdefault.jpg,https://i.ytimg.com/vi/80BeBxrAuds/sddefault.jpg,,PT1H29M45S,2d,hd,false,False,rectangular,{},{},processed,public,youtube,True,True,True,,65,0,0,0,"[""https://en.wikipedia.org/wiki/Knowledge""]",[],,,,,,,{},"{""en"": {""title"": ""Lessons in climate resilience: what can we learn from indigenous and local communities?"", ""description"": ""Indigenous Peoples globally have high exposure to environmental change and are often considered an ‘‘at-risk’’ population, although there is growing evidence of their resilience. Ample research illustrates that Indigenous Peoples are actively observing and adapting to change in a diversity of ways. In this webinar we will examine the common factor affecting resilience to environmental change among Indigenous Peoples and local communities.\n\nThe concept of resilience has been outlined and used in different ways and we use it here to think holistically about the general characteristics that affect the ‘‘capacity of individuals, communities, and systems to survive, adapt, and grow in the face of stress and shocks, and even transform when conditions require it.” Strong connections to the land heldby many indigenous and local communities bring unique reflections for understanding and responding to environmental change. Thus, the indirect effects of environmental change on interpersonal and environmental relationships, life experience, belief systems, family, and oral history are often as important as, if not more so, the more direct impacts of climate change.""}}",VVU0ODZpWDVQaWppeDg4Y1JQNktJY25nLjgwQmVCeHJBdWRz,106,2021-07-01T13:47:44Z,public
UC486iX5Pijix88cRP6KIcng,Tenure Facility,"More than 2.5 billion Indigenous Peoples and local communities live in almost half of the world’s land area, yet they legally own less than 10% of their territories. These richly biodiverse ancestral lands are vital to our global climate, fresh water and food security. When land rights aren’t legally recognised, it puts lives and ecosystems at risk. Reducing land conflict, advancing human rights, promoting development and contributing to sustainable climate solutions can all start with strengthening community tenure rights. The Tenure Facility works alongside Indigenous Peoples and local communities, offering dedicated financial and technical support for innovative approaches to implementing collective tenure rights, whilst sharing the knowledge, innovations and tools that emerge across a global network.",@thetenurefacility,2018-01-23T19:26:57Z,SE,12536,176,False,148,,,EhioEX10DNo,,,,"[""https://en.wikipedia.org/wiki/Society"", ""https://en.wikipedia.org/wiki/Knowledge""]",https://yt3.ggpht.com/lY5opk8UFslyNRpQmxL2whl6urjsauzF4P_hB28EvQE8j3iBS3YAMLbUIPgHLBY0n5enmXhAKA=s88-c-k-c0x00ffffff-no-rj,https://yt3.ggpht.com/lY5opk8UFslyNRpQmxL2whl6urjsauzF4P_hB28EvQE8j3iBS3YAMLbUIPgHLBY0n5enmXhAKA=s240-c-k-c0x00ffffff-no-rj,https://yt3.ggpht.com/lY5opk8UFslyNRpQmxL2whl6urjsauzF4P_hB28EvQE8j3iBS3YAMLbUIPgHLBY0n5enmXhAKA=s800-c-k-c0x00ffffff-no-rj,8TkcbS3lKOw,https://www.youtube.com/watch?v=8TkcbS3lKOw,"Land Rights, Biodiversity and Global Health","The COVID-19 pandemic has shed light on the imbalance in ecosystems being driven by human activities, and the urgent need for us to take action for the future of all species, including mankind. This webinar aims to highlight the role of Indigenous People and Local Communities land rights in this crisis, and putting them at the front lines of decision making will be vital in collaborations towards global health. To do this, this webinar will highlight the support these communities need to continue their work protecting their territories.

#LandDialogues #COVID19 #IndigenousPeoples #Landrights",2021-05-21T10:39:29Z,en,en,UC486iX5Pijix88cRP6KIcng,Tenure Facility,22,People & Blogs,[],none,https://i.ytimg.com/vi/8TkcbS3lKOw/default.jpg,https://i.ytimg.com/vi/8TkcbS3lKOw/mqdefault.jpg,https://i.ytimg.com/vi/8TkcbS3lKOw/hqdefault.jpg,https://i.ytimg.com/vi/8TkcbS3lKOw/sddefault.jpg,https://i.ytimg.com/vi/8TkcbS3lKOw/maxresdefault.jpg,PT1H32M51S,2d,hd,false,False,rectangular,{},{},processed,public,youtube,True,True,True,,42,1,0,0,"[""https://en.wikipedia.org/wiki/Health"", ""https://en.wikipedia.org/wiki/Society""]",[],,,,,,,{},"{""en"": {""title"": ""Land Rights, Biodiversity and Global Health"", ""description"": ""The COVID-19 pandemic has shed light on the imbalance in ecosystems being driven by human activities, and the urgent need for us to take action for the future of all species, including mankind. This webinar aims to highlight the role of Indigenous People and Local Communities land rights in this crisis, and putting them at the front lines of decision making will be vital in collaborations towards global health. To do this, this webinar will highlight the support these communities need to continue their work protecting their territories.\n\n#LandDialogues #COVID19 #IndigenousPeoples #Landrights""}}",VVU0ODZpWDVQaWppeDg4Y1JQNktJY25nLjhUa2NiUzNsS093,107,2021-05-21T10:39:29Z,public
UC486iX5Pijix88cRP6KIcng,Tenure Facility,"More than 2.5 billion Indigenous Peoples and local communities live in almost half of the world’s land area, yet they legally own less than 10% of their territories. These richly biodiverse ancestral lands are vital to our global climate, fresh water and food security. When land rights aren’t legally recognised, it puts lives and ecosystems at risk. Reducing land conflict, advancing human rights, promoting development and contributing to sustainable climate solutions can all start with strengthening community tenure rights. The Tenure Facility works alongside Indigenous Peoples and local communities, offering dedicated financial and technical support for innovative approaches to implementing collective tenure rights, whilst sharing the knowledge, innovations and tools that emerge across a global network.",@thetenurefacility,2018-01-23T19:26:57Z,SE,12536,176,False,148,,,EhioEX10DNo,,,,"[""https://en.wikipedia.org/wiki/Society"", ""https://en.wikipedia.org/wiki/Knowledge""]",https://yt3.ggpht.com/lY5opk8UFslyNRpQmxL2whl6urjsauzF4P_hB28EvQE8j3iBS3YAMLbUIPgHLBY0n5enmXhAKA=s88-c-k-c0x00ffffff-no-rj,https://yt3.ggpht.com/lY5opk8UFslyNRpQmxL2whl6urjsauzF4P_hB28EvQE8j3iBS3YAMLbUIPgHLBY0n5enmXhAKA=s240-c-k-c0x00ffffff-no-rj,https://yt3.ggpht.com/lY5opk8UFslyNRpQmxL2whl6urjsauzF4P_hB28EvQE8j3iBS3YAMLbUIPgHLBY0n5enmXhAKA=s800-c-k-c0x00ffffff-no-rj,Y-xoICl8egg,https://www.youtube.com/watch?v=Y-xoICl8egg,Indigenous Peoples forests governance: a fundamental strategy,"This webinar provided an opportunity to review the report “Forest Governance by Indigenous and Tribal Peoples” by FAO and FILAC, and its main arguments. It will discuss how governments can move forward formal recognition of territorial rights to indigenous and tribal territories and their forests that have yet to receive such recognition while reaching agreement with Indigenous and tribal traditional authorities about rules related to territorial planning and forest management, as well as coordinate actions to ensure those rules are respected. It will also debate how global and national plans for preventing deforestation, forest degradation and carbon emissions on Indigenous and tribal territories should ensure safe living conditions and channel new investments to support traditional livelihoods.",2021-05-03T09:26:33Z,en,en,UC486iX5Pijix88cRP6KIcng,Tenure Facility,22,People & Blogs,[],none,https://i.ytimg.com/vi/Y-xoICl8egg/default.jpg,https://i.ytimg.com/vi/Y-xoICl8egg/mqdefault.jpg,https://i.ytimg.com/vi/Y-xoICl8egg/hqdefault.jpg,https://i.ytimg.com/vi/Y-xoICl8egg/sddefault.jpg,https://i.ytimg.com/vi/Y-xoICl8egg/maxresdefault.jpg,PT1H31M15S,2d,hd,false,False,rectangular,{},{},processed,public,youtube,True,True,True,,219,4,0,0,"[""https://en.wikipedia.org/wiki/Society""]",[],,,,,,,{},"{""en"": {""title"": ""Indigenous Peoples forests governance: a fundamental strategy"", ""description"": ""This webinar provided an opportunity to review the report “Forest Governance by Indigenous and Tribal Peoples” by FAO and FILAC, and its main arguments. It will discuss how governments can move forward formal recognition of territorial rights to indigenous and tribal territories and their forests that have yet to receive such recognition while reaching agreement with Indigenous and tribal traditional authorities about rules related to territorial planning and forest management, as well as coordinate actions to ensure those rules are respected. It will also debate how global and national plans for preventing deforestation, forest degradation and carbon emissions on Indigenous and tribal territories should ensure safe living conditions and channel new investments to support traditional livelihoods.""}}",VVU0ODZpWDVQaWppeDg4Y1JQNktJY25nLlkteG9JQ2w4ZWdn,108,2021-05-03T09:26:33Z,public
UC486iX5Pijix88cRP6KIcng,Tenure Facility,"More than 2.5 billion Indigenous Peoples and local communities live in almost half of the world’s land area, yet they legally own less than 10% of their territories. These richly biodiverse ancestral lands are vital to our global climate, fresh water and food security. When land rights aren’t legally recognised, it puts lives and ecosystems at risk. Reducing land conflict, advancing human rights, promoting development and contributing to sustainable climate solutions can all start with strengthening community tenure rights. The Tenure Facility works alongside Indigenous Peoples and local communities, offering dedicated financial and technical support for innovative approaches to implementing collective tenure rights, whilst sharing the knowledge, innovations and tools that emerge across a global network.",@thetenurefacility,2018-01-23T19:26:57Z,SE,12536,176,False,148,,,EhioEX10DNo,,,,"[""https://en.wikipedia.org/wiki/Society"", ""https://en.wikipedia.org/wiki/Knowledge""]",https://yt3.ggpht.com/lY5opk8UFslyNRpQmxL2whl6urjsauzF4P_hB28EvQE8j3iBS3YAMLbUIPgHLBY0n5enmXhAKA=s88-c-k-c0x00ffffff-no-rj,https://yt3.ggpht.com/lY5opk8UFslyNRpQmxL2whl6urjsauzF4P_hB28EvQE8j3iBS3YAMLbUIPgHLBY0n5enmXhAKA=s240-c-k-c0x00ffffff-no-rj,https://yt3.ggpht.com/lY5opk8UFslyNRpQmxL2whl6urjsauzF4P_hB28EvQE8j3iBS3YAMLbUIPgHLBY0n5enmXhAKA=s800-c-k-c0x00ffffff-no-rj,G5JueUqNyyk,https://www.youtube.com/watch?v=G5JueUqNyyk,Rolling back social and environmental safeguards in the name of COVID-19 Recorded Webinar,"Global leaders increasingly recognise that land rights for indigenous and local communities are a prerequisite for achieving national and international goals for forest governance, food security, climate mitigation, economic development and human rights.

In 2020, however, the COVID-19 pandemic shifted the political context in many countries, and some governments used the pandemic as a justification for dismantling the protections gained by Indigenous and Forest Peoples. This has been particularly common in heavily forested countries where there are large indigenous communities. In this webinar, experts talked about how the roll back has affected safeguards, particularly in these five country-specific reports on Brazil, Colombia, the Democratic Republic of the Congo, Indonesia, and Perú. These reports address the following question: Since the outbreak of COVID-19, to what extent are the five most tropically forested countries rolling back social and environmental safeguards and if so, what are, or may be, the negative consequences in terms of land grabs, rights abuse and deforestation in indigenous territories.",2021-03-01T15:09:34Z,en,en,UC486iX5Pijix88cRP6KIcng,Tenure Facility,22,People & Blogs,[],none,https://i.ytimg.com/vi/G5JueUqNyyk/default.jpg,https://i.ytimg.com/vi/G5JueUqNyyk/mqdefault.jpg,https://i.ytimg.com/vi/G5JueUqNyyk/hqdefault.jpg,https://i.ytimg.com/vi/G5JueUqNyyk/sddefault.jpg,https://i.ytimg.com/vi/G5JueUqNyyk/maxresdefault.jpg,PT1H41M20S,2d,hd,false,False,rectangular,{},{},processed,public,youtube,True,True,True,,11,1,0,0,"[""https://en.wikipedia.org/wiki/Health"", ""https://en.wikipedia.org/wiki/Society""]",[],,,,,,,{},"{""en"": {""title"": ""Rolling back social and environmental safeguards in the name of COVID-19 Recorded Webinar"", ""description"": ""Global leaders increasingly recognise that land rights for indigenous and local communities are a prerequisite for achieving national and international goals for forest governance, food security, climate mitigation, economic development and human rights.\n\nIn 2020, however, the COVID-19 pandemic shifted the political context in many countries, and some governments used the pandemic as a justification for dismantling the protections gained by Indigenous and Forest Peoples. This has been particularly common in heavily forested countries where there are large indigenous communities. In this webinar, experts talked about how the roll back has affected safeguards, particularly in these five country-specific reports on Brazil, Colombia, the Democratic Republic of the Congo, Indonesia, and Perú. These reports address the following question: Since the outbreak of COVID-19, to what extent are the five most tropically forested countries rolling back social and environmental safeguards and if so, what are, or may be, the negative consequences in terms of land grabs, rights abuse and deforestation in indigenous territories.""}}",VVU0ODZpWDVQaWppeDg4Y1JQNktJY25nLkc1SnVlVXFOeXlr,109,2021-03-01T15:09:34Z,public
UC486iX5Pijix88cRP6KIcng,Tenure Facility,"More than 2.5 billion Indigenous Peoples and local communities live in almost half of the world’s land area, yet they legally own less than 10% of their territories. These richly biodiverse ancestral lands are vital to our global climate, fresh water and food security. When land rights aren’t legally recognised, it puts lives and ecosystems at risk. Reducing land conflict, advancing human rights, promoting development and contributing to sustainable climate solutions can all start with strengthening community tenure rights. The Tenure Facility works alongside Indigenous Peoples and local communities, offering dedicated financial and technical support for innovative approaches to implementing collective tenure rights, whilst sharing the knowledge, innovations and tools that emerge across a global network.",@thetenurefacility,2018-01-23T19:26:57Z,SE,12536,176,False,148,,,EhioEX10DNo,,,,"[""https://en.wikipedia.org/wiki/Society"", ""https://en.wikipedia.org/wiki/Knowledge""]",https://yt3.ggpht.com/lY5opk8UFslyNRpQmxL2whl6urjsauzF4P_hB28EvQE8j3iBS3YAMLbUIPgHLBY0n5enmXhAKA=s88-c-k-c0x00ffffff-no-rj,https://yt3.ggpht.com/lY5opk8UFslyNRpQmxL2whl6urjsauzF4P_hB28EvQE8j3iBS3YAMLbUIPgHLBY0n5enmXhAKA=s240-c-k-c0x00ffffff-no-rj,https://yt3.ggpht.com/lY5opk8UFslyNRpQmxL2whl6urjsauzF4P_hB28EvQE8j3iBS3YAMLbUIPgHLBY0n5enmXhAKA=s800-c-k-c0x00ffffff-no-rj,YfByVXyAvzE,https://www.youtube.com/watch?v=YfByVXyAvzE,Connecting indigenous and local storytellers with journalism: experiences and opportunities,"Through this discussion panel we look at how storytelling can drive change by safeguarding the rights of Indigenous Peoples and their relation to conservation and global sustainability. Five speakers from different disciplines will be giving their experience on this topic and discuss its importance and future steps while answering the question: How is storytelling beneficial to those communities with conservation goals?

#Storytelling #Conservation #IndigenousPeoples",2020-12-03T14:48:39Z,en,en,UC486iX5Pijix88cRP6KIcng,Tenure Facility,22,People & Blogs,[],none,https://i.ytimg.com/vi/YfByVXyAvzE/default.jpg,https://i.ytimg.com/vi/YfByVXyAvzE/mqdefault.jpg,https://i.ytimg.com/vi/YfByVXyAvzE/hqdefault.jpg,https://i.ytimg.com/vi/YfByVXyAvzE/sddefault.jpg,https://i.ytimg.com/vi/YfByVXyAvzE/maxresdefault.jpg,PT1H37M15S,2d,hd,false,False,rectangular,{},{},processed,public,youtube,True,True,True,,39,1,0,0,"[""https://en.wikipedia.org/wiki/Knowledge""]",[],,,,,,,{},"{""en"": {""title"": ""Connecting indigenous and local storytellers with journalism: experiences and opportunities"", ""description"": ""Through this discussion panel we look at how storytelling can drive change by safeguarding the rights of Indigenous Peoples and their relation to conservation and global sustainability. Five speakers from different disciplines will be giving their experience on this topic and discuss its importance and future steps while answering the question: How is storytelling beneficial to those communities with conservation goals?\n\n#Storytelling #Conservation #IndigenousPeoples""}}",VVU0ODZpWDVQaWppeDg4Y1JQNktJY25nLllmQnlWWHlBdnpF,110,2020-12-03T14:48:39Z,public
UC486iX5Pijix88cRP6KIcng,Tenure Facility,"More than 2.5 billion Indigenous Peoples and local communities live in almost half of the world’s land area, yet they legally own less than 10% of their territories. These richly biodiverse ancestral lands are vital to our global climate, fresh water and food security. When land rights aren’t legally recognised, it puts lives and ecosystems at risk. Reducing land conflict, advancing human rights, promoting development and contributing to sustainable climate solutions can all start with strengthening community tenure rights. The Tenure Facility works alongside Indigenous Peoples and local communities, offering dedicated financial and technical support for innovative approaches to implementing collective tenure rights, whilst sharing the knowledge, innovations and tools that emerge across a global network.",@thetenurefacility,2018-01-23T19:26:57Z,SE,12536,176,False,148,,,EhioEX10DNo,,,,"[""https://en.wikipedia.org/wiki/Society"", ""https://en.wikipedia.org/wiki/Knowledge""]",https://yt3.ggpht.com/lY5opk8UFslyNRpQmxL2whl6urjsauzF4P_hB28EvQE8j3iBS3YAMLbUIPgHLBY0n5enmXhAKA=s88-c-k-c0x00ffffff-no-rj,https://yt3.ggpht.com/lY5opk8UFslyNRpQmxL2whl6urjsauzF4P_hB28EvQE8j3iBS3YAMLbUIPgHLBY0n5enmXhAKA=s240-c-k-c0x00ffffff-no-rj,https://yt3.ggpht.com/lY5opk8UFslyNRpQmxL2whl6urjsauzF4P_hB28EvQE8j3iBS3YAMLbUIPgHLBY0n5enmXhAKA=s800-c-k-c0x00ffffff-no-rj,2q6nL5D8_I0,https://www.youtube.com/watch?v=2q6nL5D8_I0,Learning Exchange 2020 Day 1,"Whether it is turning to natural medicines, ensuring food supply, or simply forging greater unity, Indigenous Peoples have met the onslaught of the COVID-19 pandemic courageously and creatively.",2020-12-02T11:27:34Z,en,en,UC486iX5Pijix88cRP6KIcng,Tenure Facility,22,People & Blogs,[],none,https://i.ytimg.com/vi/2q6nL5D8_I0/default.jpg,https://i.ytimg.com/vi/2q6nL5D8_I0/mqdefault.jpg,https://i.ytimg.com/vi/2q6nL5D8_I0/hqdefault.jpg,https://i.ytimg.com/vi/2q6nL5D8_I0/sddefault.jpg,https://i.ytimg.com/vi/2q6nL5D8_I0/maxresdefault.jpg,PT2H32M58S,2d,hd,false,False,rectangular,{},{},processed,public,youtube,True,True,True,,22,1,0,0,"[""https://en.wikipedia.org/wiki/Health"", ""https://en.wikipedia.org/wiki/Society""]",[],,,,,,,{},"{""en"": {""title"": ""Learning Exchange 2020 Day 1"", ""description"": ""Whether it is turning to natural medicines, ensuring food supply, or simply forging greater unity, Indigenous Peoples have met the onslaught of the COVID-19 pandemic courageously and creatively.""}}",VVU0ODZpWDVQaWppeDg4Y1JQNktJY25nLjJxNm5MNUQ4X0kw,111,2020-12-02T11:27:34Z,public
UC486iX5Pijix88cRP6KIcng,Tenure Facility,"More than 2.5 billion Indigenous Peoples and local communities live in almost half of the world’s land area, yet they legally own less than 10% of their territories. These richly biodiverse ancestral lands are vital to our global climate, fresh water and food security. When land rights aren’t legally recognised, it puts lives and ecosystems at risk. Reducing land conflict, advancing human rights, promoting development and contributing to sustainable climate solutions can all start with strengthening community tenure rights. The Tenure Facility works alongside Indigenous Peoples and local communities, offering dedicated financial and technical support for innovative approaches to implementing collective tenure rights, whilst sharing the knowledge, innovations and tools that emerge across a global network.",@thetenurefacility,2018-01-23T19:26:57Z,SE,12536,176,False,148,,,EhioEX10DNo,,,,"[""https://en.wikipedia.org/wiki/Society"", ""https://en.wikipedia.org/wiki/Knowledge""]",https://yt3.ggpht.com/lY5opk8UFslyNRpQmxL2whl6urjsauzF4P_hB28EvQE8j3iBS3YAMLbUIPgHLBY0n5enmXhAKA=s88-c-k-c0x00ffffff-no-rj,https://yt3.ggpht.com/lY5opk8UFslyNRpQmxL2whl6urjsauzF4P_hB28EvQE8j3iBS3YAMLbUIPgHLBY0n5enmXhAKA=s240-c-k-c0x00ffffff-no-rj,https://yt3.ggpht.com/lY5opk8UFslyNRpQmxL2whl6urjsauzF4P_hB28EvQE8j3iBS3YAMLbUIPgHLBY0n5enmXhAKA=s800-c-k-c0x00ffffff-no-rj,-mHYZIVhG9o,https://www.youtube.com/watch?v=-mHYZIVhG9o,Learning Exchange 2020 Day 3,"Women play a key role in the economies and social structures of indigenous and local communities, yet many are excluded from participating in the design and implementation of the land policies.",2020-12-02T11:26:55Z,en,en,UC486iX5Pijix88cRP6KIcng,Tenure Facility,22,People & Blogs,[],none,https://i.ytimg.com/vi/-mHYZIVhG9o/default.jpg,https://i.ytimg.com/vi/-mHYZIVhG9o/mqdefault.jpg,https://i.ytimg.com/vi/-mHYZIVhG9o/hqdefault.jpg,https://i.ytimg.com/vi/-mHYZIVhG9o/sddefault.jpg,https://i.ytimg.com/vi/-mHYZIVhG9o/maxresdefault.jpg,PT2H32M22S,2d,hd,false,False,rectangular,{},{},processed,public,youtube,True,True,True,,8,0,0,0,"[""https://en.wikipedia.org/wiki/Society""]",[],,,,,,,{},"{""en"": {""title"": ""Learning Exchange 2020 Day 3"", ""description"": ""Women play a key role in the economies and social structures of indigenous and local communities, yet many are excluded from participating in the design and implementation of the land policies.""}}",VVU0ODZpWDVQaWppeDg4Y1JQNktJY25nLi1tSFlaSVZoRzlv,112,2020-12-02T11:26:55Z,public
UC486iX5Pijix88cRP6KIcng,Tenure Facility,"More than 2.5 billion Indigenous Peoples and local communities live in almost half of the world’s land area, yet they legally own less than 10% of their territories. These richly biodiverse ancestral lands are vital to our global climate, fresh water and food security. When land rights aren’t legally recognised, it puts lives and ecosystems at risk. Reducing land conflict, advancing human rights, promoting development and contributing to sustainable climate solutions can all start with strengthening community tenure rights. The Tenure Facility works alongside Indigenous Peoples and local communities, offering dedicated financial and technical support for innovative approaches to implementing collective tenure rights, whilst sharing the knowledge, innovations and tools that emerge across a global network.",@thetenurefacility,2018-01-23T19:26:57Z,SE,12536,176,False,148,,,EhioEX10DNo,,,,"[""https://en.wikipedia.org/wiki/Society"", ""https://en.wikipedia.org/wiki/Knowledge""]",https://yt3.ggpht.com/lY5opk8UFslyNRpQmxL2whl6urjsauzF4P_hB28EvQE8j3iBS3YAMLbUIPgHLBY0n5enmXhAKA=s88-c-k-c0x00ffffff-no-rj,https://yt3.ggpht.com/lY5opk8UFslyNRpQmxL2whl6urjsauzF4P_hB28EvQE8j3iBS3YAMLbUIPgHLBY0n5enmXhAKA=s240-c-k-c0x00ffffff-no-rj,https://yt3.ggpht.com/lY5opk8UFslyNRpQmxL2whl6urjsauzF4P_hB28EvQE8j3iBS3YAMLbUIPgHLBY0n5enmXhAKA=s800-c-k-c0x00ffffff-no-rj,ugnRsuYgMh4,https://www.youtube.com/watch?v=ugnRsuYgMh4,Learning Exchange 2020 Day 2,"Focusing on Central and South America, second day participants naturally homed in on the crucial role indigenous land rights play in protecting forests, which are essentially the Earth’s lungs, and the vast biodiversity found within them.",2020-12-02T11:26:22Z,en,en,UC486iX5Pijix88cRP6KIcng,Tenure Facility,22,People & Blogs,[],none,https://i.ytimg.com/vi/ugnRsuYgMh4/default.jpg,https://i.ytimg.com/vi/ugnRsuYgMh4/mqdefault.jpg,https://i.ytimg.com/vi/ugnRsuYgMh4/hqdefault.jpg,https://i.ytimg.com/vi/ugnRsuYgMh4/sddefault.jpg,https://i.ytimg.com/vi/ugnRsuYgMh4/maxresdefault.jpg,PT2H29M52S,2d,hd,false,False,rectangular,{},{},processed,public,youtube,True,True,True,,11,0,0,0,"[""https://en.wikipedia.org/wiki/Knowledge""]",[],,,,,,,{},"{""en"": {""title"": ""Learning Exchange 2020 Day 2"", ""description"": ""Focusing on Central and South America, second day participants naturally homed in on the crucial role indigenous land rights play in protecting forests, which are essentially the Earth’s lungs, and the vast biodiversity found within them.""}}",VVU0ODZpWDVQaWppeDg4Y1JQNktJY25nLnVnblJzdVlnTWg0,113,2020-12-02T11:26:22Z,public
UC486iX5Pijix88cRP6KIcng,Tenure Facility,"More than 2.5 billion Indigenous Peoples and local communities live in almost half of the world’s land area, yet they legally own less than 10% of their territories. These richly biodiverse ancestral lands are vital to our global climate, fresh water and food security. When land rights aren’t legally recognised, it puts lives and ecosystems at risk. Reducing land conflict, advancing human rights, promoting development and contributing to sustainable climate solutions can all start with strengthening community tenure rights. The Tenure Facility works alongside Indigenous Peoples and local communities, offering dedicated financial and technical support for innovative approaches to implementing collective tenure rights, whilst sharing the knowledge, innovations and tools that emerge across a global network.",@thetenurefacility,2018-01-23T19:26:57Z,SE,12536,176,False,148,,,EhioEX10DNo,,,,"[""https://en.wikipedia.org/wiki/Society"", ""https://en.wikipedia.org/wiki/Knowledge""]",https://yt3.ggpht.com/lY5opk8UFslyNRpQmxL2whl6urjsauzF4P_hB28EvQE8j3iBS3YAMLbUIPgHLBY0n5enmXhAKA=s88-c-k-c0x00ffffff-no-rj,https://yt3.ggpht.com/lY5opk8UFslyNRpQmxL2whl6urjsauzF4P_hB28EvQE8j3iBS3YAMLbUIPgHLBY0n5enmXhAKA=s240-c-k-c0x00ffffff-no-rj,https://yt3.ggpht.com/lY5opk8UFslyNRpQmxL2whl6urjsauzF4P_hB28EvQE8j3iBS3YAMLbUIPgHLBY0n5enmXhAKA=s800-c-k-c0x00ffffff-no-rj,6e5U4GdnxVw,https://www.youtube.com/watch?v=6e5U4GdnxVw,Reportaje comunidad nativa Santa Teresita,El reportaje realizado por Katia Ponceano Sebastian es el resultado del Taller de Reporteros indígenas desarrollado del 23 al 31 de julio. Dirigido a jóvenes de cinco comunidades nativas de Madre de Dios a través del liderazgo de la Federación Nativa del Río Madre de Dios (Fenamad) con el apoyo de The Tenure Facility y la Sociedad Peruana de Derecho Ambiental (SPDA).,2020-11-25T16:18:54Z,es,en,UC486iX5Pijix88cRP6KIcng,Tenure Facility,22,People & Blogs,[],none,https://i.ytimg.com/vi/6e5U4GdnxVw/default.jpg,https://i.ytimg.com/vi/6e5U4GdnxVw/mqdefault.jpg,https://i.ytimg.com/vi/6e5U4GdnxVw/hqdefault.jpg,https://i.ytimg.com/vi/6e5U4GdnxVw/sddefault.jpg,https://i.ytimg.com/vi/6e5U4GdnxVw/maxresdefault.jpg,PT2M8S,2d,hd,false,False,rectangular,{},{},processed,public,youtube,True,True,True,,71,1,0,0,"[""https://en.wikipedia.org/wiki/Religion"", ""https://en.wikipedia.org/wiki/Society""]",[],,,,,,,{},"{""es"": {""title"": ""Reportaje comunidad nativa Santa Teresita"", ""description"": ""El reportaje realizado por Katia Ponceano Sebastian es el resultado del Taller de Reporteros indígenas desarrollado del 23 al 31 de julio. Dirigido a jóvenes de cinco comunidades nativas de Madre de Dios a través del liderazgo de la Federación Nativa del Río Madre de Dios (Fenamad) con el apoyo de The Tenure Facility y la Sociedad Peruana de Derecho Ambiental (SPDA).""}}",VVU0ODZpWDVQaWppeDg4Y1JQNktJY25nLjZlNVU0R2RueFZ3,114,2020-11-25T16:18:54Z,public
UC486iX5Pijix88cRP6KIcng,Tenure Facility,"More than 2.5 billion Indigenous Peoples and local communities live in almost half of the world’s land area, yet they legally own less than 10% of their territories. These richly biodiverse ancestral lands are vital to our global climate, fresh water and food security. When land rights aren’t legally recognised, it puts lives and ecosystems at risk. Reducing land conflict, advancing human rights, promoting development and contributing to sustainable climate solutions can all start with strengthening community tenure rights. The Tenure Facility works alongside Indigenous Peoples and local communities, offering dedicated financial and technical support for innovative approaches to implementing collective tenure rights, whilst sharing the knowledge, innovations and tools that emerge across a global network.",@thetenurefacility,2018-01-23T19:26:57Z,SE,12536,176,False,148,,,EhioEX10DNo,,,,"[""https://en.wikipedia.org/wiki/Society"", ""https://en.wikipedia.org/wiki/Knowledge""]",https://yt3.ggpht.com/lY5opk8UFslyNRpQmxL2whl6urjsauzF4P_hB28EvQE8j3iBS3YAMLbUIPgHLBY0n5enmXhAKA=s88-c-k-c0x00ffffff-no-rj,https://yt3.ggpht.com/lY5opk8UFslyNRpQmxL2whl6urjsauzF4P_hB28EvQE8j3iBS3YAMLbUIPgHLBY0n5enmXhAKA=s240-c-k-c0x00ffffff-no-rj,https://yt3.ggpht.com/lY5opk8UFslyNRpQmxL2whl6urjsauzF4P_hB28EvQE8j3iBS3YAMLbUIPgHLBY0n5enmXhAKA=s800-c-k-c0x00ffffff-no-rj,TxrYqdBbcC0,https://www.youtube.com/watch?v=TxrYqdBbcC0,Reportaje Infierno,El reportaje realizado por Wilfredo Karwarupay Poje es el resultado del Taller de Reporteros indígenas desarrollado del 23 al 31 de julio. Dirigido a jóvenes de cinco comunidades nativas de Madre de Dios a través del liderazgo de la Federación Nativa del Río Madre de Dios (Fenamad) con el apoyo de The Tenure Facility y la Sociedad Peruana de Derecho Ambiental (SPDA).,2020-11-25T16:14:08Z,es,en,UC486iX5Pijix88cRP6KIcng,Tenure Facility,22,People & Blogs,[],none,https://i.ytimg.com/vi/TxrYqdBbcC0/default.jpg,https://i.ytimg.com/vi/TxrYqdBbcC0/mqdefault.jpg,https://i.ytimg.com/vi/TxrYqdBbcC0/hqdefault.jpg,https://i.ytimg.com/vi/TxrYqdBbcC0/sddefault.jpg,https://i.ytimg.com/vi/TxrYqdBbcC0/maxresdefault.jpg,PT4M48S,2d,hd,false,False,rectangular,{},{},processed,public,youtube,True,True,True,,5,0,0,0,"[""https://en.wikipedia.org/wiki/Society""]",[],,,,,,,{},"{""es"": {""title"": ""Reportaje Infierno"", ""description"": ""El reportaje realizado por Wilfredo Karwarupay Poje es el resultado del Taller de Reporteros indígenas desarrollado del 23 al 31 de julio. Dirigido a jóvenes de cinco comunidades nativas de Madre de Dios a través del liderazgo de la Federación Nativa del Río Madre de Dios (Fenamad) con el apoyo de The Tenure Facility y la Sociedad Peruana de Derecho Ambiental (SPDA).""}}",VVU0ODZpWDVQaWppeDg4Y1JQNktJY25nLlR4cllxZEJiY0Mw,115,2020-11-25T16:14:08Z,public
UC486iX5Pijix88cRP6KIcng,Tenure Facility,"More than 2.5 billion Indigenous Peoples and local communities live in almost half of the world’s land area, yet they legally own less than 10% of their territories. These richly biodiverse ancestral lands are vital to our global climate, fresh water and food security. When land rights aren’t legally recognised, it puts lives and ecosystems at risk. Reducing land conflict, advancing human rights, promoting development and contributing to sustainable climate solutions can all start with strengthening community tenure rights. The Tenure Facility works alongside Indigenous Peoples and local communities, offering dedicated financial and technical support for innovative approaches to implementing collective tenure rights, whilst sharing the knowledge, innovations and tools that emerge across a global network.",@thetenurefacility,2018-01-23T19:26:57Z,SE,12536,176,False,148,,,EhioEX10DNo,,,,"[""https://en.wikipedia.org/wiki/Society"", ""https://en.wikipedia.org/wiki/Knowledge""]",https://yt3.ggpht.com/lY5opk8UFslyNRpQmxL2whl6urjsauzF4P_hB28EvQE8j3iBS3YAMLbUIPgHLBY0n5enmXhAKA=s88-c-k-c0x00ffffff-no-rj,https://yt3.ggpht.com/lY5opk8UFslyNRpQmxL2whl6urjsauzF4P_hB28EvQE8j3iBS3YAMLbUIPgHLBY0n5enmXhAKA=s240-c-k-c0x00ffffff-no-rj,https://yt3.ggpht.com/lY5opk8UFslyNRpQmxL2whl6urjsauzF4P_hB28EvQE8j3iBS3YAMLbUIPgHLBY0n5enmXhAKA=s800-c-k-c0x00ffffff-no-rj,oQ__QLZfV0Q,https://www.youtube.com/watch?v=oQ__QLZfV0Q,Reportaje El Pilar,El reportaje realizado por Luz Britave Kuakuibehue Tije muestra cómo ante la ausencia del Estado los integrantes de la comunidad nativa El Pilar están optando por enfrentar al COVID-19 a través del uso de la medicina tradicional.,2020-11-25T16:04:22Z,es,en,UC486iX5Pijix88cRP6KIcng,Tenure Facility,22,People & Blogs,[],none,https://i.ytimg.com/vi/oQ__QLZfV0Q/default.jpg,https://i.ytimg.com/vi/oQ__QLZfV0Q/mqdefault.jpg,https://i.ytimg.com/vi/oQ__QLZfV0Q/hqdefault.jpg,https://i.ytimg.com/vi/oQ__QLZfV0Q/sddefault.jpg,https://i.ytimg.com/vi/oQ__QLZfV0Q/maxresdefault.jpg,PT8M23S,2d,hd,false,False,rectangular,{},{},processed,public,youtube,True,True,True,,2,0,0,0,"[""https://en.wikipedia.org/wiki/Health"", ""https://en.wikipedia.org/wiki/Society""]",[],,,,,,,{},"{""es"": {""title"": ""Reportaje El Pilar"", ""description"": ""El reportaje realizado por Luz Britave Kuakuibehue Tije muestra cómo ante la ausencia del Estado los integrantes de la comunidad nativa El Pilar están optando por enfrentar al COVID-19 a través del uso de la medicina tradicional.""}}",VVU0ODZpWDVQaWppeDg4Y1JQNktJY25nLm9RX19RTFpmVjBR,116,2020-11-25T16:04:22Z,public
UC486iX5Pijix88cRP6KIcng,Tenure Facility,"More than 2.5 billion Indigenous Peoples and local communities live in almost half of the world’s land area, yet they legally own less than 10% of their territories. These richly biodiverse ancestral lands are vital to our global climate, fresh water and food security. When land rights aren’t legally recognised, it puts lives and ecosystems at risk. Reducing land conflict, advancing human rights, promoting development and contributing to sustainable climate solutions can all start with strengthening community tenure rights. The Tenure Facility works alongside Indigenous Peoples and local communities, offering dedicated financial and technical support for innovative approaches to implementing collective tenure rights, whilst sharing the knowledge, innovations and tools that emerge across a global network.",@thetenurefacility,2018-01-23T19:26:57Z,SE,12536,176,False,148,,,EhioEX10DNo,,,,"[""https://en.wikipedia.org/wiki/Society"", ""https://en.wikipedia.org/wiki/Knowledge""]",https://yt3.ggpht.com/lY5opk8UFslyNRpQmxL2whl6urjsauzF4P_hB28EvQE8j3iBS3YAMLbUIPgHLBY0n5enmXhAKA=s88-c-k-c0x00ffffff-no-rj,https://yt3.ggpht.com/lY5opk8UFslyNRpQmxL2whl6urjsauzF4P_hB28EvQE8j3iBS3YAMLbUIPgHLBY0n5enmXhAKA=s240-c-k-c0x00ffffff-no-rj,https://yt3.ggpht.com/lY5opk8UFslyNRpQmxL2whl6urjsauzF4P_hB28EvQE8j3iBS3YAMLbUIPgHLBY0n5enmXhAKA=s800-c-k-c0x00ffffff-no-rj,DlPiurc6JUE,https://www.youtube.com/watch?v=DlPiurc6JUE,Reportaje Palma Real,"El reportaje realizado por Peregrino Gonzalo Shanocua Chaeta de la comunidad nativa Palma Real muestra el caso de la señora Lupe Heyaijia Dakitahuaji, reconocida artesana, tejedora de canastas con fibras vegetales que mantenía viva las tradiciones de su pueblo Ese Eja, quien falleció en junio de este año producto del COVID-19.",2020-11-25T15:56:43Z,es,en,UC486iX5Pijix88cRP6KIcng,Tenure Facility,22,People & Blogs,[],none,https://i.ytimg.com/vi/DlPiurc6JUE/default.jpg,https://i.ytimg.com/vi/DlPiurc6JUE/mqdefault.jpg,https://i.ytimg.com/vi/DlPiurc6JUE/hqdefault.jpg,https://i.ytimg.com/vi/DlPiurc6JUE/sddefault.jpg,https://i.ytimg.com/vi/DlPiurc6JUE/maxresdefault.jpg,PT6M46S,2d,hd,false,False,rectangular,{},{},processed,public,youtube,True,True,True,,9,1,0,0,"[""https://en.wikipedia.org/wiki/Society""]",[],,,,,,,{},"{""es"": {""title"": ""Reportaje Palma Real"", ""description"": ""El reportaje realizado por Peregrino Gonzalo Shanocua Chaeta de la comunidad nativa Palma Real muestra el caso de la señora Lupe Heyaijia Dakitahuaji, reconocida artesana, tejedora de canastas con fibras vegetales que mantenía viva las tradiciones de su pueblo Ese Eja, quien falleció en junio de este año producto del COVID-19.""}}",VVU0ODZpWDVQaWppeDg4Y1JQNktJY25nLkRsUGl1cmM2SlVF,117,2020-11-25T15:56:43Z,public
UC486iX5Pijix88cRP6KIcng,Tenure Facility,"More than 2.5 billion Indigenous Peoples and local communities live in almost half of the world’s land area, yet they legally own less than 10% of their territories. These richly biodiverse ancestral lands are vital to our global climate, fresh water and food security. When land rights aren’t legally recognised, it puts lives and ecosystems at risk. Reducing land conflict, advancing human rights, promoting development and contributing to sustainable climate solutions can all start with strengthening community tenure rights. The Tenure Facility works alongside Indigenous Peoples and local communities, offering dedicated financial and technical support for innovative approaches to implementing collective tenure rights, whilst sharing the knowledge, innovations and tools that emerge across a global network.",@thetenurefacility,2018-01-23T19:26:57Z,SE,12536,176,False,148,,,EhioEX10DNo,,,,"[""https://en.wikipedia.org/wiki/Society"", ""https://en.wikipedia.org/wiki/Knowledge""]",https://yt3.ggpht.com/lY5opk8UFslyNRpQmxL2whl6urjsauzF4P_hB28EvQE8j3iBS3YAMLbUIPgHLBY0n5enmXhAKA=s88-c-k-c0x00ffffff-no-rj,https://yt3.ggpht.com/lY5opk8UFslyNRpQmxL2whl6urjsauzF4P_hB28EvQE8j3iBS3YAMLbUIPgHLBY0n5enmXhAKA=s240-c-k-c0x00ffffff-no-rj,https://yt3.ggpht.com/lY5opk8UFslyNRpQmxL2whl6urjsauzF4P_hB28EvQE8j3iBS3YAMLbUIPgHLBY0n5enmXhAKA=s800-c-k-c0x00ffffff-no-rj,x4WNKhEbhB0,https://www.youtube.com/watch?v=x4WNKhEbhB0,Advancing land rights of Indigenous Peoples in Indonesia part 2,"Kasmita Widodo, head of the Indigenous Territory Registration Body (BRWA) tells us more about the advances of land rights of Indigenous Peoples in Indonesia.",2020-11-25T15:51:23Z,en,en,UC486iX5Pijix88cRP6KIcng,Tenure Facility,22,People & Blogs,[],none,https://i.ytimg.com/vi/x4WNKhEbhB0/default.jpg,https://i.ytimg.com/vi/x4WNKhEbhB0/mqdefault.jpg,https://i.ytimg.com/vi/x4WNKhEbhB0/hqdefault.jpg,https://i.ytimg.com/vi/x4WNKhEbhB0/sddefault.jpg,https://i.ytimg.com/vi/x4WNKhEbhB0/maxresdefault.jpg,PT1M16S,2d,hd,false,False,rectangular,{},{},processed,public,youtube,True,True,True,,8,0,0,0,"[""https://en.wikipedia.org/wiki/Society""]",[],,,,,,,{},"{""en"": {""title"": ""Advancing land rights of Indigenous Peoples in Indonesia part 2"", ""description"": ""Kasmita Widodo, head of the Indigenous Territory Registration Body (BRWA) tells us more about the advances of land rights of Indigenous Peoples in Indonesia.""}}",VVU0ODZpWDVQaWppeDg4Y1JQNktJY25nLng0V05LaEViaEIw,118,2020-11-25T15:51:23Z,public
UC486iX5Pijix88cRP6KIcng,Tenure Facility,"More than 2.5 billion Indigenous Peoples and local communities live in almost half of the world’s land area, yet they legally own less than 10% of their territories. These richly biodiverse ancestral lands are vital to our global climate, fresh water and food security. When land rights aren’t legally recognised, it puts lives and ecosystems at risk. Reducing land conflict, advancing human rights, promoting development and contributing to sustainable climate solutions can all start with strengthening community tenure rights. The Tenure Facility works alongside Indigenous Peoples and local communities, offering dedicated financial and technical support for innovative approaches to implementing collective tenure rights, whilst sharing the knowledge, innovations and tools that emerge across a global network.",@thetenurefacility,2018-01-23T19:26:57Z,SE,12536,176,False,148,,,EhioEX10DNo,,,,"[""https://en.wikipedia.org/wiki/Society"", ""https://en.wikipedia.org/wiki/Knowledge""]",https://yt3.ggpht.com/lY5opk8UFslyNRpQmxL2whl6urjsauzF4P_hB28EvQE8j3iBS3YAMLbUIPgHLBY0n5enmXhAKA=s88-c-k-c0x00ffffff-no-rj,https://yt3.ggpht.com/lY5opk8UFslyNRpQmxL2whl6urjsauzF4P_hB28EvQE8j3iBS3YAMLbUIPgHLBY0n5enmXhAKA=s240-c-k-c0x00ffffff-no-rj,https://yt3.ggpht.com/lY5opk8UFslyNRpQmxL2whl6urjsauzF4P_hB28EvQE8j3iBS3YAMLbUIPgHLBY0n5enmXhAKA=s800-c-k-c0x00ffffff-no-rj,cw-7kuNgbTs,https://www.youtube.com/watch?v=cw-7kuNgbTs,Working with government to implement rights of Indigenous Peoples in Indonesia,"Abdon Nababan, former Secretary General of the Indigenous Peoples’ Alliance of the Archipelago (AMAN) explains how AMAN has helped to build the capacity of government to implement the land rights of Indigenous Peoples in Indonesia",2020-11-25T15:47:04Z,en,en,UC486iX5Pijix88cRP6KIcng,Tenure Facility,22,People & Blogs,[],none,https://i.ytimg.com/vi/cw-7kuNgbTs/default.jpg,https://i.ytimg.com/vi/cw-7kuNgbTs/mqdefault.jpg,https://i.ytimg.com/vi/cw-7kuNgbTs/hqdefault.jpg,https://i.ytimg.com/vi/cw-7kuNgbTs/sddefault.jpg,https://i.ytimg.com/vi/cw-7kuNgbTs/maxresdefault.jpg,PT3M17S,2d,hd,false,False,rectangular,{},{},processed,public,youtube,True,True,True,,12,0,0,0,"[""https://en.wikipedia.org/wiki/Society""]",[],,,,,,,{},"{""en"": {""title"": ""Working with government to implement rights of Indigenous Peoples in Indonesia"", ""description"": ""Abdon Nababan, former Secretary General of the Indigenous Peoples’ Alliance of the Archipelago (AMAN) explains how AMAN has helped to build the capacity of government to implement the land rights of Indigenous Peoples in Indonesia""}}",VVU0ODZpWDVQaWppeDg4Y1JQNktJY25nLmN3LTdrdU5nYlRz,119,2020-11-25T15:47:04Z,public
UC486iX5Pijix88cRP6KIcng,Tenure Facility,"More than 2.5 billion Indigenous Peoples and local communities live in almost half of the world’s land area, yet they legally own less than 10% of their territories. These richly biodiverse ancestral lands are vital to our global climate, fresh water and food security. When land rights aren’t legally recognised, it puts lives and ecosystems at risk. Reducing land conflict, advancing human rights, promoting development and contributing to sustainable climate solutions can all start with strengthening community tenure rights. The Tenure Facility works alongside Indigenous Peoples and local communities, offering dedicated financial and technical support for innovative approaches to implementing collective tenure rights, whilst sharing the knowledge, innovations and tools that emerge across a global network.",@thetenurefacility,2018-01-23T19:26:57Z,SE,12536,176,False,148,,,EhioEX10DNo,,,,"[""https://en.wikipedia.org/wiki/Society"", ""https://en.wikipedia.org/wiki/Knowledge""]",https://yt3.ggpht.com/lY5opk8UFslyNRpQmxL2whl6urjsauzF4P_hB28EvQE8j3iBS3YAMLbUIPgHLBY0n5enmXhAKA=s88-c-k-c0x00ffffff-no-rj,https://yt3.ggpht.com/lY5opk8UFslyNRpQmxL2whl6urjsauzF4P_hB28EvQE8j3iBS3YAMLbUIPgHLBY0n5enmXhAKA=s240-c-k-c0x00ffffff-no-rj,https://yt3.ggpht.com/lY5opk8UFslyNRpQmxL2whl6urjsauzF4P_hB28EvQE8j3iBS3YAMLbUIPgHLBY0n5enmXhAKA=s800-c-k-c0x00ffffff-no-rj,F8y8Co7kKP4,https://www.youtube.com/watch?v=F8y8Co7kKP4,Advancing tenure security over more than 1 5 million hectares of Indigenous Peoples’ land and forest,"In 2015, the Alliance of Indigenous Peoples of the Archipelago (AMAN) set out to test an idea with Tenure Facility support. Capitalizing on a 2013 Constitutional Court Ruling that customary forests were not part of state forests and should be returned to customary communities, AMAN decided to use district-level legislation to secure indigenous land rights in five districts.",2020-11-25T15:43:03Z,en,en,UC486iX5Pijix88cRP6KIcng,Tenure Facility,22,People & Blogs,[],none,https://i.ytimg.com/vi/F8y8Co7kKP4/default.jpg,https://i.ytimg.com/vi/F8y8Co7kKP4/mqdefault.jpg,https://i.ytimg.com/vi/F8y8Co7kKP4/hqdefault.jpg,https://i.ytimg.com/vi/F8y8Co7kKP4/sddefault.jpg,https://i.ytimg.com/vi/F8y8Co7kKP4/maxresdefault.jpg,PT45S,2d,hd,false,False,rectangular,{},{},processed,public,youtube,True,True,True,,20,1,0,0,"[""https://en.wikipedia.org/wiki/Knowledge""]",[],,,,,,,{},"{""en"": {""title"": ""Advancing tenure security over more than 1 5 million hectares of Indigenous Peoples’ land and forest"", ""description"": ""In 2015, the Alliance of Indigenous Peoples of the Archipelago (AMAN) set out to test an idea with Tenure Facility support. Capitalizing on a 2013 Constitutional Court Ruling that customary forests were not part of state forests and should be returned to customary communities, AMAN decided to use district-level legislation to secure indigenous land rights in five districts.""}}",VVU0ODZpWDVQaWppeDg4Y1JQNktJY25nLkY4eThDbzdrS1A0,120,2020-11-25T15:43:03Z,public
UC486iX5Pijix88cRP6KIcng,Tenure Facility,"More than 2.5 billion Indigenous Peoples and local communities live in almost half of the world’s land area, yet they legally own less than 10% of their territories. These richly biodiverse ancestral lands are vital to our global climate, fresh water and food security. When land rights aren’t legally recognised, it puts lives and ecosystems at risk. Reducing land conflict, advancing human rights, promoting development and contributing to sustainable climate solutions can all start with strengthening community tenure rights. The Tenure Facility works alongside Indigenous Peoples and local communities, offering dedicated financial and technical support for innovative approaches to implementing collective tenure rights, whilst sharing the knowledge, innovations and tools that emerge across a global network.",@thetenurefacility,2018-01-23T19:26:57Z,SE,12536,176,False,148,,,EhioEX10DNo,,,,"[""https://en.wikipedia.org/wiki/Society"", ""https://en.wikipedia.org/wiki/Knowledge""]",https://yt3.ggpht.com/lY5opk8UFslyNRpQmxL2whl6urjsauzF4P_hB28EvQE8j3iBS3YAMLbUIPgHLBY0n5enmXhAKA=s88-c-k-c0x00ffffff-no-rj,https://yt3.ggpht.com/lY5opk8UFslyNRpQmxL2whl6urjsauzF4P_hB28EvQE8j3iBS3YAMLbUIPgHLBY0n5enmXhAKA=s240-c-k-c0x00ffffff-no-rj,https://yt3.ggpht.com/lY5opk8UFslyNRpQmxL2whl6urjsauzF4P_hB28EvQE8j3iBS3YAMLbUIPgHLBY0n5enmXhAKA=s800-c-k-c0x00ffffff-no-rj,MUPb6FsyZi4,https://www.youtube.com/watch?v=MUPb6FsyZi4,Pilot project Indonesia 2015,"AMAN advanced tenure security over 1.5 million hectares belonging to 200 indigenous communities and achieved recognition of 250,000 hectares — in 29 months. The project started in 2015 and ended in 2017.",2020-11-25T15:39:10Z,en,en,UC486iX5Pijix88cRP6KIcng,Tenure Facility,22,People & Blogs,[],none,https://i.ytimg.com/vi/MUPb6FsyZi4/default.jpg,https://i.ytimg.com/vi/MUPb6FsyZi4/mqdefault.jpg,https://i.ytimg.com/vi/MUPb6FsyZi4/hqdefault.jpg,https://i.ytimg.com/vi/MUPb6FsyZi4/sddefault.jpg,https://i.ytimg.com/vi/MUPb6FsyZi4/maxresdefault.jpg,PT5M38S,2d,hd,false,False,rectangular,{},{},processed,public,youtube,True,True,True,,5,0,0,0,"[""https://en.wikipedia.org/wiki/Society""]",[],,,,,,,{},"{""en"": {""title"": ""Pilot project Indonesia 2015"", ""description"": ""AMAN advanced tenure security over 1.5 million hectares belonging to 200 indigenous communities and achieved recognition of 250,000 hectares — in 29 months. The project started in 2015 and ended in 2017.""}}",VVU0ODZpWDVQaWppeDg4Y1JQNktJY25nLk1VUGI2RnN5Wmk0,121,2020-11-25T15:39:10Z,public
UC486iX5Pijix88cRP6KIcng,Tenure Facility,"More than 2.5 billion Indigenous Peoples and local communities live in almost half of the world’s land area, yet they legally own less than 10% of their territories. These richly biodiverse ancestral lands are vital to our global climate, fresh water and food security. When land rights aren’t legally recognised, it puts lives and ecosystems at risk. Reducing land conflict, advancing human rights, promoting development and contributing to sustainable climate solutions can all start with strengthening community tenure rights. The Tenure Facility works alongside Indigenous Peoples and local communities, offering dedicated financial and technical support for innovative approaches to implementing collective tenure rights, whilst sharing the knowledge, innovations and tools that emerge across a global network.",@thetenurefacility,2018-01-23T19:26:57Z,SE,12536,176,False,148,,,EhioEX10DNo,,,,"[""https://en.wikipedia.org/wiki/Society"", ""https://en.wikipedia.org/wiki/Knowledge""]",https://yt3.ggpht.com/lY5opk8UFslyNRpQmxL2whl6urjsauzF4P_hB28EvQE8j3iBS3YAMLbUIPgHLBY0n5enmXhAKA=s88-c-k-c0x00ffffff-no-rj,https://yt3.ggpht.com/lY5opk8UFslyNRpQmxL2whl6urjsauzF4P_hB28EvQE8j3iBS3YAMLbUIPgHLBY0n5enmXhAKA=s240-c-k-c0x00ffffff-no-rj,https://yt3.ggpht.com/lY5opk8UFslyNRpQmxL2whl6urjsauzF4P_hB28EvQE8j3iBS3YAMLbUIPgHLBY0n5enmXhAKA=s800-c-k-c0x00ffffff-no-rj,TOMrRn92WIo,https://www.youtube.com/watch?v=TOMrRn92WIo,Pilot project Liberia 2015,"The goal for the pilot project in Liberia was to recognize, formalize, and strengthen customary collective community land and natural resource tenure rights. The project started in 2015 and ended in 2017. It was carried through by our partner Foundation for Community Initiatives (FCI).",2020-11-25T15:33:43Z,en,en,UC486iX5Pijix88cRP6KIcng,Tenure Facility,22,People & Blogs,[],none,https://i.ytimg.com/vi/TOMrRn92WIo/default.jpg,https://i.ytimg.com/vi/TOMrRn92WIo/mqdefault.jpg,https://i.ytimg.com/vi/TOMrRn92WIo/hqdefault.jpg,https://i.ytimg.com/vi/TOMrRn92WIo/sddefault.jpg,,PT3M1S,2d,sd,false,False,rectangular,{},{},processed,public,youtube,True,True,True,,8,1,0,0,"[""https://en.wikipedia.org/wiki/Society""]",[],,,,,,,{},"{""en"": {""title"": ""Pilot project Liberia 2015"", ""description"": ""The goal for the pilot project in Liberia was to recognize, formalize, and strengthen customary collective community land and natural resource tenure rights. The project started in 2015 and ended in 2017. It was carried through by our partner Foundation for Community Initiatives (FCI).""}}",VVU0ODZpWDVQaWppeDg4Y1JQNktJY25nLlRPTXJSbjkyV0lv,122,2020-11-25T15:33:43Z,public
UC486iX5Pijix88cRP6KIcng,Tenure Facility,"More than 2.5 billion Indigenous Peoples and local communities live in almost half of the world’s land area, yet they legally own less than 10% of their territories. These richly biodiverse ancestral lands are vital to our global climate, fresh water and food security. When land rights aren’t legally recognised, it puts lives and ecosystems at risk. Reducing land conflict, advancing human rights, promoting development and contributing to sustainable climate solutions can all start with strengthening community tenure rights. The Tenure Facility works alongside Indigenous Peoples and local communities, offering dedicated financial and technical support for innovative approaches to implementing collective tenure rights, whilst sharing the knowledge, innovations and tools that emerge across a global network.",@thetenurefacility,2018-01-23T19:26:57Z,SE,12536,176,False,148,,,EhioEX10DNo,,,,"[""https://en.wikipedia.org/wiki/Society"", ""https://en.wikipedia.org/wiki/Knowledge""]",https://yt3.ggpht.com/lY5opk8UFslyNRpQmxL2whl6urjsauzF4P_hB28EvQE8j3iBS3YAMLbUIPgHLBY0n5enmXhAKA=s88-c-k-c0x00ffffff-no-rj,https://yt3.ggpht.com/lY5opk8UFslyNRpQmxL2whl6urjsauzF4P_hB28EvQE8j3iBS3YAMLbUIPgHLBY0n5enmXhAKA=s240-c-k-c0x00ffffff-no-rj,https://yt3.ggpht.com/lY5opk8UFslyNRpQmxL2whl6urjsauzF4P_hB28EvQE8j3iBS3YAMLbUIPgHLBY0n5enmXhAKA=s800-c-k-c0x00ffffff-no-rj,CsTV7-MNogA,https://www.youtube.com/watch?v=CsTV7-MNogA,Stories of resilience- Peru,"In Peru, the work to right historic wrongs against Indigenous Peoples, has been strengthened in the last years. Last year, the Peruvian President himself attended an emotional ceremony in the vast northern Loreto region to see 66 indigenous communities receive the title to their lands. But with the country been badly hit by the coronavirus, Indigenous populations are seeing resurgent threats to their lands, livelihoods and lives. During Coronavirus, the local authorities are doing what they can to provide assistance, but still, many communities are turning to traditional medicines. The pandemic has allowed Tenure Facility’s partners to reflect on the relevance of the issues at stake. The silver lining during this pandemic has been the government pursue of an ambitious plan to recognize the lands of all identified indigenous and peasant communities by 2021.",2020-11-25T12:47:06Z,en,en,UC486iX5Pijix88cRP6KIcng,Tenure Facility,22,People & Blogs,[],none,https://i.ytimg.com/vi/CsTV7-MNogA/default.jpg,https://i.ytimg.com/vi/CsTV7-MNogA/mqdefault.jpg,https://i.ytimg.com/vi/CsTV7-MNogA/hqdefault.jpg,https://i.ytimg.com/vi/CsTV7-MNogA/sddefault.jpg,https://i.ytimg.com/vi/CsTV7-MNogA/maxresdefault.jpg,PT5M,2d,hd,false,False,rectangular,{},{},processed,public,youtube,True,True,True,,21,1,0,0,"[""https://en.wikipedia.org/wiki/Health"", ""https://en.wikipedia.org/wiki/Society""]",[],,,,,,,{},"{""en"": {""title"": ""Stories of resilience- Peru"", ""description"": ""In Peru, the work to right historic wrongs against Indigenous Peoples, has been strengthened in the last years. Last year, the Peruvian President himself attended an emotional ceremony in the vast northern Loreto region to see 66 indigenous communities receive the title to their lands. But with the country been badly hit by the coronavirus, Indigenous populations are seeing resurgent threats to their lands, livelihoods and lives. During Coronavirus, the local authorities are doing what they can to provide assistance, but still, many communities are turning to traditional medicines. The pandemic has allowed Tenure Facility’s partners to reflect on the relevance of the issues at stake. The silver lining during this pandemic has been the government pursue of an ambitious plan to recognize the lands of all identified indigenous and peasant communities by 2021.""}}",VVU0ODZpWDVQaWppeDg4Y1JQNktJY25nLkNzVFY3LU1Ob2dB,123,2020-11-25T12:47:06Z,public
UC486iX5Pijix88cRP6KIcng,Tenure Facility,"More than 2.5 billion Indigenous Peoples and local communities live in almost half of the world’s land area, yet they legally own less than 10% of their territories. These richly biodiverse ancestral lands are vital to our global climate, fresh water and food security. When land rights aren’t legally recognised, it puts lives and ecosystems at risk. Reducing land conflict, advancing human rights, promoting development and contributing to sustainable climate solutions can all start with strengthening community tenure rights. The Tenure Facility works alongside Indigenous Peoples and local communities, offering dedicated financial and technical support for innovative approaches to implementing collective tenure rights, whilst sharing the knowledge, innovations and tools that emerge across a global network.",@thetenurefacility,2018-01-23T19:26:57Z,SE,12536,176,False,148,,,EhioEX10DNo,,,,"[""https://en.wikipedia.org/wiki/Society"", ""https://en.wikipedia.org/wiki/Knowledge""]",https://yt3.ggpht.com/lY5opk8UFslyNRpQmxL2whl6urjsauzF4P_hB28EvQE8j3iBS3YAMLbUIPgHLBY0n5enmXhAKA=s88-c-k-c0x00ffffff-no-rj,https://yt3.ggpht.com/lY5opk8UFslyNRpQmxL2whl6urjsauzF4P_hB28EvQE8j3iBS3YAMLbUIPgHLBY0n5enmXhAKA=s240-c-k-c0x00ffffff-no-rj,https://yt3.ggpht.com/lY5opk8UFslyNRpQmxL2whl6urjsauzF4P_hB28EvQE8j3iBS3YAMLbUIPgHLBY0n5enmXhAKA=s800-c-k-c0x00ffffff-no-rj,MwxCGy5obCA,https://www.youtube.com/watch?v=MwxCGy5obCA,Stories of resilience- Panama,"Panama has some of the world’s most progressive laws protecting indigenous rights. Yet in recent years pressure has been growing on the county’s indigenous Peoples - from the private sector, the landless poor, and the Government’s claims to protected areas. Nevertheless, Indigenous Peoples are uniting once more and building their capacity, making them a serious force to be reckoned with. An example of this, has been now with the pandemic, traditional practices have become central to their response. Many Indigenous Peoples have turned to traditional medicines to mitigate the impacts of the virus. While no one is suggesting that these medicines offer a cure to COVID-19, there use is a reminder of the extraordinary wisdom residing in indigenous cultures",2020-11-25T11:58:54Z,en,en,UC486iX5Pijix88cRP6KIcng,Tenure Facility,22,People & Blogs,[],none,https://i.ytimg.com/vi/MwxCGy5obCA/default.jpg,https://i.ytimg.com/vi/MwxCGy5obCA/mqdefault.jpg,https://i.ytimg.com/vi/MwxCGy5obCA/hqdefault.jpg,https://i.ytimg.com/vi/MwxCGy5obCA/sddefault.jpg,https://i.ytimg.com/vi/MwxCGy5obCA/maxresdefault.jpg,PT5M7S,2d,hd,false,False,rectangular,{},{},processed,public,youtube,True,True,True,,22,1,0,0,"[""https://en.wikipedia.org/wiki/Health"", ""https://en.wikipedia.org/wiki/Society""]",[],,,,,,,{},"{""en"": {""title"": ""Stories of resilience- Panama"", ""description"": ""Panama has some of the world’s most progressive laws protecting indigenous rights. Yet in recent years pressure has been growing on the county’s indigenous Peoples - from the private sector, the landless poor, and the Government’s claims to protected areas. Nevertheless, Indigenous Peoples are uniting once more and building their capacity, making them a serious force to be reckoned with. An example of this, has been now with the pandemic, traditional practices have become central to their response. Many Indigenous Peoples have turned to traditional medicines to mitigate the impacts of the virus. While no one is suggesting that these medicines offer a cure to COVID-19, there use is a reminder of the extraordinary wisdom residing in indigenous cultures""}}",VVU0ODZpWDVQaWppeDg4Y1JQNktJY25nLk13eENHeTVvYkNB,124,2020-11-25T11:58:54Z,public
UC486iX5Pijix88cRP6KIcng,Tenure Facility,"More than 2.5 billion Indigenous Peoples and local communities live in almost half of the world’s land area, yet they legally own less than 10% of their territories. These richly biodiverse ancestral lands are vital to our global climate, fresh water and food security. When land rights aren’t legally recognised, it puts lives and ecosystems at risk. Reducing land conflict, advancing human rights, promoting development and contributing to sustainable climate solutions can all start with strengthening community tenure rights. The Tenure Facility works alongside Indigenous Peoples and local communities, offering dedicated financial and technical support for innovative approaches to implementing collective tenure rights, whilst sharing the knowledge, innovations and tools that emerge across a global network.",@thetenurefacility,2018-01-23T19:26:57Z,SE,12536,176,False,148,,,EhioEX10DNo,,,,"[""https://en.wikipedia.org/wiki/Society"", ""https://en.wikipedia.org/wiki/Knowledge""]",https://yt3.ggpht.com/lY5opk8UFslyNRpQmxL2whl6urjsauzF4P_hB28EvQE8j3iBS3YAMLbUIPgHLBY0n5enmXhAKA=s88-c-k-c0x00ffffff-no-rj,https://yt3.ggpht.com/lY5opk8UFslyNRpQmxL2whl6urjsauzF4P_hB28EvQE8j3iBS3YAMLbUIPgHLBY0n5enmXhAKA=s240-c-k-c0x00ffffff-no-rj,https://yt3.ggpht.com/lY5opk8UFslyNRpQmxL2whl6urjsauzF4P_hB28EvQE8j3iBS3YAMLbUIPgHLBY0n5enmXhAKA=s800-c-k-c0x00ffffff-no-rj,wlZUdRYUoxQ,https://www.youtube.com/watch?v=wlZUdRYUoxQ,Stories of resilience- Nepal,"After a decade of political upheaval, Nepal entered a phase of peace process and
stability which brought with it a new constitution that saw land reforms and tenure rights properly established in law. However, efforts to digitise land registration remain patchy. The legal rights of community forestry groups can be withdrawn at any time by forestry officials. This situation has been worsened by the arrival of the pandemic; however, the Tenure facility’s partners have been working to coordinate with the local communities and carry on with the project in the best way they can.",2020-11-25T11:57:46Z,en,en,UC486iX5Pijix88cRP6KIcng,Tenure Facility,22,People & Blogs,[],none,https://i.ytimg.com/vi/wlZUdRYUoxQ/default.jpg,https://i.ytimg.com/vi/wlZUdRYUoxQ/mqdefault.jpg,https://i.ytimg.com/vi/wlZUdRYUoxQ/hqdefault.jpg,https://i.ytimg.com/vi/wlZUdRYUoxQ/sddefault.jpg,https://i.ytimg.com/vi/wlZUdRYUoxQ/maxresdefault.jpg,PT3M55S,2d,hd,false,False,rectangular,{},{},processed,public,youtube,True,True,True,,203,3,0,0,"[""https://en.wikipedia.org/wiki/Society""]",[],,,,,,,{},"{""en"": {""title"": ""Stories of resilience- Nepal"", ""description"": ""After a decade of political upheaval, Nepal entered a phase of peace process and\nstability which brought with it a new constitution that saw land reforms and tenure rights properly established in law. However, efforts to digitise land registration remain patchy. The legal rights of community forestry groups can be withdrawn at any time by forestry officials. This situation has been worsened by the arrival of the pandemic; however, the Tenure facility’s partners have been working to coordinate with the local communities and carry on with the project in the best way they can.""}}",VVU0ODZpWDVQaWppeDg4Y1JQNktJY25nLndsWlVkUllVb3hR,125,2020-11-25T11:57:46Z,public
UC486iX5Pijix88cRP6KIcng,Tenure Facility,"More than 2.5 billion Indigenous Peoples and local communities live in almost half of the world’s land area, yet they legally own less than 10% of their territories. These richly biodiverse ancestral lands are vital to our global climate, fresh water and food security. When land rights aren’t legally recognised, it puts lives and ecosystems at risk. Reducing land conflict, advancing human rights, promoting development and contributing to sustainable climate solutions can all start with strengthening community tenure rights. The Tenure Facility works alongside Indigenous Peoples and local communities, offering dedicated financial and technical support for innovative approaches to implementing collective tenure rights, whilst sharing the knowledge, innovations and tools that emerge across a global network.",@thetenurefacility,2018-01-23T19:26:57Z,SE,12536,176,False,148,,,EhioEX10DNo,,,,"[""https://en.wikipedia.org/wiki/Society"", ""https://en.wikipedia.org/wiki/Knowledge""]",https://yt3.ggpht.com/lY5opk8UFslyNRpQmxL2whl6urjsauzF4P_hB28EvQE8j3iBS3YAMLbUIPgHLBY0n5enmXhAKA=s88-c-k-c0x00ffffff-no-rj,https://yt3.ggpht.com/lY5opk8UFslyNRpQmxL2whl6urjsauzF4P_hB28EvQE8j3iBS3YAMLbUIPgHLBY0n5enmXhAKA=s240-c-k-c0x00ffffff-no-rj,https://yt3.ggpht.com/lY5opk8UFslyNRpQmxL2whl6urjsauzF4P_hB28EvQE8j3iBS3YAMLbUIPgHLBY0n5enmXhAKA=s800-c-k-c0x00ffffff-no-rj,pKFosX5xMGI,https://www.youtube.com/watch?v=pKFosX5xMGI,Stories of resilience- Mozambique,"Land tenure has always been a source of friction in Mozambique, however Mozambique has developed some of the best policies and legal frameworks for land tenure on the African continent. Nevertheless, most rural farmers are unable to obtain documentation that proves the existence of their land rights. Now with the pandemic, restricted movement between rural and urban areas has fuelled a collapse in the socio-economic system in the country. Despite there being few if any reported cases of COVID-19 in the communities where our partners are working, the impact has been felt and seen in the country. Everyone recognises the importance of finding ways to work in a world that has altered and may remain altered for a long time to come.",2020-11-25T11:56:39Z,en,en,UC486iX5Pijix88cRP6KIcng,Tenure Facility,22,People & Blogs,[],none,https://i.ytimg.com/vi/pKFosX5xMGI/default.jpg,https://i.ytimg.com/vi/pKFosX5xMGI/mqdefault.jpg,https://i.ytimg.com/vi/pKFosX5xMGI/hqdefault.jpg,https://i.ytimg.com/vi/pKFosX5xMGI/sddefault.jpg,https://i.ytimg.com/vi/pKFosX5xMGI/maxresdefault.jpg,PT4M18S,2d,hd,false,False,rectangular,{},{},processed,public,youtube,True,True,True,,29,1,0,0,"[""https://en.wikipedia.org/wiki/Health"", ""https://en.wikipedia.org/wiki/Society""]",[],,,,,,,{},"{""en"": {""title"": ""Stories of resilience- Mozambique"", ""description"": ""Land tenure has always been a source of friction in Mozambique, however Mozambique has developed some of the best policies and legal frameworks for land tenure on the African continent. Nevertheless, most rural farmers are unable to obtain documentation that proves the existence of their land rights. Now with the pandemic, restricted movement between rural and urban areas has fuelled a collapse in the socio-economic system in the country. Despite there being few if any reported cases of COVID-19 in the communities where our partners are working, the impact has been felt and seen in the country. Everyone recognises the importance of finding ways to work in a world that has altered and may remain altered for a long time to come.""}}",VVU0ODZpWDVQaWppeDg4Y1JQNktJY25nLnBLRm9zWDV4TUdJ,126,2020-11-25T11:56:39Z,public
UC486iX5Pijix88cRP6KIcng,Tenure Facility,"More than 2.5 billion Indigenous Peoples and local communities live in almost half of the world’s land area, yet they legally own less than 10% of their territories. These richly biodiverse ancestral lands are vital to our global climate, fresh water and food security. When land rights aren’t legally recognised, it puts lives and ecosystems at risk. Reducing land conflict, advancing human rights, promoting development and contributing to sustainable climate solutions can all start with strengthening community tenure rights. The Tenure Facility works alongside Indigenous Peoples and local communities, offering dedicated financial and technical support for innovative approaches to implementing collective tenure rights, whilst sharing the knowledge, innovations and tools that emerge across a global network.",@thetenurefacility,2018-01-23T19:26:57Z,SE,12536,176,False,148,,,EhioEX10DNo,,,,"[""https://en.wikipedia.org/wiki/Society"", ""https://en.wikipedia.org/wiki/Knowledge""]",https://yt3.ggpht.com/lY5opk8UFslyNRpQmxL2whl6urjsauzF4P_hB28EvQE8j3iBS3YAMLbUIPgHLBY0n5enmXhAKA=s88-c-k-c0x00ffffff-no-rj,https://yt3.ggpht.com/lY5opk8UFslyNRpQmxL2whl6urjsauzF4P_hB28EvQE8j3iBS3YAMLbUIPgHLBY0n5enmXhAKA=s240-c-k-c0x00ffffff-no-rj,https://yt3.ggpht.com/lY5opk8UFslyNRpQmxL2whl6urjsauzF4P_hB28EvQE8j3iBS3YAMLbUIPgHLBY0n5enmXhAKA=s800-c-k-c0x00ffffff-no-rj,zjP6eYcHjH4,https://www.youtube.com/watch?v=zjP6eYcHjH4,Stories of resilience- Mali,"It is difficult for information to reach remote rural areas in Mali, meaning that communities are often cut off from the outside world. A lack of awareness over land rights has created  tensions over land, in turn fueling armed conflict in the country. The emergence of COVID-19 has increased this problem with drastic measures taken by the Malian authorities and travel restricted, our partners have been confronting new realities and with this, they have resourced for new solutions. This has included COVID training for all staff, as well as for community focal points. Keeping communities informed as the pandemic continues will be crucial in their everyday work.",2020-11-25T11:55:35Z,en,en,UC486iX5Pijix88cRP6KIcng,Tenure Facility,22,People & Blogs,[],none,https://i.ytimg.com/vi/zjP6eYcHjH4/default.jpg,https://i.ytimg.com/vi/zjP6eYcHjH4/mqdefault.jpg,https://i.ytimg.com/vi/zjP6eYcHjH4/hqdefault.jpg,https://i.ytimg.com/vi/zjP6eYcHjH4/sddefault.jpg,https://i.ytimg.com/vi/zjP6eYcHjH4/maxresdefault.jpg,PT4M28S,2d,hd,false,False,rectangular,{},{},processed,public,youtube,True,True,True,,21,0,0,0,"[""https://en.wikipedia.org/wiki/Health"", ""https://en.wikipedia.org/wiki/Society""]",[],,,,,,,{},"{""en"": {""title"": ""Stories of resilience- Mali"", ""description"": ""It is difficult for information to reach remote rural areas in Mali, meaning that communities are often cut off from the outside world. A lack of awareness over land rights has created  tensions over land, in turn fueling armed conflict in the country. The emergence of COVID-19 has increased this problem with drastic measures taken by the Malian authorities and travel restricted, our partners have been confronting new realities and with this, they have resourced for new solutions. This has included COVID training for all staff, as well as for community focal points. Keeping communities informed as the pandemic continues will be crucial in their everyday work.""}}",VVU0ODZpWDVQaWppeDg4Y1JQNktJY25nLnpqUDZlWWNIakg0,127,2020-11-25T11:55:35Z,public
UC486iX5Pijix88cRP6KIcng,Tenure Facility,"More than 2.5 billion Indigenous Peoples and local communities live in almost half of the world’s land area, yet they legally own less than 10% of their territories. These richly biodiverse ancestral lands are vital to our global climate, fresh water and food security. When land rights aren’t legally recognised, it puts lives and ecosystems at risk. Reducing land conflict, advancing human rights, promoting development and contributing to sustainable climate solutions can all start with strengthening community tenure rights. The Tenure Facility works alongside Indigenous Peoples and local communities, offering dedicated financial and technical support for innovative approaches to implementing collective tenure rights, whilst sharing the knowledge, innovations and tools that emerge across a global network.",@thetenurefacility,2018-01-23T19:26:57Z,SE,12536,176,False,148,,,EhioEX10DNo,,,,"[""https://en.wikipedia.org/wiki/Society"", ""https://en.wikipedia.org/wiki/Knowledge""]",https://yt3.ggpht.com/lY5opk8UFslyNRpQmxL2whl6urjsauzF4P_hB28EvQE8j3iBS3YAMLbUIPgHLBY0n5enmXhAKA=s88-c-k-c0x00ffffff-no-rj,https://yt3.ggpht.com/lY5opk8UFslyNRpQmxL2whl6urjsauzF4P_hB28EvQE8j3iBS3YAMLbUIPgHLBY0n5enmXhAKA=s240-c-k-c0x00ffffff-no-rj,https://yt3.ggpht.com/lY5opk8UFslyNRpQmxL2whl6urjsauzF4P_hB28EvQE8j3iBS3YAMLbUIPgHLBY0n5enmXhAKA=s800-c-k-c0x00ffffff-no-rj,OcWpEywM7Kw,https://www.youtube.com/watch?v=OcWpEywM7Kw,Stories of resilience- Liberia,"After decades of conflict over land which helped fuel a bitter civil war, in 2018 a new land law was passed in Liberia which meant that rural communities had the chance to gain greater control over their ancestral lands. The Tenure Facility backed project has placed the role of women at the heart of strengthening the capacity of these communities to title and manage their lands. But the arrival of COVID-19 has created severe challenges. Deadly diseases are nothing new in Liberia, but lockdown rules have left rural families short of vital food and medicine, and economic pressures have seen an ominous rise in sexual and gender-based violence. Nonetheless, our partners have been relying on the expertise they gained during the Ebola crisis to confront COVID-19 and its challenges to bring forward a brighter future.",2020-11-25T11:54:28Z,en,en,UC486iX5Pijix88cRP6KIcng,Tenure Facility,22,People & Blogs,[],none,https://i.ytimg.com/vi/OcWpEywM7Kw/default.jpg,https://i.ytimg.com/vi/OcWpEywM7Kw/mqdefault.jpg,https://i.ytimg.com/vi/OcWpEywM7Kw/hqdefault.jpg,https://i.ytimg.com/vi/OcWpEywM7Kw/sddefault.jpg,https://i.ytimg.com/vi/OcWpEywM7Kw/maxresdefault.jpg,PT4M24S,2d,hd,false,False,rectangular,{},{},processed,public,youtube,True,True,True,,24,0,0,0,"[""https://en.wikipedia.org/wiki/Health"", ""https://en.wikipedia.org/wiki/Society""]",[],,,,,,,{},"{""en"": {""title"": ""Stories of resilience- Liberia"", ""description"": ""After decades of conflict over land which helped fuel a bitter civil war, in 2018 a new land law was passed in Liberia which meant that rural communities had the chance to gain greater control over their ancestral lands. The Tenure Facility backed project has placed the role of women at the heart of strengthening the capacity of these communities to title and manage their lands. But the arrival of COVID-19 has created severe challenges. Deadly diseases are nothing new in Liberia, but lockdown rules have left rural families short of vital food and medicine, and economic pressures have seen an ominous rise in sexual and gender-based violence. Nonetheless, our partners have been relying on the expertise they gained during the Ebola crisis to confront COVID-19 and its challenges to bring forward a brighter future.""}}",VVU0ODZpWDVQaWppeDg4Y1JQNktJY25nLk9jV3BFeXdNN0t3,128,2020-11-25T11:54:28Z,public
UC486iX5Pijix88cRP6KIcng,Tenure Facility,"More than 2.5 billion Indigenous Peoples and local communities live in almost half of the world’s land area, yet they legally own less than 10% of their territories. These richly biodiverse ancestral lands are vital to our global climate, fresh water and food security. When land rights aren’t legally recognised, it puts lives and ecosystems at risk. Reducing land conflict, advancing human rights, promoting development and contributing to sustainable climate solutions can all start with strengthening community tenure rights. The Tenure Facility works alongside Indigenous Peoples and local communities, offering dedicated financial and technical support for innovative approaches to implementing collective tenure rights, whilst sharing the knowledge, innovations and tools that emerge across a global network.",@thetenurefacility,2018-01-23T19:26:57Z,SE,12536,176,False,148,,,EhioEX10DNo,,,,"[""https://en.wikipedia.org/wiki/Society"", ""https://en.wikipedia.org/wiki/Knowledge""]",https://yt3.ggpht.com/lY5opk8UFslyNRpQmxL2whl6urjsauzF4P_hB28EvQE8j3iBS3YAMLbUIPgHLBY0n5enmXhAKA=s88-c-k-c0x00ffffff-no-rj,https://yt3.ggpht.com/lY5opk8UFslyNRpQmxL2whl6urjsauzF4P_hB28EvQE8j3iBS3YAMLbUIPgHLBY0n5enmXhAKA=s240-c-k-c0x00ffffff-no-rj,https://yt3.ggpht.com/lY5opk8UFslyNRpQmxL2whl6urjsauzF4P_hB28EvQE8j3iBS3YAMLbUIPgHLBY0n5enmXhAKA=s800-c-k-c0x00ffffff-no-rj,K7EeCU9gYms,https://www.youtube.com/watch?v=K7EeCU9gYms,Stories of resilience- Indonesia,"Indonesia has the third largest tropical forest in the world and an estimated 50-70 million indigenous people, around a fifth of the total population. When Coronavirus hit Indonesia, some communities were able to use this crisis as a strengthening tool for their local collectives. The Tenure Facility’s partners have been able to adapt quickly and are also looking at how to build back better, using the crisis of coronavirus to rethink how land reform can solve other problems and how to build a new economy that is based at the local level.",2020-11-25T11:53:24Z,en,en,UC486iX5Pijix88cRP6KIcng,Tenure Facility,22,People & Blogs,[],none,https://i.ytimg.com/vi/K7EeCU9gYms/default.jpg,https://i.ytimg.com/vi/K7EeCU9gYms/mqdefault.jpg,https://i.ytimg.com/vi/K7EeCU9gYms/hqdefault.jpg,https://i.ytimg.com/vi/K7EeCU9gYms/sddefault.jpg,https://i.ytimg.com/vi/K7EeCU9gYms/maxresdefault.jpg,PT5M3S,2d,hd,false,False,rectangular,{},{},processed,public,youtube,True,True,True,,22,2,0,0,"[""https://en.wikipedia.org/wiki/Health"", ""https://en.wikipedia.org/wiki/Society""]",[],,,,,,,{},"{""en"": {""title"": ""Stories of resilience- Indonesia"", ""description"": ""Indonesia has the third largest tropical forest in the world and an estimated 50-70 million indigenous people, around a fifth of the total population. When Coronavirus hit Indonesia, some communities were able to use this crisis as a strengthening tool for their local collectives. The Tenure Facility’s partners have been able to adapt quickly and are also looking at how to build back better, using the crisis of coronavirus to rethink how land reform can solve other problems and how to build a new economy that is based at the local level.""}}",VVU0ODZpWDVQaWppeDg4Y1JQNktJY25nLks3RWVDVTlnWW1z,129,2020-11-25T11:53:24Z,public
UC486iX5Pijix88cRP6KIcng,Tenure Facility,"More than 2.5 billion Indigenous Peoples and local communities live in almost half of the world’s land area, yet they legally own less than 10% of their territories. These richly biodiverse ancestral lands are vital to our global climate, fresh water and food security. When land rights aren’t legally recognised, it puts lives and ecosystems at risk. Reducing land conflict, advancing human rights, promoting development and contributing to sustainable climate solutions can all start with strengthening community tenure rights. The Tenure Facility works alongside Indigenous Peoples and local communities, offering dedicated financial and technical support for innovative approaches to implementing collective tenure rights, whilst sharing the knowledge, innovations and tools that emerge across a global network.",@thetenurefacility,2018-01-23T19:26:57Z,SE,12536,176,False,148,,,EhioEX10DNo,,,,"[""https://en.wikipedia.org/wiki/Society"", ""https://en.wikipedia.org/wiki/Knowledge""]",https://yt3.ggpht.com/lY5opk8UFslyNRpQmxL2whl6urjsauzF4P_hB28EvQE8j3iBS3YAMLbUIPgHLBY0n5enmXhAKA=s88-c-k-c0x00ffffff-no-rj,https://yt3.ggpht.com/lY5opk8UFslyNRpQmxL2whl6urjsauzF4P_hB28EvQE8j3iBS3YAMLbUIPgHLBY0n5enmXhAKA=s240-c-k-c0x00ffffff-no-rj,https://yt3.ggpht.com/lY5opk8UFslyNRpQmxL2whl6urjsauzF4P_hB28EvQE8j3iBS3YAMLbUIPgHLBY0n5enmXhAKA=s800-c-k-c0x00ffffff-no-rj,wl22MP_Qtrs,https://www.youtube.com/watch?v=wl22MP_Qtrs,Stories of resilience- India,"The pandemic has had an enormous impact on the livelihoods of the local people in India, but it has also impacted the progress of the Land Rights project and the work of Tenure Facility’s partners. The two years they have spent building up relationships with the local people has been threatened by the pandemic. In order to not let this valuable network sit idle during the period of lockdown, they shifted their focus. The facilitators and volunteers have organized awareness drives in 1200 different villages where their network has been actively helping the district administration in this collective effort to stave off the danger of the Coronavirus.",2020-11-25T11:52:10Z,en,en,UC486iX5Pijix88cRP6KIcng,Tenure Facility,22,People & Blogs,[],none,https://i.ytimg.com/vi/wl22MP_Qtrs/default.jpg,https://i.ytimg.com/vi/wl22MP_Qtrs/mqdefault.jpg,https://i.ytimg.com/vi/wl22MP_Qtrs/hqdefault.jpg,https://i.ytimg.com/vi/wl22MP_Qtrs/sddefault.jpg,https://i.ytimg.com/vi/wl22MP_Qtrs/maxresdefault.jpg,PT5M28S,2d,hd,false,False,rectangular,{},{},processed,public,youtube,True,True,True,,36,1,0,0,"[""https://en.wikipedia.org/wiki/Health"", ""https://en.wikipedia.org/wiki/Society""]",[],,,,,,,{},"{""en"": {""title"": ""Stories of resilience- India"", ""description"": ""The pandemic has had an enormous impact on the livelihoods of the local people in India, but it has also impacted the progress of the Land Rights project and the work of Tenure Facility’s partners. The two years they have spent building up relationships with the local people has been threatened by the pandemic. In order to not let this valuable network sit idle during the period of lockdown, they shifted their focus. The facilitators and volunteers have organized awareness drives in 1200 different villages where their network has been actively helping the district administration in this collective effort to stave off the danger of the Coronavirus.""}}",VVU0ODZpWDVQaWppeDg4Y1JQNktJY25nLndsMjJNUF9RdHJz,130,2020-11-25T11:52:10Z,public
UC486iX5Pijix88cRP6KIcng,Tenure Facility,"More than 2.5 billion Indigenous Peoples and local communities live in almost half of the world’s land area, yet they legally own less than 10% of their territories. These richly biodiverse ancestral lands are vital to our global climate, fresh water and food security. When land rights aren’t legally recognised, it puts lives and ecosystems at risk. Reducing land conflict, advancing human rights, promoting development and contributing to sustainable climate solutions can all start with strengthening community tenure rights. The Tenure Facility works alongside Indigenous Peoples and local communities, offering dedicated financial and technical support for innovative approaches to implementing collective tenure rights, whilst sharing the knowledge, innovations and tools that emerge across a global network.",@thetenurefacility,2018-01-23T19:26:57Z,SE,12536,176,False,148,,,EhioEX10DNo,,,,"[""https://en.wikipedia.org/wiki/Society"", ""https://en.wikipedia.org/wiki/Knowledge""]",https://yt3.ggpht.com/lY5opk8UFslyNRpQmxL2whl6urjsauzF4P_hB28EvQE8j3iBS3YAMLbUIPgHLBY0n5enmXhAKA=s88-c-k-c0x00ffffff-no-rj,https://yt3.ggpht.com/lY5opk8UFslyNRpQmxL2whl6urjsauzF4P_hB28EvQE8j3iBS3YAMLbUIPgHLBY0n5enmXhAKA=s240-c-k-c0x00ffffff-no-rj,https://yt3.ggpht.com/lY5opk8UFslyNRpQmxL2whl6urjsauzF4P_hB28EvQE8j3iBS3YAMLbUIPgHLBY0n5enmXhAKA=s800-c-k-c0x00ffffff-no-rj,gSdGTpYYGkA,https://www.youtube.com/watch?v=gSdGTpYYGkA,Stories of resilience- Guyana,"Guyana’s dense forests have for generations been safeguarded by indigenous populations who make up around a tenth of the population. As the world wakes up to the need to protect these forests through climate funding, there have been renewed efforts to title indigenous land. This valuable work has been now challenged by the arrival of COVID-19 as it has hit indigenous communities hard. Luckily, the Tenure Facility´s partners, with their deep relations to the communities they work alongside have been able to respond, ensuring feedback from the communities even though they have been isolated. Thus the work of securing land tenure in the country can continue.",2020-11-25T11:51:02Z,en,en,UC486iX5Pijix88cRP6KIcng,Tenure Facility,22,People & Blogs,[],none,https://i.ytimg.com/vi/gSdGTpYYGkA/default.jpg,https://i.ytimg.com/vi/gSdGTpYYGkA/mqdefault.jpg,https://i.ytimg.com/vi/gSdGTpYYGkA/hqdefault.jpg,https://i.ytimg.com/vi/gSdGTpYYGkA/sddefault.jpg,https://i.ytimg.com/vi/gSdGTpYYGkA/maxresdefault.jpg,PT5M5S,2d,hd,false,False,rectangular,{},{},processed,public,youtube,True,True,True,,43,3,0,0,"[""https://en.wikipedia.org/wiki/Health"", ""https://en.wikipedia.org/wiki/Society""]",[],,,,,,,{},"{""en"": {""title"": ""Stories of resilience- Guyana"", ""description"": ""Guyana’s dense forests have for generations been safeguarded by indigenous populations who make up around a tenth of the population. As the world wakes up to the need to protect these forests through climate funding, there have been renewed efforts to title indigenous land. This valuable work has been now challenged by the arrival of COVID-19 as it has hit indigenous communities hard. Luckily, the Tenure Facility´s partners, with their deep relations to the communities they work alongside have been able to respond, ensuring feedback from the communities even though they have been isolated. Thus the work of securing land tenure in the country can continue.""}}",VVU0ODZpWDVQaWppeDg4Y1JQNktJY25nLmdTZEdUcFlZR2tB,131,2020-11-25T11:51:02Z,public
UC486iX5Pijix88cRP6KIcng,Tenure Facility,"More than 2.5 billion Indigenous Peoples and local communities live in almost half of the world’s land area, yet they legally own less than 10% of their territories. These richly biodiverse ancestral lands are vital to our global climate, fresh water and food security. When land rights aren’t legally recognised, it puts lives and ecosystems at risk. Reducing land conflict, advancing human rights, promoting development and contributing to sustainable climate solutions can all start with strengthening community tenure rights. The Tenure Facility works alongside Indigenous Peoples and local communities, offering dedicated financial and technical support for innovative approaches to implementing collective tenure rights, whilst sharing the knowledge, innovations and tools that emerge across a global network.",@thetenurefacility,2018-01-23T19:26:57Z,SE,12536,176,False,148,,,EhioEX10DNo,,,,"[""https://en.wikipedia.org/wiki/Society"", ""https://en.wikipedia.org/wiki/Knowledge""]",https://yt3.ggpht.com/lY5opk8UFslyNRpQmxL2whl6urjsauzF4P_hB28EvQE8j3iBS3YAMLbUIPgHLBY0n5enmXhAKA=s88-c-k-c0x00ffffff-no-rj,https://yt3.ggpht.com/lY5opk8UFslyNRpQmxL2whl6urjsauzF4P_hB28EvQE8j3iBS3YAMLbUIPgHLBY0n5enmXhAKA=s240-c-k-c0x00ffffff-no-rj,https://yt3.ggpht.com/lY5opk8UFslyNRpQmxL2whl6urjsauzF4P_hB28EvQE8j3iBS3YAMLbUIPgHLBY0n5enmXhAKA=s800-c-k-c0x00ffffff-no-rj,Z0uc1B0I4jc,https://www.youtube.com/watch?v=Z0uc1B0I4jc,Stories of resilience- Democratic Republic of Congo,"DRC:
Early in 2020 our partners were busy preparing for the June launch of the Tenure Facility-backed project, which will see communities being supported to make use of a new ministerial order on communal lands to secure 300,000 hectares of forestlands in western DRC. With the arrival of the pandemic however, already isolated villages found themselves more cut off than ever through lock down. Already impoverished communities have gone hungry, and whilst there has been little spread of the virus itself, fear of its impacts has proved to be an infection of its own. Despite this, our partners have shown resilience and adaptability to these changing circumstances while moving forward.",2020-11-25T11:49:35Z,en,fr,UC486iX5Pijix88cRP6KIcng,Tenure Facility,22,People & Blogs,[],none,https://i.ytimg.com/vi/Z0uc1B0I4jc/default.jpg,https://i.ytimg.com/vi/Z0uc1B0I4jc/mqdefault.jpg,https://i.ytimg.com/vi/Z0uc1B0I4jc/hqdefault.jpg,https://i.ytimg.com/vi/Z0uc1B0I4jc/sddefault.jpg,https://i.ytimg.com/vi/Z0uc1B0I4jc/maxresdefault.jpg,PT5M7S,2d,hd,false,False,rectangular,{},{},processed,public,youtube,True,True,True,,54,3,0,0,"[""https://en.wikipedia.org/wiki/Health"", ""https://en.wikipedia.org/wiki/Society""]",[],,,,,,,{},"{""en"": {""title"": ""Stories of resilience- Democratic Republic of Congo"", ""description"": ""DRC:\nEarly in 2020 our partners were busy preparing for the June launch of the Tenure Facility-backed project, which will see communities being supported to make use of a new ministerial order on communal lands to secure 300,000 hectares of forestlands in western DRC. With the arrival of the pandemic however, already isolated villages found themselves more cut off than ever through lock down. Already impoverished communities have gone hungry, and whilst there has been little spread of the virus itself, fear of its impacts has proved to be an infection of its own. Despite this, our partners have shown resilience and adaptability to these changing circumstances while moving forward.""}}",VVU0ODZpWDVQaWppeDg4Y1JQNktJY25nLlowdWMxQjBJNGpj,132,2020-11-25T11:49:35Z,public
UC486iX5Pijix88cRP6KIcng,Tenure Facility,"More than 2.5 billion Indigenous Peoples and local communities live in almost half of the world’s land area, yet they legally own less than 10% of their territories. These richly biodiverse ancestral lands are vital to our global climate, fresh water and food security. When land rights aren’t legally recognised, it puts lives and ecosystems at risk. Reducing land conflict, advancing human rights, promoting development and contributing to sustainable climate solutions can all start with strengthening community tenure rights. The Tenure Facility works alongside Indigenous Peoples and local communities, offering dedicated financial and technical support for innovative approaches to implementing collective tenure rights, whilst sharing the knowledge, innovations and tools that emerge across a global network.",@thetenurefacility,2018-01-23T19:26:57Z,SE,12536,176,False,148,,,EhioEX10DNo,,,,"[""https://en.wikipedia.org/wiki/Society"", ""https://en.wikipedia.org/wiki/Knowledge""]",https://yt3.ggpht.com/lY5opk8UFslyNRpQmxL2whl6urjsauzF4P_hB28EvQE8j3iBS3YAMLbUIPgHLBY0n5enmXhAKA=s88-c-k-c0x00ffffff-no-rj,https://yt3.ggpht.com/lY5opk8UFslyNRpQmxL2whl6urjsauzF4P_hB28EvQE8j3iBS3YAMLbUIPgHLBY0n5enmXhAKA=s240-c-k-c0x00ffffff-no-rj,https://yt3.ggpht.com/lY5opk8UFslyNRpQmxL2whl6urjsauzF4P_hB28EvQE8j3iBS3YAMLbUIPgHLBY0n5enmXhAKA=s800-c-k-c0x00ffffff-no-rj,LM85S1ISlTg,https://www.youtube.com/watch?v=LM85S1ISlTg,Stories of resilience- Colombia PCN,"First arriving in South America as slaves during a brutal colonial period, Afro-descendant communities in Colombia have over the centuries developed deep ties to the land they have worked and lived upon. Afro-descendant organisations are well used to operating in the volatile and complex world of Colombian politics. Nonetheless, Coronavirus has created new challenges. Realising that the situation was likely to remain serious for some time, the Tenure Facility’s partners looked to change the way they worked, and the way they interacted with communities, creating new ways of bringing forward their land rights’ project.",2020-11-25T11:48:23Z,en,en,UC486iX5Pijix88cRP6KIcng,Tenure Facility,22,People & Blogs,[],none,https://i.ytimg.com/vi/LM85S1ISlTg/default.jpg,https://i.ytimg.com/vi/LM85S1ISlTg/mqdefault.jpg,https://i.ytimg.com/vi/LM85S1ISlTg/hqdefault.jpg,https://i.ytimg.com/vi/LM85S1ISlTg/sddefault.jpg,https://i.ytimg.com/vi/LM85S1ISlTg/maxresdefault.jpg,PT4M33S,2d,hd,false,False,rectangular,{},{},processed,public,youtube,True,True,True,,38,1,0,0,"[""https://en.wikipedia.org/wiki/Society""]",[],,,,,,,{},"{""en"": {""title"": ""Stories of resilience- Colombia PCN"", ""description"": ""First arriving in South America as slaves during a brutal colonial period, Afro-descendant communities in Colombia have over the centuries developed deep ties to the land they have worked and lived upon. Afro-descendant organisations are well used to operating in the volatile and complex world of Colombian politics. Nonetheless, Coronavirus has created new challenges. Realising that the situation was likely to remain serious for some time, the Tenure Facility’s partners looked to change the way they worked, and the way they interacted with communities, creating new ways of bringing forward their land rights’ project.""}}",VVU0ODZpWDVQaWppeDg4Y1JQNktJY25nLkxNODVTMUlTbFRn,133,2020-11-25T11:48:23Z,public
UC486iX5Pijix88cRP6KIcng,Tenure Facility,"More than 2.5 billion Indigenous Peoples and local communities live in almost half of the world’s land area, yet they legally own less than 10% of their territories. These richly biodiverse ancestral lands are vital to our global climate, fresh water and food security. When land rights aren’t legally recognised, it puts lives and ecosystems at risk. Reducing land conflict, advancing human rights, promoting development and contributing to sustainable climate solutions can all start with strengthening community tenure rights. The Tenure Facility works alongside Indigenous Peoples and local communities, offering dedicated financial and technical support for innovative approaches to implementing collective tenure rights, whilst sharing the knowledge, innovations and tools that emerge across a global network.",@thetenurefacility,2018-01-23T19:26:57Z,SE,12536,176,False,148,,,EhioEX10DNo,,,,"[""https://en.wikipedia.org/wiki/Society"", ""https://en.wikipedia.org/wiki/Knowledge""]",https://yt3.ggpht.com/lY5opk8UFslyNRpQmxL2whl6urjsauzF4P_hB28EvQE8j3iBS3YAMLbUIPgHLBY0n5enmXhAKA=s88-c-k-c0x00ffffff-no-rj,https://yt3.ggpht.com/lY5opk8UFslyNRpQmxL2whl6urjsauzF4P_hB28EvQE8j3iBS3YAMLbUIPgHLBY0n5enmXhAKA=s240-c-k-c0x00ffffff-no-rj,https://yt3.ggpht.com/lY5opk8UFslyNRpQmxL2whl6urjsauzF4P_hB28EvQE8j3iBS3YAMLbUIPgHLBY0n5enmXhAKA=s800-c-k-c0x00ffffff-no-rj,jabg895GTPM,https://www.youtube.com/watch?v=jabg895GTPM,Stories of resilience- Colombia CNTI,"Colombia’s 115 Indigenous Peoples have a deep relationship with their land, acting as guardians for approximately 60 million hectares in total. However, with the ongoing pandemic this work has not only been placed on hold, but the nationwide lockdown has created conditions for a resurgence of much of the violence, marginalisation and abuse that have beset indigenous populations for so long. The Tenure Facility’s partners are well used to swimming against the tide, and so work is underway to adapt to new realities that this pandemic has inflicted on us globally.",2020-11-25T11:47:06Z,en,en,UC486iX5Pijix88cRP6KIcng,Tenure Facility,22,People & Blogs,[],none,https://i.ytimg.com/vi/jabg895GTPM/default.jpg,https://i.ytimg.com/vi/jabg895GTPM/mqdefault.jpg,https://i.ytimg.com/vi/jabg895GTPM/hqdefault.jpg,https://i.ytimg.com/vi/jabg895GTPM/sddefault.jpg,https://i.ytimg.com/vi/jabg895GTPM/maxresdefault.jpg,PT5M10S,2d,hd,false,False,rectangular,{},{},processed,public,youtube,True,True,True,,28,0,0,0,"[""https://en.wikipedia.org/wiki/Health"", ""https://en.wikipedia.org/wiki/Society""]",[],,,,,,,{},"{""en"": {""title"": ""Stories of resilience- Colombia CNTI"", ""description"": ""Colombia’s 115 Indigenous Peoples have a deep relationship with their land, acting as guardians for approximately 60 million hectares in total. However, with the ongoing pandemic this work has not only been placed on hold, but the nationwide lockdown has created conditions for a resurgence of much of the violence, marginalisation and abuse that have beset indigenous populations for so long. The Tenure Facility’s partners are well used to swimming against the tide, and so work is underway to adapt to new realities that this pandemic has inflicted on us globally.""}}",VVU0ODZpWDVQaWppeDg4Y1JQNktJY25nLmphYmc4OTVHVFBN,134,2020-11-25T11:47:06Z,public
UC486iX5Pijix88cRP6KIcng,Tenure Facility,"More than 2.5 billion Indigenous Peoples and local communities live in almost half of the world’s land area, yet they legally own less than 10% of their territories. These richly biodiverse ancestral lands are vital to our global climate, fresh water and food security. When land rights aren’t legally recognised, it puts lives and ecosystems at risk. Reducing land conflict, advancing human rights, promoting development and contributing to sustainable climate solutions can all start with strengthening community tenure rights. The Tenure Facility works alongside Indigenous Peoples and local communities, offering dedicated financial and technical support for innovative approaches to implementing collective tenure rights, whilst sharing the knowledge, innovations and tools that emerge across a global network.",@thetenurefacility,2018-01-23T19:26:57Z,SE,12536,176,False,148,,,EhioEX10DNo,,,,"[""https://en.wikipedia.org/wiki/Society"", ""https://en.wikipedia.org/wiki/Knowledge""]",https://yt3.ggpht.com/lY5opk8UFslyNRpQmxL2whl6urjsauzF4P_hB28EvQE8j3iBS3YAMLbUIPgHLBY0n5enmXhAKA=s88-c-k-c0x00ffffff-no-rj,https://yt3.ggpht.com/lY5opk8UFslyNRpQmxL2whl6urjsauzF4P_hB28EvQE8j3iBS3YAMLbUIPgHLBY0n5enmXhAKA=s240-c-k-c0x00ffffff-no-rj,https://yt3.ggpht.com/lY5opk8UFslyNRpQmxL2whl6urjsauzF4P_hB28EvQE8j3iBS3YAMLbUIPgHLBY0n5enmXhAKA=s800-c-k-c0x00ffffff-no-rj,YPwnxHIgpXM,https://www.youtube.com/watch?v=YPwnxHIgpXM,Stories of resilience- Belize,Many Indigenous Peoples around the world have relied on a sense of community and solidarity to support each other through the first months of the pandemic. This Mayan community has faced changes which they are being forced to cope with and learn how to adapt and prepare for taking their land rights’ project forward in a world changed by COVID-19.,2020-11-25T11:45:52Z,en,en,UC486iX5Pijix88cRP6KIcng,Tenure Facility,22,People & Blogs,[],none,https://i.ytimg.com/vi/YPwnxHIgpXM/default.jpg,https://i.ytimg.com/vi/YPwnxHIgpXM/mqdefault.jpg,https://i.ytimg.com/vi/YPwnxHIgpXM/hqdefault.jpg,https://i.ytimg.com/vi/YPwnxHIgpXM/sddefault.jpg,https://i.ytimg.com/vi/YPwnxHIgpXM/maxresdefault.jpg,PT4M39S,2d,hd,false,False,rectangular,{},{},processed,public,youtube,True,True,True,,100,2,0,0,"[""https://en.wikipedia.org/wiki/Health"", ""https://en.wikipedia.org/wiki/Society""]",[],,,,,,,{},"{""en"": {""title"": ""Stories of resilience- Belize"", ""description"": ""Many Indigenous Peoples around the world have relied on a sense of community and solidarity to support each other through the first months of the pandemic. This Mayan community has faced changes which they are being forced to cope with and learn how to adapt and prepare for taking their land rights’ project forward in a world changed by COVID-19.""}}",VVU0ODZpWDVQaWppeDg4Y1JQNktJY25nLllQd254SElncFhN,135,2020-11-25T11:45:52Z,public
UC486iX5Pijix88cRP6KIcng,Tenure Facility,"More than 2.5 billion Indigenous Peoples and local communities live in almost half of the world’s land area, yet they legally own less than 10% of their territories. These richly biodiverse ancestral lands are vital to our global climate, fresh water and food security. When land rights aren’t legally recognised, it puts lives and ecosystems at risk. Reducing land conflict, advancing human rights, promoting development and contributing to sustainable climate solutions can all start with strengthening community tenure rights. The Tenure Facility works alongside Indigenous Peoples and local communities, offering dedicated financial and technical support for innovative approaches to implementing collective tenure rights, whilst sharing the knowledge, innovations and tools that emerge across a global network.",@thetenurefacility,2018-01-23T19:26:57Z,SE,12536,176,False,148,,,EhioEX10DNo,,,,"[""https://en.wikipedia.org/wiki/Society"", ""https://en.wikipedia.org/wiki/Knowledge""]",https://yt3.ggpht.com/lY5opk8UFslyNRpQmxL2whl6urjsauzF4P_hB28EvQE8j3iBS3YAMLbUIPgHLBY0n5enmXhAKA=s88-c-k-c0x00ffffff-no-rj,https://yt3.ggpht.com/lY5opk8UFslyNRpQmxL2whl6urjsauzF4P_hB28EvQE8j3iBS3YAMLbUIPgHLBY0n5enmXhAKA=s240-c-k-c0x00ffffff-no-rj,https://yt3.ggpht.com/lY5opk8UFslyNRpQmxL2whl6urjsauzF4P_hB28EvQE8j3iBS3YAMLbUIPgHLBY0n5enmXhAKA=s800-c-k-c0x00ffffff-no-rj,qHtw7ETP4yQ,https://www.youtube.com/watch?v=qHtw7ETP4yQ,Tenure in Indonesia FRE sub,"En Indonésie, les plantations de palmiers à huile couvrent 8 millions d'hectares et, par conséquent, l'Indonésie est l'un des plus grands émetteurs de gaz à effet de serre au monde.",2020-11-25T11:40:49Z,fr,en,UC486iX5Pijix88cRP6KIcng,Tenure Facility,22,People & Blogs,[],none,https://i.ytimg.com/vi/qHtw7ETP4yQ/default.jpg,https://i.ytimg.com/vi/qHtw7ETP4yQ/mqdefault.jpg,https://i.ytimg.com/vi/qHtw7ETP4yQ/hqdefault.jpg,https://i.ytimg.com/vi/qHtw7ETP4yQ/sddefault.jpg,https://i.ytimg.com/vi/qHtw7ETP4yQ/maxresdefault.jpg,PT24S,2d,hd,false,False,rectangular,{},{},processed,public,youtube,True,True,True,,1,0,0,0,[],[],,,,,,,{},"{""fr"": {""title"": ""Tenure in Indonesia FRE sub"", ""description"": ""En Indonésie, les plantations de palmiers à huile couvrent 8 millions d'hectares et, par conséquent, l'Indonésie est l'un des plus grands émetteurs de gaz à effet de serre au monde.""}}",VVU0ODZpWDVQaWppeDg4Y1JQNktJY25nLnFIdHc3RVRQNHlR,136,2020-11-25T11:40:49Z,public
UC486iX5Pijix88cRP6KIcng,Tenure Facility,"More than 2.5 billion Indigenous Peoples and local communities live in almost half of the world’s land area, yet they legally own less than 10% of their territories. These richly biodiverse ancestral lands are vital to our global climate, fresh water and food security. When land rights aren’t legally recognised, it puts lives and ecosystems at risk. Reducing land conflict, advancing human rights, promoting development and contributing to sustainable climate solutions can all start with strengthening community tenure rights. The Tenure Facility works alongside Indigenous Peoples and local communities, offering dedicated financial and technical support for innovative approaches to implementing collective tenure rights, whilst sharing the knowledge, innovations and tools that emerge across a global network.",@thetenurefacility,2018-01-23T19:26:57Z,SE,12536,176,False,148,,,EhioEX10DNo,,,,"[""https://en.wikipedia.org/wiki/Society"", ""https://en.wikipedia.org/wiki/Knowledge""]",https://yt3.ggpht.com/lY5opk8UFslyNRpQmxL2whl6urjsauzF4P_hB28EvQE8j3iBS3YAMLbUIPgHLBY0n5enmXhAKA=s88-c-k-c0x00ffffff-no-rj,https://yt3.ggpht.com/lY5opk8UFslyNRpQmxL2whl6urjsauzF4P_hB28EvQE8j3iBS3YAMLbUIPgHLBY0n5enmXhAKA=s240-c-k-c0x00ffffff-no-rj,https://yt3.ggpht.com/lY5opk8UFslyNRpQmxL2whl6urjsauzF4P_hB28EvQE8j3iBS3YAMLbUIPgHLBY0n5enmXhAKA=s800-c-k-c0x00ffffff-no-rj,wKQTKag_Tdo,https://www.youtube.com/watch?v=wKQTKag_Tdo,Tenure in Indonesia SPA sub,"En Indonesia, las plantaciones de aceite de palma cubren 8 millones de hectáreas y, como resultado, Indonesia es uno de los mayores emisores de gases de efecto invernadero del mundo.",2020-11-25T11:40:12Z,es,en,UC486iX5Pijix88cRP6KIcng,Tenure Facility,22,People & Blogs,[],none,https://i.ytimg.com/vi/wKQTKag_Tdo/default.jpg,https://i.ytimg.com/vi/wKQTKag_Tdo/mqdefault.jpg,https://i.ytimg.com/vi/wKQTKag_Tdo/hqdefault.jpg,https://i.ytimg.com/vi/wKQTKag_Tdo/sddefault.jpg,https://i.ytimg.com/vi/wKQTKag_Tdo/maxresdefault.jpg,PT24S,2d,hd,false,False,rectangular,{},{},processed,public,youtube,True,True,True,,1,0,0,0,[],[],,,,,,,{},"{""es"": {""title"": ""Tenure in Indonesia SPA sub"", ""description"": ""En Indonesia, las plantaciones de aceite de palma cubren 8 millones de hectáreas y, como resultado, Indonesia es uno de los mayores emisores de gases de efecto invernadero del mundo.""}}",VVU0ODZpWDVQaWppeDg4Y1JQNktJY25nLndLUVRLYWdfVGRv,137,2020-11-25T11:40:12Z,public
UC486iX5Pijix88cRP6KIcng,Tenure Facility,"More than 2.5 billion Indigenous Peoples and local communities live in almost half of the world’s land area, yet they legally own less than 10% of their territories. These richly biodiverse ancestral lands are vital to our global climate, fresh water and food security. When land rights aren’t legally recognised, it puts lives and ecosystems at risk. Reducing land conflict, advancing human rights, promoting development and contributing to sustainable climate solutions can all start with strengthening community tenure rights. The Tenure Facility works alongside Indigenous Peoples and local communities, offering dedicated financial and technical support for innovative approaches to implementing collective tenure rights, whilst sharing the knowledge, innovations and tools that emerge across a global network.",@thetenurefacility,2018-01-23T19:26:57Z,SE,12536,176,False,148,,,EhioEX10DNo,,,,"[""https://en.wikipedia.org/wiki/Society"", ""https://en.wikipedia.org/wiki/Knowledge""]",https://yt3.ggpht.com/lY5opk8UFslyNRpQmxL2whl6urjsauzF4P_hB28EvQE8j3iBS3YAMLbUIPgHLBY0n5enmXhAKA=s88-c-k-c0x00ffffff-no-rj,https://yt3.ggpht.com/lY5opk8UFslyNRpQmxL2whl6urjsauzF4P_hB28EvQE8j3iBS3YAMLbUIPgHLBY0n5enmXhAKA=s240-c-k-c0x00ffffff-no-rj,https://yt3.ggpht.com/lY5opk8UFslyNRpQmxL2whl6urjsauzF4P_hB28EvQE8j3iBS3YAMLbUIPgHLBY0n5enmXhAKA=s800-c-k-c0x00ffffff-no-rj,Q8l24XuYgLE,https://www.youtube.com/watch?v=Q8l24XuYgLE,Tenure in Indonesia,"In Indonesia, palm oil plantations cover 8 million hectares, and as a result, Indonesia is one of the highest of greenhouse gases emitters in the world.",2020-11-25T11:32:10Z,en,en,UC486iX5Pijix88cRP6KIcng,Tenure Facility,22,People & Blogs,[],none,https://i.ytimg.com/vi/Q8l24XuYgLE/default.jpg,https://i.ytimg.com/vi/Q8l24XuYgLE/mqdefault.jpg,https://i.ytimg.com/vi/Q8l24XuYgLE/hqdefault.jpg,https://i.ytimg.com/vi/Q8l24XuYgLE/sddefault.jpg,https://i.ytimg.com/vi/Q8l24XuYgLE/maxresdefault.jpg,PT24S,2d,hd,false,False,rectangular,{},{},processed,public,youtube,True,True,True,,7,0,0,0,"[""https://en.wikipedia.org/wiki/Knowledge""]",[],,,,,,,{},"{""en"": {""title"": ""Tenure in Indonesia"", ""description"": ""In Indonesia, palm oil plantations cover 8 million hectares, and as a result, Indonesia is one of the highest of greenhouse gases emitters in the world.""}}",VVU0ODZpWDVQaWppeDg4Y1JQNktJY25nLlE4bDI0WHVZZ0xF,138,2020-11-25T11:32:10Z,public
UC486iX5Pijix88cRP6KIcng,Tenure Facility,"More than 2.5 billion Indigenous Peoples and local communities live in almost half of the world’s land area, yet they legally own less than 10% of their territories. These richly biodiverse ancestral lands are vital to our global climate, fresh water and food security. When land rights aren’t legally recognised, it puts lives and ecosystems at risk. Reducing land conflict, advancing human rights, promoting development and contributing to sustainable climate solutions can all start with strengthening community tenure rights. The Tenure Facility works alongside Indigenous Peoples and local communities, offering dedicated financial and technical support for innovative approaches to implementing collective tenure rights, whilst sharing the knowledge, innovations and tools that emerge across a global network.",@thetenurefacility,2018-01-23T19:26:57Z,SE,12536,176,False,148,,,EhioEX10DNo,,,,"[""https://en.wikipedia.org/wiki/Society"", ""https://en.wikipedia.org/wiki/Knowledge""]",https://yt3.ggpht.com/lY5opk8UFslyNRpQmxL2whl6urjsauzF4P_hB28EvQE8j3iBS3YAMLbUIPgHLBY0n5enmXhAKA=s88-c-k-c0x00ffffff-no-rj,https://yt3.ggpht.com/lY5opk8UFslyNRpQmxL2whl6urjsauzF4P_hB28EvQE8j3iBS3YAMLbUIPgHLBY0n5enmXhAKA=s240-c-k-c0x00ffffff-no-rj,https://yt3.ggpht.com/lY5opk8UFslyNRpQmxL2whl6urjsauzF4P_hB28EvQE8j3iBS3YAMLbUIPgHLBY0n5enmXhAKA=s800-c-k-c0x00ffffff-no-rj,oMnYHhY3Sx4,https://www.youtube.com/watch?v=oMnYHhY3Sx4,This is why the Tenure matters (SPA sub),"Una de las partes instintivas más antiguas de nuestro cerebro es la necesidad de construir una casa. Pero para los 2500 millones de pueblos indígenas y comunidades locales del mundo, la tierra significa mucho más. Es su principal fuente de cultura y sustento. Sus tierras y bosques les proporcionan alimentos, medicinas y refugio. Cuando pierden sus hogares, su propia forma de vida se ve amenazada. Las tierras comunitarias en estas regiones por sí solas almacenan carbono equivalente a 1.5 veces las emisiones globales de gases de efecto invernadero de 2014 si fueran deforestadas, el impacto sería universal dado que los bosques son críticos en la batalla contra el cambio climático.",2020-11-25T11:31:13Z,es,en,UC486iX5Pijix88cRP6KIcng,Tenure Facility,22,People & Blogs,[],none,https://i.ytimg.com/vi/oMnYHhY3Sx4/default.jpg,https://i.ytimg.com/vi/oMnYHhY3Sx4/mqdefault.jpg,https://i.ytimg.com/vi/oMnYHhY3Sx4/hqdefault.jpg,https://i.ytimg.com/vi/oMnYHhY3Sx4/sddefault.jpg,https://i.ytimg.com/vi/oMnYHhY3Sx4/maxresdefault.jpg,PT2M36S,2d,hd,false,False,rectangular,{},{},processed,public,youtube,True,True,True,,12,1,0,0,"[""https://en.wikipedia.org/wiki/Knowledge""]",[],,,,,,,{},"{""es"": {""title"": ""This is why the Tenure matters (SPA sub)"", ""description"": ""Una de las partes instintivas más antiguas de nuestro cerebro es la necesidad de construir una casa. Pero para los 2500 millones de pueblos indígenas y comunidades locales del mundo, la tierra significa mucho más. Es su principal fuente de cultura y sustento. Sus tierras y bosques les proporcionan alimentos, medicinas y refugio. Cuando pierden sus hogares, su propia forma de vida se ve amenazada. Las tierras comunitarias en estas regiones por sí solas almacenan carbono equivalente a 1.5 veces las emisiones globales de gases de efecto invernadero de 2014 si fueran deforestadas, el impacto sería universal dado que los bosques son críticos en la batalla contra el cambio climático.""}}",VVU0ODZpWDVQaWppeDg4Y1JQNktJY25nLm9NbllIaFkzU3g0,139,2020-11-25T11:31:13Z,public
UC486iX5Pijix88cRP6KIcng,Tenure Facility,"More than 2.5 billion Indigenous Peoples and local communities live in almost half of the world’s land area, yet they legally own less than 10% of their territories. These richly biodiverse ancestral lands are vital to our global climate, fresh water and food security. When land rights aren’t legally recognised, it puts lives and ecosystems at risk. Reducing land conflict, advancing human rights, promoting development and contributing to sustainable climate solutions can all start with strengthening community tenure rights. The Tenure Facility works alongside Indigenous Peoples and local communities, offering dedicated financial and technical support for innovative approaches to implementing collective tenure rights, whilst sharing the knowledge, innovations and tools that emerge across a global network.",@thetenurefacility,2018-01-23T19:26:57Z,SE,12536,176,False,148,,,EhioEX10DNo,,,,"[""https://en.wikipedia.org/wiki/Society"", ""https://en.wikipedia.org/wiki/Knowledge""]",https://yt3.ggpht.com/lY5opk8UFslyNRpQmxL2whl6urjsauzF4P_hB28EvQE8j3iBS3YAMLbUIPgHLBY0n5enmXhAKA=s88-c-k-c0x00ffffff-no-rj,https://yt3.ggpht.com/lY5opk8UFslyNRpQmxL2whl6urjsauzF4P_hB28EvQE8j3iBS3YAMLbUIPgHLBY0n5enmXhAKA=s240-c-k-c0x00ffffff-no-rj,https://yt3.ggpht.com/lY5opk8UFslyNRpQmxL2whl6urjsauzF4P_hB28EvQE8j3iBS3YAMLbUIPgHLBY0n5enmXhAKA=s800-c-k-c0x00ffffff-no-rj,dyFwq0pM5As,https://www.youtube.com/watch?v=dyFwq0pM5As,This is why the Tenure matters (FRE sub),"L'une de nos plus anciennes parties instinctives de notre cerveau est le besoin de construire une maison. Mais pour les 2,5 milliards de peuples autochtones et de communautés locales dans le monde, la terre signifie bien plus. C'est leur principale source de culture et de moyens de subsistance. Leurs terres et leurs forêts leur fournissent de la nourriture, des médicaments et un abri. Lorsqu'ils perdent leur maison, leur mode de vie même est menacé. Les terres communautaires de ces régions stockent à elles seules un carbone égal à 1,5 fois les émissions mondiales de gaz à effet de serre de 2014 si elles étaient déboisées, l’impact serait universel étant donné que les forêts revêtent une importance critique dans la lutte contre le changement climatique.",2020-11-25T11:30:05Z,fr,en,UC486iX5Pijix88cRP6KIcng,Tenure Facility,22,People & Blogs,[],none,https://i.ytimg.com/vi/dyFwq0pM5As/default.jpg,https://i.ytimg.com/vi/dyFwq0pM5As/mqdefault.jpg,https://i.ytimg.com/vi/dyFwq0pM5As/hqdefault.jpg,https://i.ytimg.com/vi/dyFwq0pM5As/sddefault.jpg,https://i.ytimg.com/vi/dyFwq0pM5As/maxresdefault.jpg,PT2M36S,2d,hd,false,False,rectangular,{},{},processed,public,youtube,True,True,True,,11,0,0,0,"[""https://en.wikipedia.org/wiki/Knowledge""]",[],,,,,,,{},"{""fr"": {""title"": ""This is why the Tenure matters (FRE sub)"", ""description"": ""L'une de nos plus anciennes parties instinctives de notre cerveau est le besoin de construire une maison. Mais pour les 2,5 milliards de peuples autochtones et de communautés locales dans le monde, la terre signifie bien plus. C'est leur principale source de culture et de moyens de subsistance. Leurs terres et leurs forêts leur fournissent de la nourriture, des médicaments et un abri. Lorsqu'ils perdent leur maison, leur mode de vie même est menacé. Les terres communautaires de ces régions stockent à elles seules un carbone égal à 1,5 fois les émissions mondiales de gaz à effet de serre de 2014 si elles étaient déboisées, l’impact serait universel étant donné que les forêts revêtent une importance critique dans la lutte contre le changement climatique.""}}",VVU0ODZpWDVQaWppeDg4Y1JQNktJY25nLmR5RndxMHBNNUFz,140,2020-11-25T11:30:05Z,public
UC486iX5Pijix88cRP6KIcng,Tenure Facility,"More than 2.5 billion Indigenous Peoples and local communities live in almost half of the world’s land area, yet they legally own less than 10% of their territories. These richly biodiverse ancestral lands are vital to our global climate, fresh water and food security. When land rights aren’t legally recognised, it puts lives and ecosystems at risk. Reducing land conflict, advancing human rights, promoting development and contributing to sustainable climate solutions can all start with strengthening community tenure rights. The Tenure Facility works alongside Indigenous Peoples and local communities, offering dedicated financial and technical support for innovative approaches to implementing collective tenure rights, whilst sharing the knowledge, innovations and tools that emerge across a global network.",@thetenurefacility,2018-01-23T19:26:57Z,SE,12536,176,False,148,,,EhioEX10DNo,,,,"[""https://en.wikipedia.org/wiki/Society"", ""https://en.wikipedia.org/wiki/Knowledge""]",https://yt3.ggpht.com/lY5opk8UFslyNRpQmxL2whl6urjsauzF4P_hB28EvQE8j3iBS3YAMLbUIPgHLBY0n5enmXhAKA=s88-c-k-c0x00ffffff-no-rj,https://yt3.ggpht.com/lY5opk8UFslyNRpQmxL2whl6urjsauzF4P_hB28EvQE8j3iBS3YAMLbUIPgHLBY0n5enmXhAKA=s240-c-k-c0x00ffffff-no-rj,https://yt3.ggpht.com/lY5opk8UFslyNRpQmxL2whl6urjsauzF4P_hB28EvQE8j3iBS3YAMLbUIPgHLBY0n5enmXhAKA=s800-c-k-c0x00ffffff-no-rj,eP4SWoECbq0,https://www.youtube.com/watch?v=eP4SWoECbq0,Stewards of the planet  Indigenous Peoples’ and local communities’ land and forest rights & climate,"Over half the world’s land is customarily claimed by Indigenous Peoples and local communities- yet they have legal ownership to less than 10 percent. This means people who have often lived on, relied on and protected their territories for generations can do little when powerful actors come to take it from them or destroy it. This has negative consequences far beyond the communities themselves: the lands in question are often some of the world’s last great forests, vital for planet health and the fight against climate change. 
Research shows that community land rights lead to lower deforestation rates, higher carbon storage and higher biodiversity. Providing stronger legal protections to indigenous communities is increasingly recognized as a powerful and cost-effective way to protect the forests that both they and we depend on, whilst also advancing human rights, promoting rural development and helping to reduce resource-based conflict.",2020-11-19T15:35:16Z,en,en,UC486iX5Pijix88cRP6KIcng,Tenure Facility,22,People & Blogs,[],none,https://i.ytimg.com/vi/eP4SWoECbq0/default.jpg,https://i.ytimg.com/vi/eP4SWoECbq0/mqdefault.jpg,https://i.ytimg.com/vi/eP4SWoECbq0/hqdefault.jpg,https://i.ytimg.com/vi/eP4SWoECbq0/sddefault.jpg,https://i.ytimg.com/vi/eP4SWoECbq0/maxresdefault.jpg,PT1M39S,2d,hd,false,False,rectangular,{},{},processed,public,youtube,True,True,True,,132,2,0,0,"[""https://en.wikipedia.org/wiki/Society""]",[],,,,,,,{},"{""en"": {""title"": ""Stewards of the planet  Indigenous Peoples’ and local communities’ land and forest rights & climate"", ""description"": ""Over half the world’s land is customarily claimed by Indigenous Peoples and local communities- yet they have legal ownership to less than 10 percent. This means people who have often lived on, relied on and protected their territories for generations can do little when powerful actors come to take it from them or destroy it. This has negative consequences far beyond the communities themselves: the lands in question are often some of the world’s last great forests, vital for planet health and the fight against climate change. \nResearch shows that community land rights lead to lower deforestation rates, higher carbon storage and higher biodiversity. Providing stronger legal protections to indigenous communities is increasingly recognized as a powerful and cost-effective way to protect the forests that both they and we depend on, whilst also advancing human rights, promoting rural development and helping to reduce resource-based conflict.""}}",VVU0ODZpWDVQaWppeDg4Y1JQNktJY25nLmVQNFNXb0VDYnEw,141,2020-11-19T15:35:16Z,public
UC486iX5Pijix88cRP6KIcng,Tenure Facility,"More than 2.5 billion Indigenous Peoples and local communities live in almost half of the world’s land area, yet they legally own less than 10% of their territories. These richly biodiverse ancestral lands are vital to our global climate, fresh water and food security. When land rights aren’t legally recognised, it puts lives and ecosystems at risk. Reducing land conflict, advancing human rights, promoting development and contributing to sustainable climate solutions can all start with strengthening community tenure rights. The Tenure Facility works alongside Indigenous Peoples and local communities, offering dedicated financial and technical support for innovative approaches to implementing collective tenure rights, whilst sharing the knowledge, innovations and tools that emerge across a global network.",@thetenurefacility,2018-01-23T19:26:57Z,SE,12536,176,False,148,,,EhioEX10DNo,,,,"[""https://en.wikipedia.org/wiki/Society"", ""https://en.wikipedia.org/wiki/Knowledge""]",https://yt3.ggpht.com/lY5opk8UFslyNRpQmxL2whl6urjsauzF4P_hB28EvQE8j3iBS3YAMLbUIPgHLBY0n5enmXhAKA=s88-c-k-c0x00ffffff-no-rj,https://yt3.ggpht.com/lY5opk8UFslyNRpQmxL2whl6urjsauzF4P_hB28EvQE8j3iBS3YAMLbUIPgHLBY0n5enmXhAKA=s240-c-k-c0x00ffffff-no-rj,https://yt3.ggpht.com/lY5opk8UFslyNRpQmxL2whl6urjsauzF4P_hB28EvQE8j3iBS3YAMLbUIPgHLBY0n5enmXhAKA=s800-c-k-c0x00ffffff-no-rj,_0TUP-18MJs,https://www.youtube.com/watch?v=_0TUP-18MJs,"Webinar 2: COVID-19, Biodiversity and Climate Change: Indigenous Peoples Defining the Path Forward","Three-quarters of emerging infectious diseases are zoonoses, meaning they can be transmitted from animals to humans, with Ebola, SARS, MERS and now COVID-19 being examples. Scientists are warning that deforestation, industrial agriculture, illegal wildlife trade, climate change and other types of environmental degradation increase the risk of future pandemics. Watch the replay of our webinar here!",2020-10-12T15:35:20Z,en,en,UC486iX5Pijix88cRP6KIcng,Tenure Facility,22,People & Blogs,[],none,https://i.ytimg.com/vi/_0TUP-18MJs/default.jpg,https://i.ytimg.com/vi/_0TUP-18MJs/mqdefault.jpg,https://i.ytimg.com/vi/_0TUP-18MJs/hqdefault.jpg,https://i.ytimg.com/vi/_0TUP-18MJs/sddefault.jpg,,PT1H33M32S,2d,sd,false,False,rectangular,{},{},processed,public,youtube,True,True,True,,6,1,0,0,"[""https://en.wikipedia.org/wiki/Health"", ""https://en.wikipedia.org/wiki/Knowledge""]",[],,,,,,,{},"{""en"": {""title"": ""Webinar 2: COVID-19, Biodiversity and Climate Change: Indigenous Peoples Defining the Path Forward"", ""description"": ""Three-quarters of emerging infectious diseases are zoonoses, meaning they can be transmitted from animals to humans, with Ebola, SARS, MERS and now COVID-19 being examples. Scientists are warning that deforestation, industrial agriculture, illegal wildlife trade, climate change and other types of environmental degradation increase the risk of future pandemics. Watch the replay of our webinar here!""}}",VVU0ODZpWDVQaWppeDg4Y1JQNktJY25nLl8wVFVQLTE4TUpz,142,2020-10-12T15:35:20Z,public
UC486iX5Pijix88cRP6KIcng,Tenure Facility,"More than 2.5 billion Indigenous Peoples and local communities live in almost half of the world’s land area, yet they legally own less than 10% of their territories. These richly biodiverse ancestral lands are vital to our global climate, fresh water and food security. When land rights aren’t legally recognised, it puts lives and ecosystems at risk. Reducing land conflict, advancing human rights, promoting development and contributing to sustainable climate solutions can all start with strengthening community tenure rights. The Tenure Facility works alongside Indigenous Peoples and local communities, offering dedicated financial and technical support for innovative approaches to implementing collective tenure rights, whilst sharing the knowledge, innovations and tools that emerge across a global network.",@thetenurefacility,2018-01-23T19:26:57Z,SE,12536,176,False,148,,,EhioEX10DNo,,,,"[""https://en.wikipedia.org/wiki/Society"", ""https://en.wikipedia.org/wiki/Knowledge""]",https://yt3.ggpht.com/lY5opk8UFslyNRpQmxL2whl6urjsauzF4P_hB28EvQE8j3iBS3YAMLbUIPgHLBY0n5enmXhAKA=s88-c-k-c0x00ffffff-no-rj,https://yt3.ggpht.com/lY5opk8UFslyNRpQmxL2whl6urjsauzF4P_hB28EvQE8j3iBS3YAMLbUIPgHLBY0n5enmXhAKA=s240-c-k-c0x00ffffff-no-rj,https://yt3.ggpht.com/lY5opk8UFslyNRpQmxL2whl6urjsauzF4P_hB28EvQE8j3iBS3YAMLbUIPgHLBY0n5enmXhAKA=s800-c-k-c0x00ffffff-no-rj,sFMe2yqZtCQ,https://www.youtube.com/watch?v=sFMe2yqZtCQ,Webinar 3:COVID-19 Regulatory Rollback & the ‘Green Recovery’: Indigenous Peoples Raise Their Voices,"In this webinar organised by Tenure Facility, Land Portal and Ford Foundation on September 17th at 15:00-16:300 CEST, we will explore the effects of regulatory rollbacks on indigenous communities, but will centre upon how indigenous communities can benefit from and contribute to global efforts to scale up green investments, financing and transitioning to a just and sustainable green economy. Enjoy the replay!",2020-09-30T12:41:28Z,en,en,UC486iX5Pijix88cRP6KIcng,Tenure Facility,22,People & Blogs,[],none,https://i.ytimg.com/vi/sFMe2yqZtCQ/default.jpg,https://i.ytimg.com/vi/sFMe2yqZtCQ/mqdefault.jpg,https://i.ytimg.com/vi/sFMe2yqZtCQ/hqdefault.jpg,https://i.ytimg.com/vi/sFMe2yqZtCQ/sddefault.jpg,,PT1H28M49S,2d,hd,false,False,rectangular,{},{},processed,public,youtube,True,True,True,,35,0,0,0,"[""https://en.wikipedia.org/wiki/Society""]",[],,,,,,,{},"{""en"": {""title"": ""Webinar 3:COVID-19 Regulatory Rollback & the ‘Green Recovery’: Indigenous Peoples Raise Their Voices"", ""description"": ""In this webinar organised by Tenure Facility, Land Portal and Ford Foundation on September 17th at 15:00-16:300 CEST, we will explore the effects of regulatory rollbacks on indigenous communities, but will centre upon how indigenous communities can benefit from and contribute to global efforts to scale up green investments, financing and transitioning to a just and sustainable green economy. Enjoy the replay!""}}",VVU0ODZpWDVQaWppeDg4Y1JQNktJY25nLnNGTWUyeXFadENR,143,2020-09-30T12:41:28Z,public
UC486iX5Pijix88cRP6KIcng,Tenure Facility,"More than 2.5 billion Indigenous Peoples and local communities live in almost half of the world’s land area, yet they legally own less than 10% of their territories. These richly biodiverse ancestral lands are vital to our global climate, fresh water and food security. When land rights aren’t legally recognised, it puts lives and ecosystems at risk. Reducing land conflict, advancing human rights, promoting development and contributing to sustainable climate solutions can all start with strengthening community tenure rights. The Tenure Facility works alongside Indigenous Peoples and local communities, offering dedicated financial and technical support for innovative approaches to implementing collective tenure rights, whilst sharing the knowledge, innovations and tools that emerge across a global network.",@thetenurefacility,2018-01-23T19:26:57Z,SE,12536,176,False,148,,,EhioEX10DNo,,,,"[""https://en.wikipedia.org/wiki/Society"", ""https://en.wikipedia.org/wiki/Knowledge""]",https://yt3.ggpht.com/lY5opk8UFslyNRpQmxL2whl6urjsauzF4P_hB28EvQE8j3iBS3YAMLbUIPgHLBY0n5enmXhAKA=s88-c-k-c0x00ffffff-no-rj,https://yt3.ggpht.com/lY5opk8UFslyNRpQmxL2whl6urjsauzF4P_hB28EvQE8j3iBS3YAMLbUIPgHLBY0n5enmXhAKA=s240-c-k-c0x00ffffff-no-rj,https://yt3.ggpht.com/lY5opk8UFslyNRpQmxL2whl6urjsauzF4P_hB28EvQE8j3iBS3YAMLbUIPgHLBY0n5enmXhAKA=s800-c-k-c0x00ffffff-no-rj,xVqLD4rWEgw,https://www.youtube.com/watch?v=xVqLD4rWEgw,Webinar 1:COVID-19 and Public Health: Indigenous Peoples on the Front Line,"Three-quarters of emerging infectious diseases are zoonoses, meaning they can be transmitted from animals to humans, with Ebola, SARS, MERS and now COVID-19 being examples. Scientists are warning that deforestation, industrial agriculture, illegal wildlife trade, climate change and other types of environmental degradation increase the risk of future pandemics. Watch the replay of our webinar here!",2020-09-16T13:05:23Z,en,en,UC486iX5Pijix88cRP6KIcng,Tenure Facility,22,People & Blogs,[],none,https://i.ytimg.com/vi/xVqLD4rWEgw/default.jpg,https://i.ytimg.com/vi/xVqLD4rWEgw/mqdefault.jpg,https://i.ytimg.com/vi/xVqLD4rWEgw/hqdefault.jpg,https://i.ytimg.com/vi/xVqLD4rWEgw/sddefault.jpg,https://i.ytimg.com/vi/xVqLD4rWEgw/maxresdefault.jpg,PT1H2M39S,2d,sd,false,False,rectangular,{},{},processed,public,youtube,True,True,True,,55,0,0,0,"[""https://en.wikipedia.org/wiki/Health"", ""https://en.wikipedia.org/wiki/Society""]",[],,,,,,,{},"{""en"": {""title"": ""Webinar 1:COVID-19 and Public Health: Indigenous Peoples on the Front Line"", ""description"": ""Three-quarters of emerging infectious diseases are zoonoses, meaning they can be transmitted from animals to humans, with Ebola, SARS, MERS and now COVID-19 being examples. Scientists are warning that deforestation, industrial agriculture, illegal wildlife trade, climate change and other types of environmental degradation increase the risk of future pandemics. Watch the replay of our webinar here!""}}",VVU0ODZpWDVQaWppeDg4Y1JQNktJY25nLnhWcUxENHJXRWd3,144,2020-09-16T13:05:23Z,public
UC486iX5Pijix88cRP6KIcng,Tenure Facility,"More than 2.5 billion Indigenous Peoples and local communities live in almost half of the world’s land area, yet they legally own less than 10% of their territories. These richly biodiverse ancestral lands are vital to our global climate, fresh water and food security. When land rights aren’t legally recognised, it puts lives and ecosystems at risk. Reducing land conflict, advancing human rights, promoting development and contributing to sustainable climate solutions can all start with strengthening community tenure rights. The Tenure Facility works alongside Indigenous Peoples and local communities, offering dedicated financial and technical support for innovative approaches to implementing collective tenure rights, whilst sharing the knowledge, innovations and tools that emerge across a global network.",@thetenurefacility,2018-01-23T19:26:57Z,SE,12536,176,False,148,,,EhioEX10DNo,,,,"[""https://en.wikipedia.org/wiki/Society"", ""https://en.wikipedia.org/wiki/Knowledge""]",https://yt3.ggpht.com/lY5opk8UFslyNRpQmxL2whl6urjsauzF4P_hB28EvQE8j3iBS3YAMLbUIPgHLBY0n5enmXhAKA=s88-c-k-c0x00ffffff-no-rj,https://yt3.ggpht.com/lY5opk8UFslyNRpQmxL2whl6urjsauzF4P_hB28EvQE8j3iBS3YAMLbUIPgHLBY0n5enmXhAKA=s240-c-k-c0x00ffffff-no-rj,https://yt3.ggpht.com/lY5opk8UFslyNRpQmxL2whl6urjsauzF4P_hB28EvQE8j3iBS3YAMLbUIPgHLBY0n5enmXhAKA=s800-c-k-c0x00ffffff-no-rj,UrV-9n4FQZc,https://www.youtube.com/watch?v=UrV-9n4FQZc,"Stewards of the planet: protecting their territory, combating climate change.","Over half the world’s land is customarily claimed by Indigenous Peoples and local communities- yet they have legal ownership to less than 10 percent. This means people who have often lived on, relied on and protected their territories for generations can do little when powerful actors come to take it from them or destroy it. This has negative consequences far beyond the communities themselves: the lands in question are often some of the world’s last great forests, vital for planet health and the fight against climate change. 
Research shows that community land rights lead to lower deforestation rates, higher carbon storage and higher biodiversity. Providing stronger legal protections to indigenous communities is increasingly recognized as a powerful and cost-effective way to protect the forests that both they and we depend on, whilst also advancing human rights, promoting rural development and helping to reduce resource-based conflict.",2020-07-23T11:47:58Z,en,en,UC486iX5Pijix88cRP6KIcng,Tenure Facility,22,People & Blogs,[],none,https://i.ytimg.com/vi/UrV-9n4FQZc/default.jpg,https://i.ytimg.com/vi/UrV-9n4FQZc/mqdefault.jpg,https://i.ytimg.com/vi/UrV-9n4FQZc/hqdefault.jpg,https://i.ytimg.com/vi/UrV-9n4FQZc/sddefault.jpg,,PT2M56S,2d,hd,false,False,rectangular,{},{},processed,public,youtube,True,True,True,,45,0,0,0,"[""https://en.wikipedia.org/wiki/Society""]",[],,,,,,,{},"{""en"": {""title"": ""Stewards of the planet: protecting their territory, combating climate change."", ""description"": ""Over half the world’s land is customarily claimed by Indigenous Peoples and local communities- yet they have legal ownership to less than 10 percent. This means people who have often lived on, relied on and protected their territories for generations can do little when powerful actors come to take it from them or destroy it. This has negative consequences far beyond the communities themselves: the lands in question are often some of the world’s last great forests, vital for planet health and the fight against climate change. \nResearch shows that community land rights lead to lower deforestation rates, higher carbon storage and higher biodiversity. Providing stronger legal protections to indigenous communities is increasingly recognized as a powerful and cost-effective way to protect the forests that both they and we depend on, whilst also advancing human rights, promoting rural development and helping to reduce resource-based conflict.""}}",VVU0ODZpWDVQaWppeDg4Y1JQNktJY25nLlVyVi05bjRGUVpj,145,2020-07-23T11:47:58Z,public
UC486iX5Pijix88cRP6KIcng,Tenure Facility,"More than 2.5 billion Indigenous Peoples and local communities live in almost half of the world’s land area, yet they legally own less than 10% of their territories. These richly biodiverse ancestral lands are vital to our global climate, fresh water and food security. When land rights aren’t legally recognised, it puts lives and ecosystems at risk. Reducing land conflict, advancing human rights, promoting development and contributing to sustainable climate solutions can all start with strengthening community tenure rights. The Tenure Facility works alongside Indigenous Peoples and local communities, offering dedicated financial and technical support for innovative approaches to implementing collective tenure rights, whilst sharing the knowledge, innovations and tools that emerge across a global network.",@thetenurefacility,2018-01-23T19:26:57Z,SE,12536,176,False,148,,,EhioEX10DNo,,,,"[""https://en.wikipedia.org/wiki/Society"", ""https://en.wikipedia.org/wiki/Knowledge""]",https://yt3.ggpht.com/lY5opk8UFslyNRpQmxL2whl6urjsauzF4P_hB28EvQE8j3iBS3YAMLbUIPgHLBY0n5enmXhAKA=s88-c-k-c0x00ffffff-no-rj,https://yt3.ggpht.com/lY5opk8UFslyNRpQmxL2whl6urjsauzF4P_hB28EvQE8j3iBS3YAMLbUIPgHLBY0n5enmXhAKA=s240-c-k-c0x00ffffff-no-rj,https://yt3.ggpht.com/lY5opk8UFslyNRpQmxL2whl6urjsauzF4P_hB28EvQE8j3iBS3YAMLbUIPgHLBY0n5enmXhAKA=s800-c-k-c0x00ffffff-no-rj,EhioEX10DNo,https://www.youtube.com/watch?v=EhioEX10DNo,Our Territory,"“Our Territory” is a documentary film telling the story of the decades-long struggle of the Boca Pariamanu community to protect their ancestral home. 
Read more here:https://thetenurefacility.org/article/our-territory-a-story-from-the-depths-of-the-amazon/",2020-03-09T09:37:30Z,en,en,UC486iX5Pijix88cRP6KIcng,Tenure Facility,22,People & Blogs,[],none,https://i.ytimg.com/vi/EhioEX10DNo/default.jpg,https://i.ytimg.com/vi/EhioEX10DNo/mqdefault.jpg,https://i.ytimg.com/vi/EhioEX10DNo/hqdefault.jpg,https://i.ytimg.com/vi/EhioEX10DNo/sddefault.jpg,https://i.ytimg.com/vi/EhioEX10DNo/maxresdefault.jpg,PT8M48S,2d,hd,false,False,rectangular,{},{},processed,public,youtube,True,True,True,,271,7,0,0,"[""https://en.wikipedia.org/wiki/Film"", ""https://en.wikipedia.org/wiki/Lifestyle_(sociology)""]",[],,,,,,,{},"{""en"": {""title"": ""Our Territory"", ""description"": ""“Our Territory” is a documentary film telling the story of the decades-long struggle of the Boca Pariamanu community to protect their ancestral home. \nRead more here:https://thetenurefacility.org/article/our-territory-a-story-from-the-depths-of-the-amazon/""}}",VVU0ODZpWDVQaWppeDg4Y1JQNktJY25nLkVoaW9FWDEwRE5v,146,2020-03-09T09:37:30Z,public
UC486iX5Pijix88cRP6KIcng,Tenure Facility,"More than 2.5 billion Indigenous Peoples and local communities live in almost half of the world’s land area, yet they legally own less than 10% of their territories. These richly biodiverse ancestral lands are vital to our global climate, fresh water and food security. When land rights aren’t legally recognised, it puts lives and ecosystems at risk. Reducing land conflict, advancing human rights, promoting development and contributing to sustainable climate solutions can all start with strengthening community tenure rights. The Tenure Facility works alongside Indigenous Peoples and local communities, offering dedicated financial and technical support for innovative approaches to implementing collective tenure rights, whilst sharing the knowledge, innovations and tools that emerge across a global network.",@thetenurefacility,2018-01-23T19:26:57Z,SE,12536,176,False,148,,,EhioEX10DNo,,,,"[""https://en.wikipedia.org/wiki/Society"", ""https://en.wikipedia.org/wiki/Knowledge""]",https://yt3.ggpht.com/lY5opk8UFslyNRpQmxL2whl6urjsauzF4P_hB28EvQE8j3iBS3YAMLbUIPgHLBY0n5enmXhAKA=s88-c-k-c0x00ffffff-no-rj,https://yt3.ggpht.com/lY5opk8UFslyNRpQmxL2whl6urjsauzF4P_hB28EvQE8j3iBS3YAMLbUIPgHLBY0n5enmXhAKA=s240-c-k-c0x00ffffff-no-rj,https://yt3.ggpht.com/lY5opk8UFslyNRpQmxL2whl6urjsauzF4P_hB28EvQE8j3iBS3YAMLbUIPgHLBY0n5enmXhAKA=s800-c-k-c0x00ffffff-no-rj,l6nBCtnHW1c,https://www.youtube.com/watch?v=l6nBCtnHW1c,This is why the Tenure matters,"One of our oldest instinctual parts of our brains is the need of building a home. But for the world's 2.5 billion Indigenous Peoples and local communities, land means so much more. It is their main source of their cultures and livelihoods. Their land and forests provide them with food, medicine and shelter. When they lose their homes their very way of life is threatened. Community lands in these regions alone store carbon equal to 1.5 times’ 2014 global greenhouse gas emissions if they were deforested the impact would be universal given that forests of critical in the battle against climate change.",2018-10-12T16:20:24Z,en,en,UC486iX5Pijix88cRP6KIcng,Tenure Facility,22,People & Blogs,[],none,https://i.ytimg.com/vi/l6nBCtnHW1c/default.jpg,https://i.ytimg.com/vi/l6nBCtnHW1c/mqdefault.jpg,https://i.ytimg.com/vi/l6nBCtnHW1c/hqdefault.jpg,https://i.ytimg.com/vi/l6nBCtnHW1c/sddefault.jpg,https://i.ytimg.com/vi/l6nBCtnHW1c/maxresdefault.jpg,PT2M36S,2d,hd,false,False,rectangular,{},{},processed,public,youtube,True,True,False,,730,12,0,1,"[""https://en.wikipedia.org/wiki/Knowledge""]",[],,,,,,,{},"{""en"": {""title"": ""This is why the Tenure matters"", ""description"": ""One of our oldest instinctual parts of our brains is the need of building a home. But for the world's 2.5 billion Indigenous Peoples and local communities, land means so much more. It is their main source of their cultures and livelihoods. Their land and forests provide them with food, medicine and shelter. When they lose their homes their very way of life is threatened. Community lands in these regions alone store carbon equal to 1.5 times’ 2014 global greenhouse gas emissions if they were deforested the impact would be universal given that forests of critical in the battle against climate change.""}}",VVU0ODZpWDVQaWppeDg4Y1JQNktJY25nLmw2bkJDdG5IVzFj,147,2018-10-12T16:20:24Z,public
