{
  "type": "FeatureCollection",
  "features": [
    {
      "type": "Feature",
      "properties": {
        "iso3": "BRA",
        "name": "Brazil",
        "status": "active",
        "project_count": 4,
        "label_lng": -49.72900472,
        "label_lat": -14.19693477,
        "geometry_quality": "authoritative",
        "geometry_source": "geo/countries_manifest.json + geo/countries_topojson/*.topo.json"
      },
      "geometry": {
        "type": "MultiPolygon",
        "coordinates": [
          [
            [
              [
                -59.703055,
                4.317049
              ],
              [
                -59.563667,
                3.970732
              ],
              [
                -59.757196,
                3.641438
              ],
              [
                -59.815112,
                3.485634
              ],
              [
                -59.97700053,
                2.93800802
              ],
              [
                -59.990018,
                2.691189
              ],
              [
                -59.906789,
                2.396465
              ],
              [
                -59.733658,
                2.091234
              ],
              [
                -59.666466,
                1.742506
              ],
              [
                -59.271736,
                1.399316
              ],
              [
                -58.893833,
                1.223371
              ],
              [
                -58.535835,
                1.262831
              ],
              [
                -58.457226,
                1.459806
              ],
              [
                -58.33369,
                1.575341
              ],
              [
                -58.147419,
                1.525498
              ],
              [
                -57.988842,
                1.576247
              ],
              [
                -57.688843,
                1.692332
              ],
              [
                -57.445988,
                1.870887
              ],
              [
                -56.972834,
                1.908215
              ],
              [
                -56.76656,
                1.878232
              ],
              [
                -56.47736721,
                1.94594242
              ],
              [
                -56.07856195,
                1.8528041
              ],
              [
                -56.0423,
                2.21131
              ],
              [
                -55.81683994,
                2.46121683
              ],
              [
                -55.28745,
                2.51486
              ],
              [
                -54.8036,
                2.44136
              ],
              [
                -54.5736663,
                2.32999002
              ],
              [
                -54.466001,
                2.210249
              ],
              [
                -54.174545,
                2.138673
              ],
              [
                -54.085738,
                2.151138
              ],
              [
                -53.888408,
                2.284415
              ],
              [
                -53.714694,
                2.311827
              ],
              [
                -53.416187,
                2.290832
              ],
              [
                -53.036952,
                2.173949
              ],
              [
                -52.886589,
                2.217141
              ],
              [
                -52.679085,
                2.36996
              ],
              [
                -52.538349,
                2.563411
              ],
              [
                -52.474071,
                2.773241
              ],
              [
                -52.240136,
                3.241432
              ],
              [
                -51.61648418,
                4.18171753
              ],
              [
                -51.54459381,
                4.39661932
              ],
              [
                -51.20151138,
                4.0838542
              ],
              [
                -51.11890411,
                3.91855907
              ],
              [
                -51.00675201,
                3.10775709
              ],
              [
                -50.67050171,
                2.18843508
              ],
              [
                -50.47079468,
                1.81999504
              ],
              [
                -50.41038513,
                1.79508102
              ],
              [
                -50.28660202,
                1.81663299
              ],
              [
                -49.95360184,
                1.67637706
              ],
              [
                -49.88027954,
                1.41903996
              ],
              [
                -49.91822052,
                1.23168504
              ],
              [
                -49.9879303,
                1.07213199
              ],
              [
                -50.24432373,
                0.88085508
              ],
              [
                -50.42894745,
                0.69005901
              ],
              [
                -50.5391922,
                0.49607104
              ],
              [
                -50.84706879,
                0.18408502
              ],
              [
                -50.98559952,
                0.11434307
              ],
              [
                -51.20264816,
                -0.05534606
              ],
              [
                -51.41934204,
                -0.41202104
              ],
              [
                -51.40940857,
                -0.43996698
              ],
              [
                -51.3599205,
                -0.48542506
              ],
              [
                -51.259758,
                -0.50003004
              ],
              [
                -51.08229828,
                -0.33643201
              ],
              [
                -51.03220367,
                -0.222819
              ],
              [
                -50.89218903,
                -0.06011201
              ],
              [
                -50.71222687,
                -1e-8
              ],
              [
                -50.66278076,
                -1e-8
              ],
              [
                -50.6140976,
                -0.09362605
              ],
              [
                -50.7571373,
                -0.40939599
              ],
              [
                -50.9724617,
                -0.616826
              ],
              [
                -50.80572128,
                -0.61690491
              ],
              [
                -50.71104813,
                -0.52716494
              ],
              [
                -50.52018356,
                -0.16668707
              ],
              [
                -50.32112885,
                -0.08827504
              ],
              [
                -50.03032303,
                -0.15095508
              ],
              [
                -48.63956451,
                -0.22543198
              ],
              [
                -48.36965942,
                -0.38095301
              ],
              [
                -48.47468567,
                -0.70018905
              ],
              [
                -48.81281281,
                -1.38220203
              ],
              [
                -49.03149414,
                -1.53825903
              ],
              [
                -49.41899109,
                -1.63300991
              ],
              [
                -49.59542084,
                -1.71637094
              ],
              [
                -50.05263519,
                -1.71746898
              ],
              [
                -50.41309357,
                -1.83979094
              ],
              [
                -50.40115738,
                -1.93450499
              ],
              [
                -49.75801849,
                -1.89271092
              ],
              [
                -49.58322906,
                -1.78113794
              ],
              [
                -49.27634811,
                -1.70643997
              ],
              [
                -49.27604675,
                -1.78742302
              ],
              [
                -49.38072205,
                -1.99304199
              ],
              [
                -49.41249084,
                -2.143399
              ],
              [
                -49.38261032,
                -2.15883207
              ],
              [
                -49.2914505,
                -2.06884885
              ],
              [
                -49.09988785,
                -1.74769199
              ],
              [
                -49.01031876,
                -1.64854288
              ],
              [
                -48.89687729,
                -1.57319093
              ],
              [
                -48.90932083,
                -1.66621602
              ],
              [
                -48.95484543,
                -1.71205497
              ],
              [
                -48.93162537,
                -1.74971306
              ],
              [
                -48.89906311,
                -1.74082506
              ],
              [
                -48.61351013,
                -1.35892606
              ],
              [
                -48.53363419,
                -1.38721693
              ],
              [
                -48.53742981,
                -1.46696687
              ],
              [
                -48.49585342,
                -1.55254805
              ],
              [
                -48.48569489,
                -1.54972696
              ],
              [
                -48.37402725,
                -1.51094103
              ],
              [
                -48.31873321,
                -1.47819495
              ],
              [
                -48.319561,
                -1.44887388
              ],
              [
                -48.40404511,
                -1.46060991
              ],
              [
                -48.49072647,
                -1.33281302
              ],
              [
                -48.46693039,
                -1.17379892
              ],
              [
                -48.32643509,
                -1.09352088
              ],
              [
                -48.31313705,
                -1.11409295
              ],
              [
                -48.27826309,
                -1.11101794
              ],
              [
                -48.30358505,
                -0.94751102
              ],
              [
                -48.05469132,
                -0.66806889
              ],
              [
                -48.01957321,
                -0.71035194
              ],
              [
                -47.90044785,
                -0.58426595
              ],
              [
                -47.7321167,
                -0.55819404
              ],
              [
                -47.66680527,
                -0.56897604
              ],
              [
                -47.50541306,
                -0.68740296
              ],
              [
                -47.4762001,
                -0.75691307
              ],
              [
                -47.40633774,
                -0.763861
              ],
              [
                -47.23616791,
                -0.69688892
              ],
              [
                -46.84598923,
                -0.79914796
              ],
              [
                -46.69607925,
                -0.88202804
              ],
              [
                -46.66175079,
                -0.93870199
              ],
              [
                -46.67639542,
                -0.96460611
              ],
              [
                -46.52502441,
                -1.02695203
              ],
              [
                -46.29208374,
                -1.03051496
              ],
              [
                -46.21319962,
                -1.09163201
              ],
              [
                -46.15048218,
                -1.23746502
              ],
              [
                -46.07294083,
                -1.20675898
              ],
              [
                -45.96645355,
                -1.13245201
              ],
              [
                -45.68111801,
                -1.40869296
              ],
              [
                -45.54970169,
                -1.41977501
              ],
              [
                -45.42805481,
                -1.468238
              ],
              [
                -45.3828125,
                -1.54983091
              ],
              [
                -45.34819794,
                -1.75019097
              ],
              [
                -45.28059006,
                -1.74709999
              ],
              [
                -45.22390747,
                -1.68947494
              ],
              [
                -45.24812317,
                -1.64453399
              ],
              [
                -45.08337784,
                -1.47117603
              ],
              [
                -44.92302704,
                -1.55032098
              ],
              [
                -44.78232574,
                -1.7456429
              ],
              [
                -44.70133591,
                -1.81772399
              ],
              [
                -44.64728928,
                -1.83612406
              ],
              [
                -44.5963974,
                -1.90093899
              ],
              [
                -44.60791397,
                -2.14731908
              ],
              [
                -44.70264053,
                -2.29058599
              ],
              [
                -44.66578674,
                -2.32891798
              ],
              [
                -44.53256226,
                -2.1577611
              ],
              [
                -44.47856522,
                -2.13730097
              ],
              [
                -44.3986702,
                -2.213732
              ],
              [
                -44.35777664,
                -2.33460403
              ],
              [
                -44.40127945,
                -2.41627693
              ],
              [
                -44.49124146,
                -2.39589596
              ],
              [
                -44.56031036,
                -2.52228999
              ],
              [
                -44.79195404,
                -3.23552895
              ],
              [
                -44.7790184,
                -3.31240606
              ],
              [
                -44.7396431,
                -3.30683708
              ],
              [
                -44.49360184,
                -3.02589993
              ],
              [
                -44.31137466,
                -2.51413512
              ],
              [
                -44.1046257,
                -2.41147399
              ],
              [
                -44.0287323,
                -2.40554905
              ],
              [
                -44.05211639,
                -2.56112695
              ],
              [
                -44.19799423,
                -2.70152903
              ],
              [
                -44.3324852,
                -2.77940989
              ],
              [
                -44.2081604,
                -2.85694313
              ],
              [
                -44.17609406,
                -2.84165907
              ],
              [
                -44.07212067,
                -2.72799492
              ],
              [
                -43.89001846,
                -2.61919904
              ],
              [
                -43.55807114,
                -2.52579307
              ],
              [
                -43.43218231,
                -2.54456997
              ],
              [
                -43.39375305,
                -2.447191
              ],
              [
                -43.48111343,
                -2.38393187
              ],
              [
                -43.43276215,
                -2.33510399
              ],
              [
                -43.19064331,
                -2.37763
              ],
              [
                -42.24919891,
                -2.79946303
              ],
              [
                -42.145401,
                -2.80283308
              ],
              [
                -42.03330994,
                -2.74502993
              ],
              [
                -41.57727814,
                -2.90943193
              ],
              [
                -41.3079071,
                -2.91739106
              ],
              [
                -40.47492981,
                -2.79730892
              ],
              [
                -39.98057175,
                -2.84894109
              ],
              [
                -39.1929512,
                -3.27830815
              ],
              [
                -38.42252731,
                -3.79464102
              ],
              [
                -38.11745453,
                -4.13954306
              ],
              [
                -37.71352387,
                -4.50554895
              ],
              [
                -37.253582,
                -4.82350302
              ],
              [
                -36.81952286,
                -5.01913691
              ],
              [
                -36.56422424,
                -5.08378601
              ],
              [
                -36.11459351,
                -5.08650589
              ],
              [
                -35.94012451,
                -5.04887819
              ],
              [
                -35.58840561,
                -5.12432289
              ],
              [
                -35.48149109,
                -5.16157389
              ],
              [
                -35.41620254,
                -5.21769905
              ],
              [
                -35.2215271,
                -5.59320116
              ],
              [
                -35.06606674,
                -6.22514582
              ],
              [
                -34.82325363,
                -7.00817823
              ],
              [
                -34.79574203,
                -7.32211399
              ],
              [
                -34.85190201,
                -8.03731346
              ],
              [
                -34.94322586,
                -8.35743809
              ],
              [
                -35.13445282,
                -8.84321117
              ],
              [
                -35.16685486,
                -8.96617985
              ],
              [
                -35.3843711,
                -9.2887809
              ],
              [
                -36.12883759,
                -10.14447212
              ],
              [
                -36.51837158,
                -10.53583717
              ],
              [
                -36.85636902,
                -10.74072266
              ],
              [
                -36.9344368,
                -10.82566357
              ],
              [
                -37.01784515,
                -10.93597603
              ],
              [
                -37.41895294,
                -11.54877567
              ],
              [
                -37.66376495,
                -12.06667233
              ],
              [
                -37.98003006,
                -12.54582024
              ],
              [
                -38.31759643,
                -12.93418121
              ],
              [
                -38.4771843,
                -13.02238846
              ],
              [
                -38.53210068,
                -13.0167017
              ],
              [
                -38.47738647,
                -12.87846947
              ],
              [
                -38.49815369,
                -12.74522495
              ],
              [
                -38.64809418,
                -12.62097931
              ],
              [
                -38.70752335,
                -12.63140106
              ],
              [
                -38.74300003,
                -12.69881344
              ],
              [
                -38.77658844,
                -12.81710529
              ],
              [
                -38.76766968,
                -12.99852467
              ],
              [
                -38.90232468,
                -13.48607159
              ],
              [
                -39.07524872,
                -13.88655853
              ],
              [
                -39.07505035,
                -13.93466377
              ],
              [
                -38.98628616,
                -13.99786758
              ],
              [
                -38.95407486,
                -13.98992062
              ],
              [
                -39.06284714,
                -14.66378975
              ],
              [
                -38.96068955,
                -15.54219437
              ],
              [
                -38.95383072,
                -15.59157753
              ],
              [
                -38.91505432,
                -15.72952747
              ],
              [
                -39.21211243,
                -17.15460777
              ],
              [
                -39.22293854,
                -17.31551361
              ],
              [
                -39.18915176,
                -17.56152153
              ],
              [
                -39.35773086,
                -17.90309143
              ],
              [
                -39.46435928,
                -17.96953392
              ],
              [
                -39.61517334,
                -18.19915199
              ],
              [
                -39.72146606,
                -18.49276733
              ],
              [
                -39.74884033,
                -18.80957985
              ],
              [
                -39.68990707,
                -19.30187225
              ],
              [
                -39.75460053,
                -19.53923607
              ],
              [
                -40.17335129,
                -20.07702637
              ],
              [
                -40.42020416,
                -20.63575363
              ],
              [
                -40.66646576,
                -20.81869125
              ],
              [
                -40.80602646,
                -20.98676682
              ],
              [
                -41.0705986,
                -21.50746155
              ],
              [
                -40.97822571,
                -21.91741562
              ],
              [
                -40.99014282,
                -22.01387787
              ],
              [
                -41.2290802,
                -22.15070152
              ],
              [
                -41.58683777,
                -22.25689888
              ],
              [
                -41.7599144,
                -22.35728455
              ],
              [
                -41.97941971,
                -22.56554413
              ],
              [
                -42.00351715,
                -22.65262604
              ],
              [
                -41.92700195,
                -22.77096748
              ],
              [
                -42.08647537,
                -22.95662117
              ],
              [
                -43.09642792,
                -22.96092033
              ],
              [
                -43.1221199,
                -22.9080925
              ],
              [
                -43.02939224,
                -22.72959328
              ],
              [
                -43.03194046,
                -22.69289017
              ],
              [
                -43.08371353,
                -22.67971993
              ],
              [
                -43.21383285,
                -22.72923851
              ],
              [
                -43.28720474,
                -22.80633354
              ],
              [
                -43.25694275,
                -22.83140755
              ],
              [
                -43.18834686,
                -22.82689095
              ],
              [
                -43.14999008,
                -22.95141792
              ],
              [
                -43.20168304,
                -22.99029922
              ],
              [
                -43.57376099,
                -23.06293678
              ],
              [
                -43.92972946,
                -23.08636093
              ],
              [
                -43.87681198,
                -23.0525074
              ],
              [
                -43.56185176,
                -23.05202113
              ],
              [
                -43.83372116,
                -22.91220283
              ],
              [
                -44.0727005,
                -22.97352791
              ],
              [
                -44.30348969,
                -22.95675087
              ],
              [
                -44.33568954,
                -22.92578125
              ],
              [
                -44.67210007,
                -23.06544304
              ],
              [
                -44.70513535,
                -23.23398781
              ],
              [
                -44.5594902,
                -23.23739433
              ],
              [
                -44.52138901,
                -23.29595566
              ],
              [
                -44.55715942,
                -23.33444977
              ],
              [
                -44.73470306,
                -23.3724575
              ],
              [
                -44.87862396,
                -23.35030556
              ],
              [
                -45.6916275,
                -23.77373123
              ],
              [
                -45.93429184,
                -23.77108955
              ],
              [
                -46.12735367,
                -23.85159493
              ],
              [
                -46.48694229,
                -24.03569412
              ],
              [
                -47.55044937,
                -24.75244713
              ],
              [
                -47.90296173,
                -25.11414528
              ],
              [
                -48.18622208,
                -25.31612015
              ],
              [
                -48.41275787,
                -25.23464966
              ],
              [
                -48.45170212,
                -25.34680176
              ],
              [
                -48.7388649,
                -25.37392807
              ],
              [
                -48.69092178,
                -25.49925232
              ],
              [
                -48.59119797,
                -25.52459717
              ],
              [
                -48.43230057,
                -25.65330887
              ],
              [
                -48.61365127,
                -26.06044769
              ],
              [
                -48.77048874,
                -26.21020126
              ],
              [
                -48.77458954,
                -26.29615974
              ],
              [
                -48.66362042,
                -26.3634034
              ],
              [
                -48.6922226,
                -26.68179321
              ],
              [
                -48.53124619,
                -27.18000984
              ],
              [
                -48.6037941,
                -27.4295311
              ],
              [
                -48.61679459,
                -27.8250885
              ],
              [
                -48.5964508,
                -27.91472816
              ],
              [
                -48.76536942,
                -28.48431778
              ],
              [
                -48.85609436,
                -28.6134243
              ],
              [
                -49.09280777,
                -28.74092483
              ],
              [
                -49.35607529,
                -28.93819618
              ],
              [
                -49.57704926,
                -29.1594429
              ],
              [
                -49.82983398,
                -29.4736023
              ],
              [
                -50.07461986,
                -29.88339022
              ],
              [
                -50.31626129,
                -30.47177315
              ],
              [
                -50.7180481,
                -31.04144669
              ],
              [
                -50.90100098,
                -31.254982
              ],
              [
                -51.30316925,
                -31.61315727
              ],
              [
                -52.04257584,
                -32.11992645
              ],
              [
                -52.0770607,
                -31.87484741
              ],
              [
                -51.91985321,
                -31.86066437
              ],
              [
                -51.70234299,
                -31.78045464
              ],
              [
                -51.37911224,
                -31.52540207
              ],
              [
                -51.15714264,
                -31.28983688
              ],
              [
                -50.5692482,
                -30.47147369
              ],
              [
                -50.53446579,
                -30.27840042
              ],
              [
                -50.60220306,
                -30.19423005
              ],
              [
                -50.65924454,
                -30.20137787
              ],
              [
                -50.86021424,
                -30.32245255
              ],
              [
                -51.04547562,
                -30.36219316
              ],
              [
                -51.14970398,
                -30.24690247
              ],
              [
                -51.28751373,
                -30.30248833
              ],
              [
                -51.29929733,
                -30.58159447
              ],
              [
                -51.46807861,
                -31.05490303
              ],
              [
                -51.72380447,
                -31.27757836
              ],
              [
                -52.0019755,
                -31.4477323
              ],
              [
                -52.13710022,
                -31.69519806
              ],
              [
                -52.26033401,
                -32.06208038
              ],
              [
                -52.16049957,
                -32.20075607
              ],
              [
                -52.6341629,
                -33.12595367
              ],
              [
                -52.77326584,
                -33.29032135
              ],
              [
                -53.36929169,
                -33.74445407
              ],
              [
                -53.423309,
                -33.742984
              ],
              [
                -53.530858,
                -33.682083
              ],
              [
                -53.52023522,
                -33.15118431
              ],
              [
                -53.45560279,
                -33.06107734
              ],
              [
                -53.2113756,
                -32.8525883
              ],
              [
                -53.31122473,
                -32.59971566
              ],
              [
                -54.051646,
                -31.904609
              ],
              [
                -54.495748,
                -31.542871
              ],
              [
                -55.057461,
                -31.331891
              ],
              [
                -55.344496,
                -31.078585
              ],
              [
                -55.673394,
                -30.956089
              ],
              [
                -55.999347,
                -30.877861
              ],
              [
                -56.176198,
                -30.634071
              ],
              [
                -56.782536,
                -30.125723
              ],
              [
                -56.88922,
                -30.089414
              ],
              [
                -57.063227,
                -30.090053
              ],
              [
                -57.130877,
                -30.145834
              ],
              [
                -57.165477,
                -30.222431
              ],
              [
                -57.253395,
                -30.28652
              ],
              [
                -57.419277,
                -30.284785
              ],
              [
                -57.64734925,
                -30.19452799
              ],
              [
                -56.98427403,
                -29.6442983
              ],
              [
                -56.71742627,
                -29.3678202
              ],
              [
                -56.64966374,
                -29.25033014
              ],
              [
                -56.29849254,
                -28.83475613
              ],
              [
                -55.74911258,
                -28.28116318
              ],
              [
                -54.75223622,
                -27.57171638
              ],
              [
                -54.21386857,
                -27.36906957
              ],
              [
                -53.81464798,
                -27.12904567
              ],
              [
                -53.67872134,
                -26.91484611
              ],
              [
                -53.67713472,
                -26.42032302
              ],
              [
                -53.86184291,
                -25.66198739
              ],
              [
                -53.8914464,
                -25.62771472
              ],
              [
                -54.18675972,
                -25.53465896
              ],
              [
                -54.40843275,
                -25.64484021
              ],
              [
                -54.59409983,
                -25.59227331
              ],
              [
                -54.60148997,
                -25.4910945
              ],
              [
                -54.45776512,
                -25.10419853
              ],
              [
                -54.27697221,
                -24.39453709
              ],
              [
                -54.284086,
                -24.067595
              ],
              [
                -54.456377,
                -23.899465
              ],
              [
                -54.65909,
                -23.819406
              ],
              [
                -55.052207,
                -23.985396
              ],
              [
                -55.242191,
                -24.004632
              ],
              [
                -55.401844,
                -23.970476
              ],
              [
                -55.50423113,
                -23.63546562
              ],
              [
                -55.650636,
                -22.793331
              ],
              [
                -55.641368,
                -22.612706
              ],
              [
                -55.858343,
                -22.282239
              ],
              [
                -56.551516,
                -22.186081
              ],
              [
                -56.638865,
                -22.251911
              ],
              [
                -56.8779449,
                -22.26911452
              ],
              [
                -57.318107,
                -22.237621
              ],
              [
                -57.907057,
                -22.125574
              ],
              [
                -57.985554,
                -22.078319
              ],
              [
                -57.9983566,
                -22.02726256
              ],
              [
                -57.86278162,
                -21.31493277
              ],
              [
                -57.8571991,
                -21.02957486
              ],
              [
                -57.90378623,
                -20.7465744
              ],
              [
                -58.168511,
                -20.172243
              ],
              [
                -57.99394105,
                -20.05731612
              ],
              [
                -57.97552495,
                -19.88001533
              ],
              [
                -58.131153,
                -19.758446
              ],
              [
                -57.84990073,
                -19.17463052
              ],
              [
                -57.56554235,
                -18.25835647
              ],
              [
                -57.581836,
                -18.108279
              ],
              [
                -57.78427846,
                -17.58556261
              ],
              [
                -57.89783764,
                -17.45877946
              ],
              [
                -58.076425,
                -17.45628
              ],
              [
                -58.24645,
                -17.354892
              ],
              [
                -58.383949,
                -17.192184
              ],
              [
                -58.456171,
                -16.969391
              ],
              [
                -58.471976,
                -16.791442
              ],
              [
                -58.408921,
                -16.31041
              ],
              [
                -60.05955998,
                -16.26882137
              ],
              [
                -60.19996332,
                -15.9497634
              ],
              [
                -60.41001978,
                -15.09751909
              ],
              [
                -60.245063,
                -15.097173
              ],
              [
                -60.27112807,
                -14.63828792
              ],
              [
                -60.46215,
                -14.280603
              ],
              [
                -60.47888897,
                -14.11326654
              ],
              [
                -60.39771,
                -13.977565
              ],
              [
                -60.49434706,
                -13.79244154
              ],
              [
                -60.92275955,
                -13.56298201
              ],
              [
                -61.24379,
                -13.512812
              ],
              [
                -61.87580083,
                -13.50801172
              ],
              [
                -62.115209,
                -13.163681
              ],
              [
                -62.513769,
                -13.075819
              ],
              [
                -62.808902,
                -12.962137
              ],
              [
                -63.040132,
                -12.757607
              ],
              [
                -63.691548,
                -12.449421
              ],
              [
                -63.78100759,
                -12.43222005
              ],
              [
                -63.86551392,
                -12.45151855
              ],
              [
                -63.897801,
                -12.499692
              ],
              [
                -63.96666,
                -12.527624
              ],
              [
                -64.400918,
                -12.449021
              ],
              [
                -64.813217,
                -12.070335
              ],
              [
                -64.93826457,
                -12.00521573
              ],
              [
                -65.23369549,
                -11.67580942
              ],
              [
                -65.35951233,
                -11.25719449
              ],
              [
                -65.314634,
                -11.100408
              ],
              [
                -65.30962107,
                -10.83482629
              ],
              [
                -65.38709681,
                -10.38794737
              ],
              [
                -65.30766804,
                -10.09243053
              ],
              [
                -65.292963,
                -9.833299
              ],
              [
                -65.378304,
                -9.697125
              ],
              [
                -65.43728155,
                -9.67200155
              ],
              [
                -65.718885,
                -9.755953
              ],
              [
                -66.195056,
                -9.806309
              ],
              [
                -66.60911,
                -9.895181
              ],
              [
                -66.964066,
                -10.188637
              ],
              [
                -67.5378,
                -10.48845
              ],
              [
                -68.104835,
                -10.740563
              ],
              [
                -68.240697,
                -10.958609
              ],
              [
                -68.544445,
                -11.106778
              ],
              [
                -68.70702644,
                -11.14594306
              ],
              [
                -68.756246,
                -11.037549
              ],
              [
                -68.860178,
                -11.004645
              ],
              [
                -69.236245,
                -10.947196
              ],
              [
                -69.57292,
                -10.946172
              ],
              [
                -69.758566,
                -10.941972
              ],
              [
                -70.157726,
                -11.038824
              ],
              [
                -70.620864,
                -10.999892
              ],
              [
                -70.620918,
                -9.827967
              ],
              [
                -70.516402,
                -9.480359
              ],
              [
                -70.619509,
                -9.472554
              ],
              [
                -71.223781,
                -9.969421
              ],
              [
                -71.3841365,
                -10.00013709
              ],
              [
                -72.105093,
                -10.00030358
              ],
              [
                -72.175768,
                -9.984608
              ],
              [
                -72.19325,
                -9.777287
              ],
              [
                -72.30127,
                -9.533117
              ],
              [
                -72.411909,
                -9.481465
              ],
              [
                -72.9224805,
                -9.41163285
              ],
              [
                -73.10619,
                -9.293832
              ],
              [
                -72.94805,
                -9.124481
              ],
              [
                -72.961295,
                -8.982028
              ],
              [
                -73.502794,
                -8.375933
              ],
              [
                -73.734185,
                -7.878179
              ],
              [
                -73.87237,
                -7.667542
              ],
              [
                -73.847837,
                -7.352935
              ],
              [
                -73.760889,
                -6.936443
              ],
              [
                -73.716641,
                -6.86457
              ],
              [
                -73.632429,
                -6.752778
              ],
              [
                -73.540494,
                -6.689181
              ],
              [
                -73.369959,
                -6.609679
              ],
              [
                -73.243966,
                -6.586837
              ],
              [
                -73.132633,
                -6.497887
              ],
              [
                -73.106839,
                -6.420485
              ],
              [
                -73.183203,
                -6.259513
              ],
              [
                -73.148852,
                -5.868346
              ],
              [
                -72.958871,
                -5.577287
              ],
              [
                -72.878359,
                -5.179238
              ],
              [
                -72.849457,
                -5.139584
              ],
              [
                -72.506749,
                -4.943103
              ],
              [
                -71.925164,
                -4.54925
              ],
              [
                -71.162609,
                -4.391761
              ],
              [
                -70.856492,
                -4.279225
              ],
              [
                -70.66444,
                -4.167389
              ],
              [
                -70.438838,
                -4.145859
              ],
              [
                -70.280904,
                -4.215725
              ],
              [
                -70.168616,
                -4.310852
              ],
              [
                -70.025037,
                -4.365642
              ],
              [
                -69.951703,
                -4.311101
              ],
              [
                -69.947326,
                -4.22711
              ],
              [
                -69.40755122,
                -1.30077238
              ],
              [
                -69.42822328,
                -1.01522405
              ],
              [
                -69.57767062,
                -0.6657471
              ],
              [
                -69.92809245,
                -0.31514369
              ],
              [
                -70.04913636,
                -0.1367963
              ],
              [
                -70.02595312,
                0.56105893
              ],
              [
                -69.42231938,
                0.69087508
              ],
              [
                -69.29268634,
                0.61016376
              ],
              [
                -69.12891069,
                0.63797173
              ],
              [
                -69.18297204,
                0.93626096
              ],
              [
                -69.2461811,
                1.04853979
              ],
              [
                -69.32803456,
                1.08575456
              ],
              [
                -69.84618665,
                1.07852339
              ],
              [
                -69.84522089,
                1.71351299
              ],
              [
                -69.59749414,
                1.74876777
              ],
              [
                -68.20894023,
                1.72866623
              ],
              [
                -67.6827439,
                1.95389344
              ],
              [
                -67.58123608,
                2.06215891
              ],
              [
                -67.40744026,
                2.1442979
              ],
              [
                -67.35090426,
                2.11945633
              ],
              [
                -67.10805647,
                1.71028423
              ],
              [
                -67.06533723,
                1.51459736
              ],
              [
                -67.09830069,
                1.29216535
              ],
              [
                -67.08659374,
                1.16729123
              ],
              [
                -66.85291628,
                1.22955673
              ],
              [
                -66.34743919,
                0.77846808
              ],
              [
                -65.942104,
                0.877008
              ],
              [
                -65.73742,
                1.000497
              ],
              [
                -65.615121,
                1.009839
              ],
              [
                -65.518348,
                0.922162
              ],
              [
                -65.505972,
                0.835161
              ],
              [
                -65.397505,
                0.79068
              ],
              [
                -64.911029,
                1.233136
              ],
              [
                -64.484244,
                1.458567
              ],
              [
                -64.382977,
                1.443305
              ],
              [
                -64.061644,
                1.70315
              ],
              [
                -63.906356,
                1.986274
              ],
              [
                -63.686425,
                2.030915
              ],
              [
                -63.392534,
                2.152906
              ],
              [
                -63.36316,
                2.265726
              ],
              [
                -63.371598,
                2.427015
              ],
              [
                -63.896204,
                2.467184
              ],
              [
                -64.036118,
                2.579012
              ],
              [
                -64.105366,
                2.968194
              ],
              [
                -64.139634,
                3.486325
              ],
              [
                -64.196751,
                3.593945
              ],
              [
                -64.316444,
                3.712208
              ],
              [
                -64.76907874,
                4.07806828
              ],
              [
                -64.825545,
                4.205494
              ],
              [
                -64.79406308,
                4.28460549
              ],
              [
                -63.777046,
                3.936506
              ],
              [
                -63.416763,
                3.930445
              ],
              [
                -63.172633,
                3.808478
              ],
              [
                -62.928386,
                3.637068
              ],
              [
                -62.761018,
                3.68179
              ],
              [
                -62.736278,
                4.039052
              ],
              [
                -62.354,
                4.163612
              ],
              [
                -62.112547,
                4.09645
              ],
              [
                -61.645462,
                4.254809
              ],
              [
                -61.512843,
                4.32396
              ],
              [
                -61.435567,
                4.432198
              ],
              [
                -61.323011,
                4.504736
              ],
              [
                -60.95430394,
                4.56142541
              ],
              [
                -60.59087308,
                4.9347123
              ],
              [
                -60.67541454,
                5.18621974
              ],
              [
                -60.73638932,
                5.20138956
              ],
              [
                -60.67513293,
                5.23174193
              ],
              [
                -60.20594292,
                5.27025654
              ],
              [
                -59.99418146,
                5.08482079
              ],
              [
                -59.978271,
                5.0361
              ],
              [
                -60.024161,
                4.748202
              ],
              [
                -60.074165,
                4.638237
              ],
              [
                -59.972859,
                4.493206
              ],
              [
                -59.703055,
                4.317049
              ]
            ]
          ],
          [
            [
              [
                -49.42239761,
                -0.11111606
              ],
              [
                -49.48693466,
                -0.13550505
              ],
              [
                -49.7027626,
                -0.13548896
              ],
              [
                -49.83109665,
                -0.09958507
              ],
              [
                -49.75021362,
                -1e-8
              ],
              [
                -49.60865784,
                0.080048
              ],
              [
                -49.54957199,
                0.08176696
              ],
              [
                -49.38882446,
                0.04520493
              ],
              [
                -49.33864593,
                -1e-8
              ],
              [
                -49.34237671,
                -0.03017101
              ],
              [
                -49.42239761,
                -0.11111606
              ]
            ]
          ],
          [
            [
              [
                -49.82922745,
                0.06297205
              ],
              [
                -50.00992203,
                -0.02793002
              ],
              [
                -50.01902008,
                -1e-8
              ],
              [
                -50.04490662,
                0.01710896
              ],
              [
                -50.08631516,
                0.03433092
              ],
              [
                -50.2095871,
                0.04548908
              ],
              [
                -50.23948669,
                0.23006195
              ],
              [
                -49.66038895,
                0.35791197
              ],
              [
                -49.60856628,
                0.31149501
              ],
              [
                -49.60578919,
                0.26767406
              ],
              [
                -49.82922745,
                0.06297205
              ]
            ]
          ],
          [
            [
              [
                -50.30405045,
                0.282446
              ],
              [
                -50.4504776,
                0.17498295
              ],
              [
                -50.53516388,
                0.22468497
              ],
              [
                -50.42118073,
                0.488065
              ],
              [
                -50.32634354,
                0.49661404
              ],
              [
                -50.30405045,
                0.282446
              ]
            ]
          ],
          [
            [
              [
                -50.24425125,
                0.34394503
              ],
              [
                -50.29104233,
                0.34112302
              ],
              [
                -50.30274582,
                0.49285895
              ],
              [
                -50.27078628,
                0.59927595
              ],
              [
                -50.04287338,
                0.58294594
              ],
              [
                -50.044487,
                0.525922
              ],
              [
                -50.13536835,
                0.42251801
              ],
              [
                -50.24425125,
                0.34394503
              ]
            ]
          ],
          [
            [
              [
                -50.27636337,
                1.93851602
              ],
              [
                -50.42327118,
                1.84911299
              ],
              [
                -50.52114868,
                2.02619386
              ],
              [
                -50.49594879,
                2.13213897
              ],
              [
                -50.37535858,
                2.19055796
              ],
              [
                -50.33879852,
                2.15262699
              ],
              [
                -50.27636337,
                1.93851602
              ]
            ]
          ]
        ]
      }
    },
    {
      "type": "Feature",
      "properties": {
        "iso3": "IND",
        "name": "India",
        "status": "active",
        "project_count": 3,
        "label_lng": 79.90724949,
        "label_lat": 20.63822913,
        "geometry_quality": "authoritative",
        "geometry_source": "geo/countries_manifest.json + geo/countries_topojson/*.topo.json"
      },
      "geometry": {
        "type": "MultiPolygon",
        "coordinates": [
          [
            [
              [
                77.27944,
                32.83999
              ],
              [
                77.44609,
                32.82471
              ],
              [
                77.59943,
                32.88249
              ],
              [
                77.89665,
                32.76999
              ],
              [
                78.33134709,
                32.57714983
              ],
              [
                78.28137,
                32.47193
              ],
              [
                78.31749,
                32.43693
              ],
              [
                78.402077,
                32.526978
              ],
              [
                78.491309,
                32.273919
              ],
              [
                78.49377505,
                32.27186465
              ],
              [
                78.50742747,
                32.20400332
              ],
              [
                78.64448804,
                32.06522145
              ],
              [
                78.69070557,
                32.02016358
              ],
              [
                78.75905843,
                31.95665706
              ],
              [
                78.763404,
                31.947689
              ],
              [
                78.72503362,
                31.82871085
              ],
              [
                78.753017,
                31.384927
              ],
              [
                78.838914,
                31.293977
              ],
              [
                78.88339,
                31.286193
              ],
              [
                78.88645624,
                31.28193655
              ],
              [
                78.92708626,
                31.27747565
              ],
              [
                79.01730801,
                31.25634868
              ],
              [
                79.05031789,
                31.21094342
              ],
              [
                79.17771583,
                31.15344958
              ],
              [
                79.29213333,
                31.10832843
              ],
              [
                79.4130615,
                31.07299273
              ],
              [
                79.551069,
                30.962229
              ],
              [
                79.74456176,
                30.99173744
              ],
              [
                79.85825079,
                30.97470389
              ],
              [
                79.95263,
                30.87439
              ],
              [
                79.96156655,
                30.87082957
              ],
              [
                80.1799705,
                30.69712911
              ],
              [
                80.19608182,
                30.67192443
              ],
              [
                80.19293852,
                30.66671005
              ],
              [
                80.21118,
                30.597037
              ],
              [
                80.5796,
                30.466673
              ],
              [
                80.97673517,
                30.26994721
              ],
              [
                81.04225734,
                30.2119017
              ],
              [
                80.94381463,
                30.21754531
              ],
              [
                80.43057674,
                29.80088739
              ],
              [
                80.0584699,
                28.91658333
              ],
              [
                80.06479616,
                28.83760226
              ],
              [
                80.40251241,
                28.63442974
              ],
              [
                80.68666607,
                28.6039441
              ],
              [
                81.02802268,
                28.42397068
              ],
              [
                81.50584029,
                28.06852581
              ],
              [
                81.8131038,
                27.90448026
              ],
              [
                82.33651145,
                27.75463242
              ],
              [
                82.69478486,
                27.71816275
              ],
              [
                82.75211705,
                27.59401744
              ],
              [
                82.73597855,
                27.50230281
              ],
              [
                83.79533235,
                27.38619323
              ],
              [
                84.05827073,
                27.45189203
              ],
              [
                84.27778045,
                27.41627124
              ],
              [
                84.62000823,
                27.33875859
              ],
              [
                84.68901201,
                27.22064725
              ],
              [
                84.68331074,
                27.14415317
              ],
              [
                85.19717902,
                26.77055962
              ],
              [
                85.4455134,
                26.78436793
              ],
              [
                85.72789246,
                26.72465198
              ],
              [
                85.95463491,
                26.6319747
              ],
              [
                86.2756737,
                26.61735836
              ],
              [
                86.56347846,
                26.50353
              ],
              [
                86.8468881,
                26.44251671
              ],
              [
                87.54083977,
                26.42007615
              ],
              [
                88.02848331,
                26.36729844
              ],
              [
                88.09199488,
                26.4327125
              ],
              [
                88.18696015,
                26.74961335
              ],
              [
                88.11962464,
                26.98710896
              ],
              [
                88.03626022,
                27.0386854
              ],
              [
                88.00034975,
                27.10383775
              ],
              [
                88.05707681,
                27.46635447
              ],
              [
                88.19362511,
                27.79651253
              ],
              [
                88.19329582,
                27.85479211
              ],
              [
                88.135731,
                27.881618
              ],
              [
                88.205515,
                27.952999
              ],
              [
                88.612479,
                28.110729
              ],
              [
                88.769067,
                28.064592
              ],
              [
                88.824077,
                28.020864
              ],
              [
                88.884749,
                27.853796
              ],
              [
                88.773857,
                27.542923
              ],
              [
                88.779879,
                27.473105
              ],
              [
                88.809914,
                27.404633
              ],
              [
                88.92136826,
                27.32728712
              ],
              [
                88.803079,
                27.246103
              ],
              [
                88.774178,
                27.18296
              ],
              [
                88.773981,
                27.135738
              ],
              [
                88.906988,
                26.978909
              ],
              [
                89.157572,
                26.815482
              ],
              [
                89.626242,
                26.741882
              ],
              [
                90.59537238,
                26.80177491
              ],
              [
                90.73381079,
                26.77152876
              ],
              [
                91.73210598,
                26.81783859
              ],
              [
                92.018772,
                26.853315
              ],
              [
                92.115702,
                26.893745
              ],
              [
                92.35690343,
                26.92770089
              ],
              [
                93.21146971,
                26.91313428
              ],
              [
                93.48088719,
                26.94226722
              ],
              [
                93.69427977,
                27.00078211
              ],
              [
                93.79711657,
                27.06651798
              ],
              [
                94.32519916,
                27.55564089
              ],
              [
                95.04117898,
                27.80405662
              ],
              [
                95.21821088,
                27.89257257
              ],
              [
                95.24462289,
                27.91541539
              ],
              [
                95.24121248,
                27.97553646
              ],
              [
                95.42082917,
                28.1561162
              ],
              [
                95.6027975,
                28.29470259
              ],
              [
                95.74692711,
                28.32706215
              ],
              [
                96.57996387,
                28.05466513
              ],
              [
                96.96661438,
                27.86500288
              ],
              [
                97.0633963,
                27.74999306
              ],
              [
                96.92855082,
                27.64863226
              ],
              [
                96.89539559,
                27.57543571
              ],
              [
                96.93110123,
                27.43031781
              ],
              [
                97.01296915,
                27.31350937
              ],
              [
                96.8821335,
                27.25969588
              ],
              [
                96.80154078,
                27.33620796
              ],
              [
                96.71049142,
                27.37242367
              ],
              [
                96.22514983,
                27.27729366
              ],
              [
                96.02545332,
                27.18267373
              ],
              [
                95.87676486,
                27.01970301
              ],
              [
                95.48068736,
                26.74502467
              ],
              [
                95.22182151,
                26.66570715
              ],
              [
                95.1514304,
                26.61699447
              ],
              [
                95.08511994,
                26.48768906
              ],
              [
                95.07440825,
                26.3402758
              ],
              [
                95.11644571,
                26.16167478
              ],
              [
                95.0358771,
                25.74010308
              ],
              [
                94.86547938,
                25.56475452
              ],
              [
                94.67192947,
                25.44477866
              ],
              [
                94.58790457,
                25.2687862
              ],
              [
                94.59083081,
                25.19395805
              ],
              [
                94.73129035,
                25.1350152
              ],
              [
                94.74132317,
                25.09446587
              ],
              [
                94.7379789,
                25.02256396
              ],
              [
                94.63252173,
                24.80067744
              ],
              [
                94.0894992,
                23.88658401
              ],
              [
                93.42405116,
                24.05826984
              ],
              [
                93.3566589,
                23.9439935
              ],
              [
                93.42818926,
                23.66604449
              ],
              [
                93.3645473,
                23.11999654
              ],
              [
                93.2965777,
                23.01070209
              ],
              [
                93.21664341,
                23.03183121
              ],
              [
                93.12669611,
                22.99644629
              ],
              [
                93.09606312,
                22.79796825
              ],
              [
                93.11108262,
                22.55417714
              ],
              [
                93.18439815,
                22.39880592
              ],
              [
                93.19772053,
                22.27576481
              ],
              [
                92.99508455,
                22.03112514
              ],
              [
                92.91307245,
                21.97035911
              ],
              [
                92.67356033,
                22.01049436
              ],
              [
                92.60675611,
                21.97120086
              ],
              [
                92.50601788,
                22.73328583
              ],
              [
                92.354444,
                23.23805601
              ],
              [
                92.28361,
                23.669165
              ],
              [
                92.245833,
                23.708611
              ],
              [
                91.993055,
                23.688057
              ],
              [
                91.77979517,
                23.2289809
              ],
              [
                91.818333,
                23.103611
              ],
              [
                91.801111,
                23.07
              ],
              [
                91.72500096,
                22.99472098
              ],
              [
                91.602222,
                22.95361
              ],
              [
                91.404168,
                23.097499
              ],
              [
                91.166667,
                23.616945
              ],
              [
                91.156398,
                23.706705
              ],
              [
                91.285923,
                23.982042
              ],
              [
                91.389824,
                24.060189
              ],
              [
                91.680748,
                24.177225
              ],
              [
                91.848423,
                24.204734
              ],
              [
                92.12169601,
                24.38686367
              ],
              [
                92.16737231,
                24.43513005
              ],
              [
                92.27922308,
                24.71175882
              ],
              [
                92.4975188,
                24.87595792
              ],
              [
                92.48740861,
                24.94217066
              ],
              [
                92.35694585,
                25.0502598
              ],
              [
                92.05968134,
                25.18661401
              ],
              [
                91.80712024,
                25.1701482
              ],
              [
                91.25964263,
                25.20363511
              ],
              [
                90.44925199,
                25.14472207
              ],
              [
                89.890758,
                25.293279
              ],
              [
                89.838498,
                25.450324
              ],
              [
                89.870056,
                25.662998
              ],
              [
                89.848082,
                25.891952
              ],
              [
                89.765877,
                26.130583
              ],
              [
                89.678695,
                26.210216
              ],
              [
                89.632068,
                26.207666
              ],
              [
                89.610851,
                26.173927
              ],
              [
                89.608731,
                26.121055
              ],
              [
                89.648917,
                26.061654
              ],
              [
                89.58002448,
                26.00325726
              ],
              [
                89.537304,
                25.98525
              ],
              [
                89.338694,
                26.022877
              ],
              [
                89.189483,
                26.127252
              ],
              [
                89.13933,
                26.19471401
              ],
              [
                89.070813,
                26.398466
              ],
              [
                88.957255,
                26.454854
              ],
              [
                88.916507,
                26.365546
              ],
              [
                89.044666,
                26.28478732
              ],
              [
                88.861419,
                26.252042
              ],
              [
                88.421732,
                26.574734
              ],
              [
                88.363131,
                26.472913
              ],
              [
                88.348074,
                26.269167
              ],
              [
                88.176815,
                26.141846
              ],
              [
                88.102386,
                25.934568
              ],
              [
                88.107253,
                25.822188
              ],
              [
                88.45346259,
                25.62721496
              ],
              [
                88.75831,
                25.510276
              ],
              [
                88.999332,
                25.269469
              ],
              [
                88.940943,
                25.174345
              ],
              [
                88.81219818,
                25.17447981
              ],
              [
                88.446863,
                25.085665
              ],
              [
                88.145745,
                24.936014
              ],
              [
                88.016507,
                24.677798
              ],
              [
                88.135278,
                24.516391
              ],
              [
                88.303494,
                24.406596
              ],
              [
                88.68081392,
                24.31625794
              ],
              [
                88.73750106,
                24.16604502
              ],
              [
                88.757854,
                23.98374902
              ],
              [
                88.72301596,
                23.91511296
              ],
              [
                88.58739308,
                23.84558407
              ],
              [
                88.56451501,
                23.65742208
              ],
              [
                88.75398894,
                23.36114292
              ],
              [
                88.89649604,
                22.91068302
              ],
              [
                88.98793104,
                22.35223403
              ],
              [
                89.07008094,
                22.19780586
              ],
              [
                88.9683036,
                22.21563989
              ],
              [
                88.41923269,
                21.90686973
              ],
              [
                88.33924,
                21.74843
              ],
              [
                88.2191992,
                21.7788349
              ],
              [
                88.16381778,
                21.88041554
              ],
              [
                88.22597307,
                22.08415554
              ],
              [
                88.20670171,
                22.11335791
              ],
              [
                88.0760866,
                22.01950026
              ],
              [
                87.91713806,
                21.80172994
              ],
              [
                87.7919799,
                21.69467676
              ],
              [
                87.17679731,
                21.53647072
              ],
              [
                86.99511037,
                21.41934388
              ],
              [
                86.85874551,
                21.26007938
              ],
              [
                86.82440957,
                21.13910551
              ],
              [
                86.97031779,
                20.84756494
              ],
              [
                86.9980678,
                20.7110263
              ],
              [
                86.41783282,
                19.99366999
              ],
              [
                86.19653956,
                19.89046879
              ],
              [
                85.68096427,
                19.74484823
              ],
              [
                85.4205583,
                19.6232698
              ],
              [
                84.96572505,
                19.30511981
              ],
              [
                84.81945516,
                19.16747768
              ],
              [
                84.51660159,
                18.76057968
              ],
              [
                84.13799139,
                18.33904658
              ],
              [
                83.41629047,
                17.83460358
              ],
              [
                83.21510148,
                17.59415735
              ],
              [
                82.59208153,
                17.27995492
              ],
              [
                82.32688054,
                17.06747078
              ],
              [
                82.250198,
                16.92443818
              ],
              [
                82.25939734,
                16.88799107
              ],
              [
                82.32139892,
                16.85333139
              ],
              [
                82.34486509,
                16.7802136
              ],
              [
                82.35152734,
                16.71435679
              ],
              [
                82.30995201,
                16.58948709
              ],
              [
                81.77613958,
                16.33512139
              ],
              [
                81.51571003,
                16.35725415
              ],
              [
                81.30884685,
                16.30693459
              ],
              [
                81.22926001,
                16.22438913
              ],
              [
                81.02019435,
                15.78368442
              ],
              [
                80.78960334,
                15.77237163
              ],
              [
                80.79911567,
                15.84922823
              ],
              [
                80.64245369,
                15.87652583
              ],
              [
                80.42201286,
                15.79895778
              ],
              [
                80.27949453,
                15.68169498
              ],
              [
                80.08341653,
                15.25784777
              ],
              [
                80.04818519,
                15.07808432
              ],
              [
                80.10724584,
                14.75450739
              ],
              [
                80.16030191,
                14.00968981
              ],
              [
                80.31464082,
                13.46790571
              ],
              [
                80.31014789,
                13.16422416
              ],
              [
                80.2521068,
                12.7908485
              ],
              [
                80.1577565,
                12.4778898
              ],
              [
                79.88021209,
                12.05504491
              ],
              [
                79.7609744,
                11.6237424
              ],
              [
                79.8560907,
                11.0352496
              ],
              [
                79.87808405,
                10.3407563
              ],
              [
                79.5291029,
                10.3160775
              ],
              [
                79.2299376,
                10.13183
              ],
              [
                78.9807855,
                9.688953
              ],
              [
                79.0420783,
                9.3131968
              ],
              [
                78.5166892,
                9.1352716
              ],
              [
                78.15815127,
                8.77038262
              ],
              [
                78.1265093,
                8.5038449
              ],
              [
                78.05618167,
                8.38435991
              ],
              [
                77.772968,
                8.1950166
              ],
              [
                77.5405141,
                8.0786201
              ],
              [
                77.32574396,
                8.123822
              ],
              [
                77.0164083,
                8.3541266
              ],
              [
                76.53854407,
                8.93260368
              ],
              [
                76.35305016,
                9.37635955
              ],
              [
                76.23616168,
                9.96303598
              ],
              [
                76.130499,
                10.2859437
              ],
              [
                75.73355443,
                11.35229651
              ],
              [
                75.53434092,
                11.69597204
              ],
              [
                75.22041873,
                12.01308098
              ],
              [
                74.958449,
                12.538862
              ],
              [
                74.8044629,
                12.9334663
              ],
              [
                74.56490085,
                13.94851332
              ],
              [
                74.34469288,
                14.52067026
              ],
              [
                74.22693346,
                14.74315481
              ],
              [
                73.94397844,
                15.15985096
              ],
              [
                73.8851572,
                15.3513479
              ],
              [
                73.45595402,
                16.12402059
              ],
              [
                73.34467722,
                16.46246853
              ],
              [
                73.22229361,
                17.30225976
              ],
              [
                72.89614446,
                18.47237953
              ],
              [
                72.85765523,
                18.69348628
              ],
              [
                72.86356243,
                18.77807338
              ],
              [
                72.89635396,
                18.80080284
              ],
              [
                72.8919757,
                18.99607554
              ],
              [
                72.82317413,
                19.01770529
              ],
              [
                72.77732409,
                19.22780869
              ],
              [
                72.78699822,
                19.30768299
              ],
              [
                72.89682622,
                19.29795083
              ],
              [
                72.87368057,
                19.33128807
              ],
              [
                72.85282011,
                19.34181586
              ],
              [
                72.74721595,
                19.45251573
              ],
              [
                72.66532809,
                19.85237111
              ],
              [
                72.79678213,
                20.35058035
              ],
              [
                72.89552541,
                20.57570986
              ],
              [
                72.71384213,
                21.13768563
              ],
              [
                72.69038778,
                21.15754396
              ],
              [
                72.68036399,
                21.1583716
              ],
              [
                72.66243824,
                21.14989124
              ],
              [
                72.65715054,
                21.13003543
              ],
              [
                72.6204425,
                21.1372042
              ],
              [
                72.62754058,
                21.54325593
              ],
              [
                72.73632762,
                21.63471016
              ],
              [
                72.82978719,
                21.66537537
              ],
              [
                72.65647277,
                21.68057744
              ],
              [
                72.55268247,
                21.79969767
              ],
              [
                72.50469034,
                21.96544457
              ],
              [
                72.58048477,
                22.19820229
              ],
              [
                72.64042206,
                22.21664419
              ],
              [
                72.75194417,
                22.18369281
              ],
              [
                72.84705129,
                22.25187611
              ],
              [
                72.82072854,
                22.27038357
              ],
              [
                72.34064114,
                22.2575334
              ],
              [
                72.2251727,
                21.93286176
              ],
              [
                72.30196489,
                21.6182464
              ],
              [
                72.09613413,
                21.22361768
              ],
              [
                71.94717731,
                21.12061122
              ],
              [
                70.99291293,
                20.71607914
              ],
              [
                70.8071047,
                20.7007484
              ],
              [
                70.59816616,
                20.77869783
              ],
              [
                70.28186252,
                20.95637842
              ],
              [
                70.06834527,
                21.13643697
              ],
              [
                69.19031119,
                21.98627129
              ],
              [
                68.97607212,
                22.21973609
              ],
              [
                68.936125,
                22.30819141
              ],
              [
                68.97769166,
                22.40448839
              ],
              [
                69.06722145,
                22.47965417
              ],
              [
                69.08342052,
                22.39132983
              ],
              [
                69.15738789,
                22.31656955
              ],
              [
                69.29533825,
                22.28000844
              ],
              [
                70.06233271,
                22.55003114
              ],
              [
                70.21401105,
                22.62873403
              ],
              [
                70.45928269,
                22.84679928
              ],
              [
                70.47391067,
                22.88190849
              ],
              [
                70.50697831,
                23.1087724
              ],
              [
                70.29747597,
                23.1099106
              ],
              [
                70.22369605,
                23.09395164
              ],
              [
                70.02994461,
                22.90203202
              ],
              [
                69.71491463,
                22.74143154
              ],
              [
                69.17809914,
                22.84902574
              ],
              [
                68.67207521,
                23.14286791
              ],
              [
                68.58575903,
                23.21954221
              ],
              [
                68.47029948,
                23.40107634
              ],
              [
                68.43896221,
                23.55331917
              ],
              [
                68.52770448,
                23.6876082
              ],
              [
                68.65008873,
                23.79193515
              ],
              [
                68.50520067,
                23.97145109
              ],
              [
                68.75287128,
                23.97145
              ],
              [
                68.76819128,
                24.24499
              ],
              [
                69.57118128,
                24.28472
              ],
              [
                69.71400128,
                24.18641
              ],
              [
                70.08054128,
                24.23028
              ],
              [
                70.13919128,
                24.30286
              ],
              [
                70.52098128,
                24.40512
              ],
              [
                70.57429128,
                24.32034
              ],
              [
                70.57119128,
                24.25175
              ],
              [
                70.72403128,
                24.21659
              ],
              [
                70.89764128,
                24.2562
              ],
              [
                70.99897128,
                24.35442
              ],
              [
                71.04466128,
                24.43439
              ],
              [
                71.02913428,
                24.801616
              ],
              [
                70.58567549,
                25.70682772
              ],
              [
                70.38750128,
                25.673461
              ],
              [
                70.26882528,
                25.713226
              ],
              [
                70.09863928,
                25.939883
              ],
              [
                70.08322728,
                26.084853
              ],
              [
                70.17517828,
                26.250785
              ],
              [
                70.17394528,
                26.551669
              ],
              [
                70.05579228,
                26.600742
              ],
              [
                69.78816928,
                26.600373
              ],
              [
                69.50798438,
                26.74861052
              ],
              [
                69.48426428,
                26.80499
              ],
              [
                69.51357928,
                27.010038
              ],
              [
                69.58564828,
                27.181364
              ],
              [
                70.02580028,
                27.563257
              ],
              [
                70.15194484,
                27.8267718
              ],
              [
                70.38150372,
                28.01312485
              ],
              [
                70.55431928,
                28.02631
              ],
              [
                70.65695516,
                27.9400545
              ],
              [
                70.67868827,
                27.8754705
              ],
              [
                71.0009865,
                27.75002671
              ],
              [
                71.64219284,
                27.87749799
              ],
              [
                71.90273209,
                27.98579787
              ],
              [
                72.2371664,
                28.48726032
              ],
              [
                72.29881528,
                28.669773
              ],
              [
                72.40372528,
                28.782934
              ],
              [
                72.96063032,
                29.05948712
              ],
              [
                73.2776183,
                29.56449149
              ],
              [
                73.34352228,
                29.766965
              ],
              [
                73.78519028,
                30.062882
              ],
              [
                74.09028928,
                30.569513
              ],
              [
                74.46249196,
                30.96126056
              ],
              [
                74.57014787,
                31.11475607
              ],
              [
                74.58297237,
                31.38788488
              ],
              [
                74.50237228,
                31.700902
              ],
              [
                74.59555128,
                31.87162975
              ],
              [
                74.83229609,
                32.00321206
              ],
              [
                75.28127228,
                32.12265
              ],
              [
                75.3829349,
                32.26696439
              ],
              [
                75.33294673,
                32.32612722
              ],
              [
                75.53137,
                32.32138
              ],
              [
                75.8261,
                32.49387
              ],
              [
                75.91254,
                32.60668
              ],
              [
                75.9472,
                32.72582
              ],
              [
                75.90387,
                32.80083
              ],
              [
                76.03747979,
                32.90804511
              ],
              [
                76.48415,
                33.17083
              ],
              [
                76.75555,
                33.15804
              ],
              [
                76.91332,
                33.06388
              ],
              [
                77.00639031,
                32.96582515
              ],
              [
                77.27944,
                32.83999
              ]
            ]
          ],
          [
            [
              [
                93.87961219,
                6.80256325
              ],
              [
                93.82528531,
                6.75647064
              ],
              [
                93.75122222,
                6.95720706
              ],
              [
                93.67480386,
                7.02217415
              ],
              [
                93.66921155,
                7.06520439
              ],
              [
                93.67520911,
                7.15958965
              ],
              [
                93.70263297,
                7.18777098
              ],
              [
                93.8229738,
                7.23714612
              ],
              [
                93.8474711,
                7.24094659
              ],
              [
                93.84640052,
                7.21717407
              ],
              [
                93.88340278,
                7.18509143
              ],
              [
                93.92865815,
                6.95608518
              ],
              [
                93.87961219,
                6.80256325
              ]
            ]
          ],
          [
            [
              [
                92.55695144,
                10.5614223
              ],
              [
                92.50138105,
                10.5109808
              ],
              [
                92.39174729,
                10.55796452
              ],
              [
                92.37748844,
                10.75521568
              ],
              [
                92.52231509,
                10.896794
              ],
              [
                92.56013908,
                10.86102108
              ],
              [
                92.59409258,
                10.70954147
              ],
              [
                92.55695144,
                10.5614223
              ]
            ]
          ],
          [
            [
              [
                92.73346,
                11.90461
              ],
              [
                92.7574,
                11.65623
              ],
              [
                92.71385,
                11.49157
              ],
              [
                92.67323,
                11.50568
              ],
              [
                92.60846,
                11.59687
              ],
              [
                92.51659,
                11.85475
              ],
              [
                92.5607,
                11.93652
              ],
              [
                92.59376,
                11.89891
              ],
              [
                92.61079,
                11.94338
              ],
              [
                92.66288,
                12.21681
              ],
              [
                92.70915,
                12.19379
              ],
              [
                92.73830825,
                12.07808457
              ],
              [
                92.73346,
                11.90461
              ]
            ]
          ],
          [
            [
              [
                92.85428,
                12.92539
              ],
              [
                92.87096,
                12.89281
              ],
              [
                92.91036,
                12.90446
              ],
              [
                92.94929,
                12.81555
              ],
              [
                92.9614314,
                12.4868658
              ],
              [
                92.90562,
                12.42392
              ],
              [
                92.84043,
                12.42263
              ],
              [
                92.85955,
                12.2432
              ],
              [
                92.75689,
                12.23388
              ],
              [
                92.77752,
                12.2954
              ],
              [
                92.722654,
                12.30145853
              ],
              [
                92.70083,
                12.3382
              ],
              [
                92.6985,
                12.60971
              ],
              [
                92.80317,
                12.89858
              ],
              [
                92.8213,
                13.31331
              ],
              [
                92.91468,
                13.52118
              ],
              [
                93.02793,
                13.57829
              ],
              [
                93.04888,
                13.40405
              ],
              [
                93.02083,
                13.35031
              ],
              [
                92.97700474,
                13.34784847
              ],
              [
                93.01338054,
                13.28495174
              ],
              [
                92.85428,
                12.92539
              ]
            ]
          ]
        ]
      }
    },
    {
      "type": "Feature",
      "properties": {
        "iso3": "COD",
        "name": "Democratic Republic of the Congo",
        "status": "additional_2024",
        "project_count": 6,
        "label_lng": 22.44298174,
        "label_lat": -4.12734104,
        "geometry_quality": "authoritative",
        "geometry_source": "geo/countries_manifest.json + geo/countries_topojson/*.topo.json"
      },
      "geometry": {
        "type": "Polygon",
        "coordinates": [
          [
            [
              26.31763684,
              5.15043485
            ],
            [
              26.52695759,
              5.05733679
            ],
            [
              26.88900615,
              5.08822076
            ],
            [
              26.93408935,
              5.14212458
            ],
            [
              27.09411745,
              5.20894121
            ],
            [
              27.42580427,
              5.08290038
            ],
            [
              27.443611,
              5.019444
            ],
            [
              27.69483147,
              4.8561053
            ],
            [
              27.8775426,
              4.54851082
            ],
            [
              28.1522245,
              4.38651112
            ],
            [
              28.37092414,
              4.29905169
            ],
            [
              28.48734866,
              4.32365925
            ],
            [
              28.69789708,
              4.48576154
            ],
            [
              28.80986147,
              4.50975391
            ],
            [
              29.03932695,
              4.47837927
            ],
            [
              29.17051602,
              4.37610412
            ],
            [
              29.46980545,
              4.60956833
            ],
            [
              29.5116896,
              4.67790559
            ],
            [
              29.65540916,
              4.64154042
            ],
            [
              29.77906807,
              4.57175788
            ],
            [
              29.86743636,
              4.33893845
            ],
            [
              30.24260107,
              3.94524706
            ],
            [
              30.75293182,
              3.65464126
            ],
            [
              30.86297567,
              3.4861987
            ],
            [
              30.93660513,
              3.50646716
            ],
            [
              30.94235082,
              3.48015596
            ],
            [
              30.80104187,
              3.0057926
            ],
            [
              30.79358963,
              2.64827953
            ],
            [
              30.84224084,
              2.4006656
            ],
            [
              31.07320737,
              2.34215928
            ],
            [
              31.31461,
              2.147683
            ],
            [
              31.314612,
              2.116668
            ],
            [
              30.57144072,
              1.287063
            ],
            [
              30.29558308,
              1.16931058
            ],
            [
              29.96688932,
              0.68297402
            ],
            [
              29.71935449,
              0.03059941
            ],
            [
              29.58958298,
              -1.38835026
            ],
            [
              29.3617196,
              -1.50595425
            ],
            [
              29.14111167,
              -1.8197225
            ],
            [
              29.12388917,
              -1.91138917
            ],
            [
              29.14583306,
              -2.0072225
            ],
            [
              28.86833361,
              -2.39444444
            ],
            [
              28.89984831,
              -2.66200164
            ],
            [
              29.04064145,
              -2.74384422
            ],
            [
              29.13230907,
              -2.93479858
            ],
            [
              29.21525498,
              -3.3608215
            ],
            [
              29.275828,
              -3.935088
            ],
            [
              29.39320348,
              -4.268084
            ],
            [
              29.42333401,
              -4.44750063
            ],
            [
              29.36527552,
              -4.71569522
            ],
            [
              29.56999994,
              -5.8519453
            ],
            [
              29.50472026,
              -5.94583422
            ],
            [
              29.49499904,
              -6.00888957
            ],
            [
              29.5502785,
              -6.29527854
            ],
            [
              29.73916423,
              -6.63458466
            ],
            [
              30.06485425,
              -6.84576741
            ],
            [
              30.18833185,
              -6.96250056
            ],
            [
              30.31499756,
              -7.14375025
            ],
            [
              30.66888782,
              -7.91500123
            ],
            [
              30.79507691,
              -8.27675891
            ],
            [
              29.56835162,
              -8.3782726
            ],
            [
              28.89079475,
              -8.47670453
            ],
            [
              28.96022161,
              -8.62162405
            ],
            [
              28.93642903,
              -8.72405531
            ],
            [
              28.75115805,
              -8.97440526
            ],
            [
              28.52655907,
              -9.16609169
            ],
            [
              28.64276004,
              -10.01569653
            ],
            [
              28.65278868,
              -10.53452623
            ],
            [
              28.60786758,
              -10.74577007
            ],
            [
              28.48502477,
              -11.09003058
            ],
            [
              28.38529455,
              -11.54519045
            ],
            [
              28.4409115,
              -11.79569277
            ],
            [
              28.54030896,
              -11.89446243
            ],
            [
              28.65059213,
              -11.95115854
            ],
            [
              29.02173813,
              -12.34147004
            ],
            [
              29.14980558,
              -12.38065081
            ],
            [
              29.49842764,
              -12.40146021
            ],
            [
              29.45973346,
              -12.32489138
            ],
            [
              29.4824556,
              -12.24960089
            ],
            [
              29.55962036,
              -12.19423779
            ],
            [
              29.81470366,
              -12.14930104
            ],
            [
              29.79932259,
              -13.4448393
            ],
            [
              29.65110581,
              -13.43801982
            ],
            [
              29.60763774,
              -13.37200969
            ],
            [
              29.38203794,
              -13.32997629
            ],
            [
              29.21823794,
              -13.41657629
            ],
            [
              29.00710505,
              -13.4230817
            ],
            [
              28.78831428,
              -12.95852361
            ],
            [
              28.27166156,
              -12.41794569
            ],
            [
              27.95664606,
              -12.32213721
            ],
            [
              27.62828573,
              -12.27085027
            ],
            [
              27.51302806,
              -12.12806207
            ],
            [
              27.22514572,
              -11.63084303
            ],
            [
              27.01934614,
              -11.7444147
            ],
            [
              26.96593542,
              -11.89431144
            ],
            [
              26.86968913,
              -11.98089891
            ],
            [
              26.65254454,
              -11.98926984
            ],
            [
              25.99523433,
              -11.91989251
            ],
            [
              25.4994095,
              -11.75049428
            ],
            [
              25.32843794,
              -11.60847629
            ],
            [
              25.29440087,
              -11.35726011
            ],
            [
              25.33477659,
              -11.23791153
            ],
            [
              25.01413961,
              -11.24892683
            ],
            [
              24.34150693,
              -11.36728185
            ],
            [
              24.40435858,
              -11.24907296
            ],
            [
              24.3911583,
              -11.10114531
            ],
            [
              24.13250346,
              -10.92477314
            ],
            [
              23.99924675,
              -10.8902373
            ],
            [
              23.82291997,
              -11.02891009
            ],
            [
              23.67208,
              -11.00818
            ],
            [
              23.11437529,
              -11.11203025
            ],
            [
              22.78709,
              -11.11317
            ],
            [
              22.29969,
              -11.24397
            ],
            [
              22.26278761,
              -11.20098505
            ],
            [
              22.16967024,
              -10.87787309
            ],
            [
              22.32368185,
              -10.70998765
            ],
            [
              22.31985816,
              -10.40627723
            ],
            [
              22.21188437,
              -10.05231257
            ],
            [
              22.12234616,
              -9.87836071
            ],
            [
              21.89730321,
              -9.66054582
            ],
            [
              21.79251562,
              -9.40389483
            ],
            [
              21.94937848,
              -8.44513558
            ],
            [
              21.81911835,
              -8.06738834
            ],
            [
              21.84118132,
              -7.62217557
            ],
            [
              21.76302202,
              -7.28252594
            ],
            [
              20.55585108,
              -7.28248104
            ],
            [
              20.57581788,
              -7.10073911
            ],
            [
              20.30780827,
              -6.96828489
            ],
            [
              19.57514715,
              -7.00001117
            ],
            [
              19.50910398,
              -7.15248571
            ],
            [
              19.38160578,
              -7.99920028
            ],
            [
              18.53242801,
              -7.97533508
            ],
            [
              18.26896486,
              -7.99923411
            ],
            [
              18.09934377,
              -8.07928916
            ],
            [
              17.627408,
              -8.12724361
            ],
            [
              17.51709104,
              -8.0466889
            ],
            [
              16.93401946,
              -7.11002884
            ],
            [
              16.75553273,
              -6.65611424
            ],
            [
              16.70892316,
              -6.43719307
            ],
            [
              16.69547321,
              -6.11583236
            ],
            [
              16.58880413,
              -5.94352076
            ],
            [
              16.46318752,
              -5.85013603
            ],
            [
              14.72777693,
              -5.87962298
            ],
            [
              13.84022338,
              -5.85275752
            ],
            [
              13.10109868,
              -5.89016308
            ],
            [
              13.09328136,
              -5.86493609
            ],
            [
              13.02021336,
              -5.85871753
            ],
            [
              12.40665054,
              -5.98745012
            ],
            [
              12.19565675,
              -5.76369272
            ],
            [
              12.4918787,
              -5.7376411
            ],
            [
              12.53329542,
              -5.14948508
            ],
            [
              12.61783446,
              -4.9993711
            ],
            [
              12.85020128,
              -4.76142223
            ],
            [
              13.10175845,
              -4.68505245
            ],
            [
              13.19772704,
              -4.66010122
            ],
            [
              13.41390661,
              -4.87115511
            ],
            [
              13.60936902,
              -4.79252735
            ],
            [
              13.70470078,
              -4.70874713
            ],
            [
              13.72487516,
              -4.49279689
            ],
            [
              14.40760299,
              -4.30361664
            ],
            [
              14.47628027,
              -4.44241855
            ],
            [
              14.41875969,
              -4.51350402
            ],
            [
              14.39885077,
              -4.8601934
            ],
            [
              14.42353866,
              -4.88881032
            ],
            [
              14.68757501,
              -4.9128817
            ],
            [
              14.8082529,
              -4.83713707
            ],
            [
              15.1467501,
              -4.4145505
            ],
            [
              15.73623727,
              -3.98659808
            ],
            [
              15.95792059,
              -3.79432396
            ],
            [
              16.15508441,
              -3.43354041
            ],
            [
              16.21039664,
              -2.52574947
            ],
            [
              16.18116179,
              -2.40505791
            ],
            [
              16.18828334,
              -2.18632483
            ],
            [
              16.59804349,
              -1.69808694
            ],
            [
              16.7229705,
              -1.43923377
            ],
            [
              16.84780773,
              -1.25452493
            ],
            [
              17.00936344,
              -1.12679841
            ],
            [
              17.41238875,
              -0.8899399
            ],
            [
              17.664942,
              -0.64901367
            ],
            [
              17.70443346,
              -0.57980959
            ],
            [
              17.69921158,
              -0.12737028
            ],
            [
              17.82116991,
              0.23245792
            ],
            [
              17.87202372,
              0.58401149
            ],
            [
              17.84203356,
              0.97064408
            ],
            [
              17.94296802,
              1.2690022
            ],
            [
              18.07001517,
              1.53076845
            ],
            [
              18.0557735,
              1.84196101
            ],
            [
              18.05551745,
              1.86595976
            ],
            [
              18.06190605,
              1.8905499
            ],
            [
              18.05912953,
              2.05700267
            ],
            [
              18.09246771,
              2.2505775
            ],
            [
              18.09457419,
              2.27188607
            ],
            [
              18.09906309,
              2.27794952
            ],
            [
              18.17313299,
              2.35946099
            ],
            [
              18.20154717,
              2.40667885
            ],
            [
              18.34457779,
              2.62757881
            ],
            [
              18.63024157,
              3.18918369
            ],
            [
              18.62508317,
              3.47164695
            ],
            [
              18.58939226,
              3.75902739
            ],
            [
              18.60156412,
              4.21645905
            ],
            [
              18.63711178,
              4.36102819
            ],
            [
              19.06118772,
              4.86231149
            ],
            [
              19.36790765,
              5.09195641
            ],
            [
              19.52641531,
              5.14459569
            ],
            [
              19.70302831,
              5.13629339
            ],
            [
              19.83042132,
              5.09340815
            ],
            [
              20.32440932,
              4.76748138
            ],
            [
              20.4396388,
              4.64437829
            ],
            [
              20.45112681,
              4.57686624
            ],
            [
              20.81677321,
              4.43222446
            ],
            [
              21.23347572,
              4.30042215
            ],
            [
              21.50303637,
              4.26105824
            ],
            [
              21.79239099,
              4.28475074
            ],
            [
              22.2938817,
              4.11785387
            ],
            [
              22.45751261,
              4.13595058
            ],
            [
              22.53478947,
              4.20433358
            ],
            [
              22.62538726,
              4.49259929
            ],
            [
              22.81780348,
              4.72495505
            ],
            [
              22.98091496,
              4.82890927
            ],
            [
              23.11237554,
              4.71248956
            ],
            [
              23.28896032,
              4.63428773
            ],
            [
              23.43184489,
              4.6346731
            ],
            [
              24.35225295,
              5.0076384
            ],
            [
              25.01029394,
              4.96071467
            ],
            [
              25.31753412,
              5.0349439
            ],
            [
              25.34678338,
              5.14923724
            ],
            [
              25.31532199,
              5.19814988
            ],
            [
              25.3494871,
              5.28270237
            ],
            [
              25.39225493,
              5.33210659
            ],
            [
              25.534077,
              5.37315388
            ],
            [
              25.83959663,
              5.21166845
            ],
            [
              26.31763684,
              5.15043485
            ]
          ]
        ]
      }
    },
    {
      "type": "Feature",
      "properties": {
        "iso3": "IDN",
        "name": "Indonesia",
        "status": "active",
        "project_count": 3,
        "label_lng": 113.31882729,
        "label_lat": 0.071655,
        "geometry_quality": "authoritative",
        "geometry_source": "geo/countries_manifest.json + geo/countries_topojson/*.topo.json"
      },
      "geometry": {
        "type": "MultiPolygon",
        "coordinates": [
          [
            [
              [
                117.71801,
                3.86073
              ],
              [
                117.60854,
                3.62795
              ],
              [
                117.37687,
                3.64194
              ],
              [
                117.14089971,
                3.64224623
              ],
              [
                117.07444,
                3.63848
              ],
              [
                117.03503,
                3.61598
              ],
              [
                117.0231,
                3.59208
              ],
              [
                117.49506,
                3.54949
              ],
              [
                117.61994,
                3.49589
              ],
              [
                117.61646,
                3.47244
              ],
              [
                117.39763,
                3.46801
              ],
              [
                117.36028,
                3.44852
              ],
              [
                117.47342,
                3.11712
              ],
              [
                117.61569,
                2.98737
              ],
              [
                117.99783,
                2.36734
              ],
              [
                117.90304,
                2.13983
              ],
              [
                117.81613,
                2.01105
              ],
              [
                117.88952,
                1.84193
              ],
              [
                118.43093,
                1.3882
              ],
              [
                118.76054,
                1.16312
              ],
              [
                118.91837,
                1.06631
              ],
              [
                118.95849,
                1.05468
              ],
              [
                118.99387,
                0.99414
              ],
              [
                118.97059,
                0.93587
              ],
              [
                118.81684,
                0.81422
              ],
              [
                118.33661,
                0.82997
              ],
              [
                118.058,
                0.90904
              ],
              [
                117.99181,
                0.99695
              ],
              [
                117.97943,
                1.06335
              ],
              [
                117.88509,
                1.12195
              ],
              [
                117.87983,
                0.83068
              ],
              [
                117.75694,
                0.76596
              ],
              [
                117.71574,
                0.70863
              ],
              [
                117.52171,
                0.29136
              ],
              [
                117.4721,
                0.09773
              ],
              [
                117.49921,
                -0.53255
              ],
              [
                117.49139,
                -0.60892
              ],
              [
                117.44495,
                -0.67216
              ],
              [
                117.47616,
                -0.71915
              ],
              [
                117.53924,
                -0.73818
              ],
              [
                117.42968,
                -0.84906
              ],
              [
                117.28803,
                -0.75624
              ],
              [
                117.00775,
                -1.20398
              ],
              [
                116.90098,
                -1.27353
              ],
              [
                116.80765,
                -1.28018
              ],
              [
                116.80334,
                -1.20291
              ],
              [
                116.73076,
                -1.05632
              ],
              [
                116.72321,
                -1.06595
              ],
              [
                116.5406,
                -1.54886
              ],
              [
                116.36813,
                -1.77501
              ],
              [
                116.33701,
                -2.13417
              ],
              [
                116.38875,
                -2.21322
              ],
              [
                116.58526,
                -2.17301
              ],
              [
                116.6003,
                -2.19891
              ],
              [
                116.52568,
                -2.53866
              ],
              [
                116.20571,
                -2.93715
              ],
              [
                116.13462,
                -2.8423
              ],
              [
                116.08277,
                -3.00222
              ],
              [
                116.09554,
                -3.26568
              ],
              [
                116.01669,
                -3.42594
              ],
              [
                116.01109,
                -3.44348
              ],
              [
                115.95131,
                -3.61744
              ],
              [
                115.26556,
                -3.90174
              ],
              [
                114.68661,
                -4.18112
              ],
              [
                114.60059,
                -4.17133
              ],
              [
                114.59792,
                -3.91075
              ],
              [
                114.53394,
                -3.34518
              ],
              [
                114.50063,
                -3.37239
              ],
              [
                114.07632,
                -3.32645
              ],
              [
                113.87074,
                -3.43379
              ],
              [
                113.62106,
                -3.3856
              ],
              [
                113.44348,
                -3.19115
              ],
              [
                113.20044,
                -3.11127
              ],
              [
                112.97564,
                -3.15605
              ],
              [
                112.4911,
                -3.41676
              ],
              [
                112.04018,
                -3.45594
              ],
              [
                111.83337,
                -3.34864
              ],
              [
                111.82746,
                -3.0496
              ],
              [
                111.697,
                -2.82666
              ],
              [
                111.48144,
                -2.9647
              ],
              [
                110.93036,
                -3.09699
              ],
              [
                110.30073,
                -2.98735
              ],
              [
                110.22415,
                -2.87057
              ],
              [
                110.01121,
                -1.707
              ],
              [
                110.07451,
                -1.36433
              ],
              [
                109.92722,
                -1.12037
              ],
              [
                109.7662,
                -1.00471
              ],
              [
                109.42265,
                -0.89147
              ],
              [
                109.36566,
                -0.70997
              ],
              [
                109.55497,
                -0.75331
              ],
              [
                109.43584,
                -0.62483
              ],
              [
                109.37976,
                -0.59461
              ],
              [
                109.18224,
                -0.57949
              ],
              [
                109.07401,
                -0.2828
              ],
              [
                109.08304,
                -0.2109
              ],
              [
                109.12462,
                -0.16758
              ],
              [
                109.17385,
                0.04558
              ],
              [
                109.11179,
                0.21742
              ],
              [
                108.99892,
                0.30139
              ],
              [
                108.88006,
                0.7364
              ],
              [
                108.95157,
                1.2114
              ],
              [
                109.03993,
                1.42816
              ],
              [
                109.15241,
                1.60562
              ],
              [
                109.64156628,
                2.08005017
              ],
              [
                109.57830997,
                1.95042
              ],
              [
                109.6605725,
                1.6756012
              ],
              [
                109.83114269,
                1.45176746
              ],
              [
                110.26703,
                1.05067001
              ],
              [
                110.46175,
                0.89767
              ],
              [
                110.57191,
                0.85522
              ],
              [
                110.80441,
                0.9332
              ],
              [
                110.94492164,
                1.02819541
              ],
              [
                111.21504396,
                1.07543508
              ],
              [
                111.44712088,
                1.0142454
              ],
              [
                111.75180109,
                1.00663632
              ],
              [
                111.867925,
                1.03145
              ],
              [
                112.05352499,
                1.13015004
              ],
              [
                112.18282333,
                1.30628013
              ],
              [
                112.21741423,
                1.40000277
              ],
              [
                112.30365776,
                1.48811607
              ],
              [
                112.49507631,
                1.57809915
              ],
              [
                113.0401167,
                1.56290721
              ],
              [
                113.06863081,
                1.53205586
              ],
              [
                113.03801319,
                1.4832079
              ],
              [
                113.13173583,
                1.4056121
              ],
              [
                113.62208519,
                1.23686461
              ],
              [
                113.67817854,
                1.23476111
              ],
              [
                113.79527341,
                1.29903474
              ],
              [
                113.83009803,
                1.35162226
              ],
              [
                114.13557306,
                1.46661362
              ],
              [
                114.38752569,
                1.51499413
              ],
              [
                114.55276735,
                1.43225644
              ],
              [
                114.85169816,
                1.89385797
              ],
              [
                114.85987844,
                1.98010149
              ],
              [
                114.78871044,
                2.13627825
              ],
              [
                115.02862857,
                2.37103686
              ],
              [
                115.09793826,
                2.62316588
              ],
              [
                115.122704,
                2.84072605
              ],
              [
                115.17034366,
                2.93067386
              ],
              [
                115.2577117,
                3.0025633
              ],
              [
                115.38989969,
                2.98085412
              ],
              [
                115.51782609,
                3.0664908
              ],
              [
                115.58443239,
                3.46401414
              ],
              [
                115.57166859,
                3.67992351
              ],
              [
                115.59705084,
                3.8821945
              ],
              [
                115.68146159,
                4.15431587
              ],
              [
                115.86779488,
                4.37193427
              ],
              [
                117.21004952,
                4.34841031
              ],
              [
                117.2799903,
                4.33621431
              ],
              [
                117.42519,
                4.22005
              ],
              [
                117.58619835,
                4.17776148
              ],
              [
                117.49017,
                4.11098
              ],
              [
                117.48118,
                4.07603
              ],
              [
                117.71801,
                3.86073
              ]
            ]
          ],
          [
            [
              [
                122.9305191,
                -10.914958
              ],
              [
                122.85947418,
                -10.93330193
              ],
              [
                122.82102203,
                -10.89347267
              ],
              [
                122.81822968,
                -10.78017139
              ],
              [
                123.40283203,
                -10.47296047
              ],
              [
                123.35961151,
                -10.54724121
              ],
              [
                123.38046265,
                -10.59860325
              ],
              [
                123.36639404,
                -10.68564606
              ],
              [
                122.9305191,
                -10.914958
              ]
            ]
          ],
          [
            [
              [
                120.62674,
                -10.23925
              ],
              [
                120.42028,
                -10.29253
              ],
              [
                120.20754,
                -10.25167
              ],
              [
                119.87262,
                -9.94661
              ],
              [
                119.60904,
                -9.77791
              ],
              [
                119.18441,
                -9.74611
              ],
              [
                119.03662,
                -9.68027
              ],
              [
                118.93433,
                -9.55635
              ],
              [
                119.01913,
                -9.44273
              ],
              [
                119.2009,
                -9.37783
              ],
              [
                119.48956,
                -9.37091
              ],
              [
                119.92471,
                -9.29668
              ],
              [
                120.05862,
                -9.42993
              ],
              [
                120.58824,
                -9.76266
              ],
              [
                120.77726,
                -9.95445
              ],
              [
                120.82267,
                -10.01853
              ],
              [
                120.82444,
                -10.08361
              ],
              [
                120.73347,
                -10.17956
              ],
              [
                120.62674,
                -10.23925
              ]
            ]
          ],
          [
            [
              [
                125.087271,
                -9.462979
              ],
              [
                124.76693726,
                -9.84469604
              ],
              [
                124.41743469,
                -10.16003609
              ],
              [
                123.81234741,
                -10.34854126
              ],
              [
                123.48763275,
                -10.35492325
              ],
              [
                123.46923065,
                -10.32132149
              ],
              [
                123.50227356,
                -10.22188282
              ],
              [
                123.55265045,
                -10.168396
              ],
              [
                123.67790985,
                -9.67074299
              ],
              [
                123.73229217,
                -9.57215977
              ],
              [
                123.97377395,
                -9.36228514
              ],
              [
                124.043109,
                -9.33628
              ],
              [
                124.354408,
                -9.485113
              ],
              [
                124.476305,
                -9.174086
              ],
              [
                124.94918,
                -8.95819
              ],
              [
                125.087271,
                -9.462979
              ]
            ]
          ],
          [
            [
              [
                123.29109,
                -8.39219
              ],
              [
                122.99338,
                -8.41421
              ],
              [
                123.02921,
                -8.30948
              ],
              [
                123.1256,
                -8.24626
              ],
              [
                123.2252,
                -8.24497
              ],
              [
                123.32642,
                -8.27087
              ],
              [
                123.29109,
                -8.39219
              ]
            ]
          ],
          [
            [
              [
                123.86772,
                -8.2161
              ],
              [
                123.50991,
                -8.56756
              ],
              [
                123.22489,
                -8.55377
              ],
              [
                123.2076,
                -8.51377
              ],
              [
                123.35746,
                -8.30884
              ],
              [
                123.69497,
                -8.22336
              ],
              [
                123.86772,
                -8.2161
              ]
            ]
          ],
          [
            [
              [
                116.73041,
                -8.4015
              ],
              [
                116.55087,
                -8.8554
              ],
              [
                116.38586,
                -8.93842
              ],
              [
                116.17001,
                -8.90489
              ],
              [
                115.89439,
                -8.76027
              ],
              [
                115.94603,
                -8.77356
              ],
              [
                116.05585,
                -8.77249
              ],
              [
                116.07832,
                -8.74065
              ],
              [
                116.05954,
                -8.50498
              ],
              [
                116.07764,
                -8.4047
              ],
              [
                116.27055,
                -8.25073
              ],
              [
                116.38082,
                -8.21323
              ],
              [
                116.66278,
                -8.29407
              ],
              [
                116.7263,
                -8.35375
              ],
              [
                116.73041,
                -8.4015
              ]
            ]
          ],
          [
            [
              [
                124.29722,
                -8.30133
              ],
              [
                124.13417,
                -8.53779
              ],
              [
                124.05184,
                -8.54862
              ],
              [
                123.9101,
                -8.44974
              ],
              [
                123.97364,
                -8.33569
              ],
              [
                124.04646,
                -8.29468
              ],
              [
                124.10639,
                -8.37205
              ],
              [
                124.2722,
                -8.17695
              ],
              [
                124.31137,
                -8.20042
              ],
              [
                124.29722,
                -8.30133
              ]
            ]
          ],
          [
            [
              [
                124.52333,
                -8.12663
              ],
              [
                124.65308,
                -8.16957
              ],
              [
                125.06449,
                -8.14982
              ],
              [
                125.12196,
                -8.2159
              ],
              [
                125.1315,
                -8.32027
              ],
              [
                125.09806,
                -8.34593
              ],
              [
                124.59191,
                -8.42815
              ],
              [
                124.3632,
                -8.35705
              ],
              [
                124.38904,
                -8.23512
              ],
              [
                124.52333,
                -8.12663
              ]
            ]
          ],
          [
            [
              [
                118.4016,
                -8.30741
              ],
              [
                118.6752,
                -8.33923
              ],
              [
                118.76369,
                -8.31397
              ],
              [
                119.02414,
                -8.53407
              ],
              [
                119.04144,
                -8.65559
              ],
              [
                119.134,
                -8.63428
              ],
              [
                119.02414,
                -8.75333
              ],
              [
                118.7832,
                -8.82615
              ],
              [
                118.5124,
                -8.86836
              ],
              [
                118.38701,
                -8.76309
              ],
              [
                118.27291,
                -8.77249
              ],
              [
                117.99258,
                -8.87344
              ],
              [
                117.12547,
                -9.09255
              ],
              [
                116.99908,
                -9.09304
              ],
              [
                116.74364,
                -9.00261
              ],
              [
                116.74088,
                -8.89643
              ],
              [
                116.82066,
                -8.81347
              ],
              [
                116.78036,
                -8.72763
              ],
              [
                116.7877,
                -8.61656
              ],
              [
                116.84096,
                -8.54993
              ],
              [
                117.18061,
                -8.37057
              ],
              [
                117.44342,
                -8.41634
              ],
              [
                117.62577,
                -8.54599
              ],
              [
                117.80828,
                -8.73
              ],
              [
                118.26003,
                -8.66235
              ],
              [
                118.28721986,
                -8.6247397
              ],
              [
                118.23684,
                -8.55856
              ],
              [
                117.92712,
                -8.44426
              ],
              [
                117.7003,
                -8.23196
              ],
              [
                117.73662,
                -8.14402
              ],
              [
                117.89657,
                -8.09545
              ],
              [
                117.99608,
                -8.10246
              ],
              [
                118.4016,
                -8.30741
              ]
            ]
          ],
          [
            [
              [
                122.91747,
                -8.11079
              ],
              [
                123.00636,
                -8.28131
              ],
              [
                122.87676,
                -8.40487
              ],
              [
                122.77826,
                -8.42837
              ],
              [
                122.77477,
                -8.61033
              ],
              [
                122.40592,
                -8.73876
              ],
              [
                121.96497,
                -8.82425
              ],
              [
                121.62603,
                -8.84104
              ],
              [
                121.0782,
                -8.93605
              ],
              [
                120.89797,
                -8.91868
              ],
              [
                120.60677,
                -8.8124
              ],
              [
                120.18349,
                -8.78055
              ],
              [
                119.92516,
                -8.84922
              ],
              [
                119.80647,
                -8.76716
              ],
              [
                119.8062,
                -8.60121
              ],
              [
                119.87983,
                -8.48074
              ],
              [
                120.0244,
                -8.43351
              ],
              [
                120.19362,
                -8.33125
              ],
              [
                120.26662,
                -8.27872
              ],
              [
                120.41914,
                -8.26468
              ],
              [
                120.9756,
                -8.38496
              ],
              [
                121.33769,
                -8.56466
              ],
              [
                121.92582,
                -8.49426
              ],
              [
                122.17414,
                -8.58539
              ],
              [
                122.49976,
                -8.54955
              ],
              [
                122.88654,
                -8.26105
              ],
              [
                122.91429,
                -8.20531
              ],
              [
                122.88533,
                -8.17927
              ],
              [
                122.80663,
                -8.19434
              ],
              [
                122.7858,
                -8.2233
              ],
              [
                122.72783,
                -8.21315
              ],
              [
                122.79083,
                -8.09872
              ],
              [
                122.87048,
                -8.07587
              ],
              [
                122.91747,
                -8.11079
              ]
            ]
          ],
          [
            [
              [
                115.36428,
                -8.12722
              ],
              [
                115.55225,
                -8.2283
              ],
              [
                115.70564,
                -8.35744
              ],
              [
                115.71808,
                -8.40035
              ],
              [
                115.61854,
                -8.49935
              ],
              [
                115.14526,
                -8.67671
              ],
              [
                114.65106,
                -8.40634
              ],
              [
                114.59402,
                -8.40499
              ],
              [
                114.43074,
                -8.17966
              ],
              [
                114.44987,
                -8.09377
              ],
              [
                114.83221,
                -8.19389
              ],
              [
                114.98309,
                -8.17965
              ],
              [
                115.17516,
                -8.05955
              ],
              [
                115.36428,
                -8.12722
              ]
            ]
          ],
          [
            [
              [
                129.78039092,
                -8.05078997
              ],
              [
                129.71583093,
                -8.05490998
              ],
              [
                129.58276,
                -7.90171
              ],
              [
                129.58731,
                -7.82595
              ],
              [
                129.67345,
                -7.78526
              ],
              [
                129.80308081,
                -7.81189026
              ],
              [
                129.85336,
                -7.84316
              ],
              [
                129.85773,
                -7.89685
              ],
              [
                129.78039092,
                -8.05078997
              ]
            ]
          ],
          [
            [
              [
                126.71557,
                -7.65672
              ],
              [
                126.73147,
                -7.74878
              ],
              [
                126.4388,
                -7.9438
              ],
              [
                126.14795,
                -7.89678
              ],
              [
                125.7889,
                -7.98981
              ],
              [
                125.83069,
                -7.83425
              ],
              [
                125.92927,
                -7.69617
              ],
              [
                125.99899,
                -7.67397
              ],
              [
                126.1837,
                -7.72304
              ],
              [
                126.63804,
                -7.56762
              ],
              [
                126.71557,
                -7.65672
              ]
            ]
          ],
          [
            [
              [
                138.27901,
                -8.40205
              ],
              [
                137.63888931,
                -8.42334019
              ],
              [
                137.76314,
                -8.10325
              ],
              [
                137.90124085,
                -7.86294997
              ],
              [
                138.08812,
                -7.59436
              ],
              [
                138.2258,
                -7.48672
              ],
              [
                138.40149,
                -7.41456
              ],
              [
                138.64856,
                -7.3773
              ],
              [
                138.70949,
                -7.37957
              ],
              [
                138.89363,
                -7.47319
              ],
              [
                138.99989,
                -7.55758
              ],
              [
                139.06152,
                -7.65169
              ],
              [
                139.0278,
                -7.79443
              ],
              [
                138.74133,
                -8.14308
              ],
              [
                138.52823,
                -8.32865
              ],
              [
                138.27901,
                -8.40205
              ]
            ]
          ],
          [
            [
              [
                131.6268,
                -7.6378
              ],
              [
                131.28976907,
                -7.98952001
              ],
              [
                131.10933,
                -7.98795
              ],
              [
                131.08594,
                -7.87813
              ],
              [
                131.1895,
                -7.59683
              ],
              [
                131.44243,
                -7.31184
              ],
              [
                131.5244,
                -7.17908
              ],
              [
                131.65994,
                -7.12592
              ],
              [
                131.68677,
                -7.2227
              ],
              [
                131.67897,
                -7.42037
              ],
              [
                131.6268,
                -7.6378
              ]
            ]
          ],
          [
            [
              [
                114.12225,
                -6.98116
              ],
              [
                113.50745,
                -7.23292
              ],
              [
                113.27032,
                -7.21936
              ],
              [
                113.13976,
                -7.18448
              ],
              [
                113.09396753,
                -7.13115885
              ],
              [
                113.077,
                -7.16976
              ],
              [
                113.10463,
                -7.20418
              ],
              [
                112.98145,
                -7.20609
              ],
              [
                112.69994,
                -7.14674
              ],
              [
                112.70924,
                -7.04188
              ],
              [
                112.86536,
                -6.89128
              ],
              [
                113.98734,
                -6.87797
              ],
              [
                114.10666,
                -6.93708
              ],
              [
                114.12225,
                -6.98116
              ]
            ]
          ],
          [
            [
              [
                134.44414,
                -6.43209
              ],
              [
                134.51511,
                -6.60352
              ],
              [
                134.35176,
                -6.80213
              ],
              [
                134.19659034,
                -6.91916034
              ],
              [
                134.0957,
                -6.83919
              ],
              [
                134.05067034,
                -6.75787953
              ],
              [
                134.11378913,
                -6.44278
              ],
              [
                134.17599915,
                -6.49357998
              ],
              [
                134.23187,
                -6.6027
              ],
              [
                134.19484,
                -6.44557
              ],
              [
                134.1125,
                -6.37793
              ],
              [
                134.11693,
                -6.23378
              ],
              [
                134.14761,
                -6.19013
              ],
              [
                134.17775,
                -6.21017
              ],
              [
                134.31451048,
                -6.37707032
              ],
              [
                134.44414,
                -6.43209
              ]
            ]
          ],
          [
            [
              [
                134.72313,
                -6.29046
              ],
              [
                134.6176793,
                -6.35627998
              ],
              [
                134.56514,
                -6.34987
              ],
              [
                134.4404709,
                -6.26074007
              ],
              [
                134.35435931,
                -6.03807036
              ],
              [
                134.59749,
                -5.94651
              ],
              [
                134.65533926,
                -5.94560976
              ],
              [
                134.77588,
                -6.09127
              ],
              [
                134.72313,
                -6.29046
              ]
            ]
          ],
          [
            [
              [
                107.2633,
                -5.95886
              ],
              [
                107.62881,
                -6.23557
              ],
              [
                108.19338,
                -6.29501
              ],
              [
                108.20925,
                -6.24576
              ],
              [
                108.29513,
                -6.24266
              ],
              [
                108.47884,
                -6.45263
              ],
              [
                108.59555,
                -6.76233
              ],
              [
                108.70322,
                -6.81468
              ],
              [
                109.44483,
                -6.83346
              ],
              [
                110.08468,
                -6.89397
              ],
              [
                110.37131,
                -6.97355
              ],
              [
                110.48373,
                -6.92673
              ],
              [
                110.58972,
                -6.77274
              ],
              [
                110.71589,
                -6.44784
              ],
              [
                110.91231,
                -6.39727
              ],
              [
                111.03542,
                -6.4379
              ],
              [
                111.35616,
                -6.70423
              ],
              [
                112.53253504,
                -6.87487982
              ],
              [
                112.60836539,
                -6.92127016
              ],
              [
                112.71038,
                -7.22141
              ],
              [
                112.76836,
                -7.41503
              ],
              [
                112.74287,
                -7.43668
              ],
              [
                112.74795,
                -7.53111
              ],
              [
                112.88943,
                -7.61673
              ],
              [
                113.27024,
                -7.77611
              ],
              [
                113.97802,
                -7.64773
              ],
              [
                114.43792,
                -7.79066
              ],
              [
                114.46413,
                -7.8358
              ],
              [
                114.34048,
                -8.43302
              ],
              [
                114.35364,
                -8.51506
              ],
              [
                114.49621,
                -8.63618
              ],
              [
                114.36609,
                -8.72533
              ],
              [
                113.99498,
                -8.60935
              ],
              [
                113.34071,
                -8.3283
              ],
              [
                112.96601,
                -8.33479
              ],
              [
                112.86151,
                -8.40244
              ],
              [
                112.61613,
                -8.42664
              ],
              [
                112.22402,
                -8.33574
              ],
              [
                111.84502,
                -8.27819
              ],
              [
                111.064,
                -8.25406
              ],
              [
                110.46391,
                -8.10866
              ],
              [
                109.90427,
                -7.84723
              ],
              [
                109.35538,
                -7.71286
              ],
              [
                108.8688,
                -7.64115
              ],
              [
                108.63741,
                -7.68496
              ],
              [
                108.50002,
                -7.74527
              ],
              [
                108.49215,
                -7.78662
              ],
              [
                108.44118,
                -7.81416
              ],
              [
                108.31957,
                -7.80919
              ],
              [
                107.8347,
                -7.71448
              ],
              [
                107.4693,
                -7.51946
              ],
              [
                107.07476,
                -7.45116
              ],
              [
                106.57914,
                -7.41763
              ],
              [
                106.41193,
                -7.36952
              ],
              [
                106.37514,
                -7.27957
              ],
              [
                106.41446,
                -6.9632
              ],
              [
                105.90389,
                -6.81348
              ],
              [
                105.53678,
                -6.86935
              ],
              [
                105.27522,
                -6.82497
              ],
              [
                105.25745,
                -6.7588
              ],
              [
                105.29375,
                -6.71536
              ],
              [
                105.43324,
                -6.80986
              ],
              [
                105.48494,
                -6.79633
              ],
              [
                105.6851,
                -6.52245
              ],
              [
                105.91897392,
                -6.04281824
              ],
              [
                106.10521,
                -5.95159
              ],
              [
                106.22845,
                -5.99576
              ],
              [
                106.70982,
                -6.0579
              ],
              [
                107.03455,
                -6.04107
              ],
              [
                107.00353,
                -6.00443
              ],
              [
                107.02202,
                -5.91357
              ],
              [
                107.2633,
                -5.95886
              ]
            ]
          ],
          [
            [
              [
                120.55977,
                -6.07049
              ],
              [
                120.47761,
                -6.4991
              ],
              [
                120.43832,
                -6.17129
              ],
              [
                120.44673,
                -5.85803
              ],
              [
                120.48384,
                -5.76993
              ],
              [
                120.51132,
                -5.84118
              ],
              [
                120.55977,
                -6.07049
              ]
            ]
          ],
          [
            [
              [
                134.61442094,
                -5.71937998
              ],
              [
                134.66325,
                -5.9328
              ],
              [
                134.52017,
                -5.91343
              ],
              [
                134.44662931,
                -5.98251067
              ],
              [
                134.29881,
                -5.89843
              ],
              [
                134.31651,
                -5.75535
              ],
              [
                134.42226,
                -5.59146
              ],
              [
                134.47502,
                -5.55671
              ],
              [
                134.61442094,
                -5.71937998
              ]
            ]
          ],
          [
            [
              [
                132.93033,
                -5.88458
              ],
              [
                132.84122,
                -5.99768
              ],
              [
                132.93516923,
                -5.70861001
              ],
              [
                133.02048,
                -5.60751
              ],
              [
                133.11993015,
                -5.28893971
              ],
              [
                133.16635,
                -5.27906
              ],
              [
                133.19946,
                -5.31805
              ],
              [
                133.14792,
                -5.47721
              ],
              [
                132.93033,
                -5.88458
              ]
            ]
          ],
          [
            [
              [
                122.04192,
                -5.37997
              ],
              [
                122.0288,
                -5.47213
              ],
              [
                121.94439,
                -5.46909
              ],
              [
                121.8055,
                -5.28286
              ],
              [
                121.82015,
                -5.16886
              ],
              [
                121.93542,
                -5.10261
              ],
              [
                121.97949,
                -5.09575
              ],
              [
                122.07533,
                -5.22789
              ],
              [
                122.04945,
                -5.31435
              ],
              [
                122.04192,
                -5.37997
              ]
            ]
          ],
          [
            [
              [
                122.62043,
                -5.24607
              ],
              [
                122.51849,
                -5.40655
              ],
              [
                122.28276,
                -5.38871
              ],
              [
                122.26894,
                -5.30858
              ],
              [
                122.35577,
                -4.92513
              ],
              [
                122.45116,
                -4.73746
              ],
              [
                122.67001,
                -4.60356
              ],
              [
                122.6993,
                -4.61222
              ],
              [
                122.74109,
                -4.64441
              ],
              [
                122.75974,
                -4.87825
              ],
              [
                122.74905,
                -4.95733
              ],
              [
                122.62043,
                -5.24607
              ]
            ]
          ],
          [
            [
              [
                123.18775,
                -4.65849
              ],
              [
                123.16552,
                -4.77043
              ],
              [
                123.11288,
                -4.69336
              ],
              [
                123.03179,
                -4.73646
              ],
              [
                122.9481952,
                -5.14801375
              ],
              [
                122.98154,
                -5.17424
              ],
              [
                123.07377,
                -5.16386
              ],
              [
                123.22168,
                -5.28345
              ],
              [
                122.81951,
                -5.68669
              ],
              [
                122.65474,
                -5.70326
              ],
              [
                122.56235,
                -5.49464
              ],
              [
                122.58266,
                -5.4676
              ],
              [
                122.60957,
                -5.45532
              ],
              [
                122.64969,
                -5.41275
              ],
              [
                122.75438,
                -5.2456
              ],
              [
                122.84551,
                -4.82
              ],
              [
                122.83608,
                -4.67387
              ],
              [
                122.86818,
                -4.5185
              ],
              [
                122.98766,
                -4.39253
              ],
              [
                123.076,
                -4.36096
              ],
              [
                123.19115,
                -4.61295
              ],
              [
                123.18775,
                -4.65849
              ]
            ]
          ],
          [
            [
              [
                123.25273,
                -4.11372
              ],
              [
                123.14314,
                -4.24784
              ],
              [
                123.05887,
                -4.24101
              ],
              [
                122.95692,
                -4.13791
              ],
              [
                122.94559,
                -4.05502
              ],
              [
                123.01119,
                -3.97918
              ],
              [
                123.18055,
                -4.00641
              ],
              [
                123.25409,
                -4.05851
              ],
              [
                123.25273,
                -4.11372
              ]
            ]
          ],
          [
            [
              [
                128.20656,
                -3.75213
              ],
              [
                127.92912,
                -3.77854
              ],
              [
                127.90836,
                -3.69206
              ],
              [
                128.00436053,
                -3.60563972
              ],
              [
                128.28226,
                -3.49707
              ],
              [
                128.32303,
                -3.50827
              ],
              [
                128.34596,
                -3.63592
              ],
              [
                128.20656,
                -3.75213
              ]
            ]
          ],
          [
            [
              [
                116.25929,
                -3.92656
              ],
              [
                116.09274,
                -4.0607
              ],
              [
                116.04768,
                -4.03611
              ],
              [
                116.04317,
                -3.52018
              ],
              [
                116.1493,
                -3.29734
              ],
              [
                116.27191,
                -3.22105
              ],
              [
                116.29601,
                -3.60192
              ],
              [
                116.25929,
                -3.92656
              ]
            ]
          ],
          [
            [
              [
                127.21857,
                -3.66758
              ],
              [
                126.75893,
                -3.8301
              ],
              [
                126.66689,
                -3.82917
              ],
              [
                126.19553,
                -3.62024
              ],
              [
                126.04616,
                -3.43604
              ],
              [
                126.00708,
                -3.35019
              ],
              [
                126.01107,
                -3.18753
              ],
              [
                126.08913,
                -3.10294
              ],
              [
                126.68827,
                -3.05473
              ],
              [
                126.80608,
                -3.06326
              ],
              [
                127.01499,
                -3.15435
              ],
              [
                127.25975,
                -3.3703
              ],
              [
                127.25421,
                -3.58473
              ],
              [
                127.21857,
                -3.66758
              ]
            ]
          ],
          [
            [
              [
                100.46407,
                -3.12716
              ],
              [
                100.39097,
                -3.20718
              ],
              [
                100.18829,
                -2.95072
              ],
              [
                100.18237,
                -2.85821
              ],
              [
                100.25926,
                -2.8288
              ],
              [
                100.44325,
                -3.00755
              ],
              [
                100.46407,
                -3.12716
              ]
            ]
          ],
          [
            [
              [
                129.59692898,
                -2.81501012
              ],
              [
                130.01346,
                -2.99938
              ],
              [
                130.23515,
                -2.98381
              ],
              [
                130.59152,
                -3.14486
              ],
              [
                130.86204949,
                -3.55701962
              ],
              [
                130.83681,
                -3.85281
              ],
              [
                130.61188,
                -3.79221
              ],
              [
                129.88809,
                -3.33368
              ],
              [
                129.58937,
                -3.30851
              ],
              [
                129.33665073,
                -3.41353981
              ],
              [
                129.16167,
                -3.37173
              ],
              [
                128.96411,
                -3.27379
              ],
              [
                128.62715,
                -3.43385
              ],
              [
                128.45589,
                -3.45556
              ],
              [
                128.40202,
                -3.42391
              ],
              [
                128.19316,
                -3.1199
              ],
              [
                128.05594,
                -3.26989
              ],
              [
                127.91198,
                -3.55397
              ],
              [
                127.84138,
                -3.1694
              ],
              [
                127.96915,
                -3.09953
              ],
              [
                128.09930904,
                -2.97419004
              ],
              [
                128.16542,
                -2.86366
              ],
              [
                129.59692898,
                -2.81501012
              ]
            ]
          ],
          [
            [
              [
                108.28786,
                -2.88359
              ],
              [
                107.96366,
                -3.19614
              ],
              [
                107.84725186,
                -3.05969569
              ],
              [
                107.80912,
                -3.08539
              ],
              [
                107.83971,
                -3.12024
              ],
              [
                107.82248,
                -3.16378
              ],
              [
                107.64848,
                -3.22951
              ],
              [
                107.60225,
                -3.17584
              ],
              [
                107.56254,
                -2.89718
              ],
              [
                107.59683,
                -2.82437
              ],
              [
                107.63489,
                -2.59791
              ],
              [
                107.80834,
                -2.53585
              ],
              [
                107.89282,
                -2.57876
              ],
              [
                108.1195,
                -2.64462
              ],
              [
                108.18698,
                -2.69172
              ],
              [
                108.2569,
                -2.76963
              ],
              [
                108.28786,
                -2.88359
              ]
            ]
          ],
          [
            [
              [
                100.10809,
                -2.83916
              ],
              [
                99.99478,
                -2.8408
              ],
              [
                99.96081,
                -2.56988
              ],
              [
                99.96295,
                -2.51308
              ],
              [
                99.98908,
                -2.50496
              ],
              [
                100.16312,
                -2.64626
              ],
              [
                100.21368,
                -2.78087
              ],
              [
                100.10809,
                -2.83916
              ]
            ]
          ],
          [
            [
              [
                99.69498,
                -2.09291
              ],
              [
                99.80704,
                -2.37001
              ],
              [
                99.58965,
                -2.26884
              ],
              [
                99.54649,
                -2.2189
              ],
              [
                99.51826,
                -2.16145
              ],
              [
                99.57661,
                -2.03996
              ],
              [
                99.61511,
                -2.03106
              ],
              [
                99.69498,
                -2.09291
              ]
            ]
          ],
          [
            [
              [
                126.02807,
                -2.3348
              ],
              [
                125.94485,
                -2.37289
              ],
              [
                125.85229,
                -2.07657
              ],
              [
                125.90996,
                -1.97063
              ],
              [
                125.99011,
                -2.01648
              ],
              [
                126.02807,
                -2.3348
              ]
            ]
          ],
          [
            [
              [
                126.24651,
                -1.87552
              ],
              [
                125.56023,
                -1.93244
              ],
              [
                125.43852,
                -1.90028
              ],
              [
                125.41274,
                -1.87586
              ],
              [
                125.42562,
                -1.80943
              ],
              [
                126.35,
                -1.81696
              ],
              [
                126.24651,
                -1.87552
              ]
            ]
          ],
          [
            [
              [
                130.26733,
                -2.03045
              ],
              [
                130.10725015,
                -2.04859028
              ],
              [
                129.96545044,
                -2.01579967
              ],
              [
                129.8378,
                -1.97074
              ],
              [
                129.7127288,
                -1.88426999
              ],
              [
                130.00477948,
                -1.74961028
              ],
              [
                130.20911,
                -1.73017
              ],
              [
                130.24988,
                -1.71605
              ],
              [
                130.32898,
                -1.67241
              ],
              [
                130.43728106,
                -1.83059
              ],
              [
                130.42599081,
                -1.9555
              ],
              [
                130.26733,
                -2.03045
              ]
            ]
          ],
          [
            [
              [
                124.62395,
                -1.98492
              ],
              [
                124.40819,
                -2.02179
              ],
              [
                124.33361,
                -1.88612
              ],
              [
                124.364,
                -1.70963
              ],
              [
                124.40775,
                -1.66056
              ],
              [
                124.5222,
                -1.64274
              ],
              [
                124.65878,
                -1.63966
              ],
              [
                125.29301,
                -1.74458
              ],
              [
                125.32227,
                -1.87937
              ],
              [
                124.86948,
                -1.90139
              ],
              [
                124.62395,
                -1.98492
              ]
            ]
          ],
          [
            [
              [
                136.63466,
                -1.86984
              ],
              [
                136.22122,
                -1.87559
              ],
              [
                135.98382095,
                -1.81539
              ],
              [
                135.93294,
                -1.7725
              ],
              [
                135.76771949,
                -1.71962035
              ],
              [
                135.47758081,
                -1.66858001
              ],
              [
                135.44171,
                -1.60553
              ],
              [
                135.48831,
                -1.60173
              ],
              [
                136.7215,
                -1.73073
              ],
              [
                136.90686,
                -1.78997
              ],
              [
                136.63466,
                -1.86984
              ]
            ]
          ],
          [
            [
              [
                105.95976,
                -1.55328
              ],
              [
                106.14252,
                -1.87001
              ],
              [
                106.15874,
                -2.10083
              ],
              [
                106.23399,
                -2.33365
              ],
              [
                106.32896,
                -2.45536
              ],
              [
                106.67888,
                -2.67956
              ],
              [
                106.58497,
                -2.92704
              ],
              [
                106.59995,
                -2.96059
              ],
              [
                106.6993,
                -3.00592
              ],
              [
                106.40813,
                -2.97088
              ],
              [
                105.94955,
                -2.80282
              ],
              [
                105.88705,
                -2.64788
              ],
              [
                105.89794,
                -2.5929
              ],
              [
                105.78543,
                -2.1784
              ],
              [
                105.75544,
                -2.1513
              ],
              [
                105.45649,
                -2.1148
              ],
              [
                105.29232,
                -2.14367
              ],
              [
                105.12428,
                -2.07529
              ],
              [
                105.13485,
                -1.95934
              ],
              [
                105.35313,
                -1.65621
              ],
              [
                105.4689,
                -1.56395
              ],
              [
                105.55801,
                -1.54364
              ],
              [
                105.68659,
                -1.65454
              ],
              [
                105.71674,
                -1.59023
              ],
              [
                105.90369,
                -1.50486
              ],
              [
                105.95976,
                -1.55328
              ]
            ]
          ],
          [
            [
              [
                127.98627,
                -1.511
              ],
              [
                128.06882,
                -1.58237
              ],
              [
                128.09462,
                -1.5782
              ],
              [
                127.99004,
                -1.71284
              ],
              [
                127.48945,
                -1.73224
              ],
              [
                127.39003,
                -1.66817
              ],
              [
                127.37905,
                -1.63277
              ],
              [
                127.42905,
                -1.42492
              ],
              [
                127.64171,
                -1.33602
              ],
              [
                127.98627,
                -1.511
              ]
            ]
          ],
          [
            [
              [
                123.19096,
                -1.27213
              ],
              [
                123.18559,
                -1.32517
              ],
              [
                123.2393,
                -1.39899
              ],
              [
                123.37309,
                -1.22075
              ],
              [
                123.54749,
                -1.27664
              ],
              [
                123.52643,
                -1.41998
              ],
              [
                123.45438,
                -1.51669
              ],
              [
                123.11716,
                -1.56603
              ],
              [
                123.17497,
                -1.47612
              ],
              [
                123.1461,
                -1.30181
              ],
              [
                122.92201,
                -1.59821
              ],
              [
                122.85424,
                -1.58731
              ],
              [
                122.78749,
                -1.45204
              ],
              [
                122.82751,
                -1.28444
              ],
              [
                122.90121,
                -1.18758
              ],
              [
                123.12738,
                -1.19301
              ],
              [
                123.19096,
                -1.27213
              ]
            ]
          ],
          [
            [
              [
                109.77563,
                -1.15121
              ],
              [
                109.50833,
                -1.30347
              ],
              [
                109.41617,
                -1.25201
              ],
              [
                109.44095,
                -1.01864
              ],
              [
                109.47729,
                -0.97664
              ],
              [
                109.69455,
                -0.99334
              ],
              [
                109.75615,
                -1.00401
              ],
              [
                109.77563,
                -1.15121
              ]
            ]
          ],
          [
            [
              [
                99.22148,
                -1.79366
              ],
              [
                99.10451,
                -1.81769
              ],
              [
                98.87607,
                -1.69514
              ],
              [
                98.59545,
                -1.24047
              ],
              [
                98.6495,
                -1.06118
              ],
              [
                98.71324,
                -0.96171
              ],
              [
                98.93185,
                -1.02612
              ],
              [
                98.93708,
                -1.09064
              ],
              [
                99.10111,
                -1.3963
              ],
              [
                99.27486,
                -1.66896
              ],
              [
                99.26381,
                -1.75303
              ],
              [
                99.22148,
                -1.79366
              ]
            ]
          ],
          [
            [
              [
                131.03505,
                -1.20017
              ],
              [
                130.96655,
                -1.36646
              ],
              [
                130.8746607,
                -1.34438988
              ],
              [
                130.7784,
                -1.26717
              ],
              [
                130.66255,
                -1.01222
              ],
              [
                130.67665,
                -0.95902
              ],
              [
                130.90977062,
                -0.90182967
              ],
              [
                131.02327,
                -0.92171
              ],
              [
                131.03505,
                -1.20017
              ]
            ]
          ],
          [
            [
              [
                135.9151,
                -0.75804
              ],
              [
                136.38573,
                -1.10423
              ],
              [
                136.3095592,
                -1.16702014
              ],
              [
                136.15103,
                -1.2165
              ],
              [
                135.9202301,
                -1.1889759
              ],
              [
                135.825,
                -1.1169
              ],
              [
                135.71974,
                -0.8107
              ],
              [
                135.54912,
                -0.88341
              ],
              [
                135.40369,
                -0.72892
              ],
              [
                135.37291,
                -0.63805
              ],
              [
                135.53934,
                -0.67085
              ],
              [
                135.9151,
                -0.75804
              ]
            ]
          ],
          [
            [
              [
                134.27864,
                -1.3529
              ],
              [
                134.11967911,
                -1.7967
              ],
              [
                134.13948,
                -2.15733
              ],
              [
                134.21655,
                -2.39499
              ],
              [
                134.41557,
                -2.73956
              ],
              [
                134.48968074,
                -2.65068029
              ],
              [
                134.66821,
                -2.62342
              ],
              [
                134.76802,
                -2.99403
              ],
              [
                134.88046,
                -3.24786
              ],
              [
                135.01117,
                -3.33106
              ],
              [
                135.18506,
                -3.36325
              ],
              [
                135.50709081,
                -3.35021916
              ],
              [
                136.3260393,
                -2.39361038
              ],
              [
                136.53262,
                -2.23154
              ],
              [
                136.90626921,
                -2.17662997
              ],
              [
                137.26184,
                -2.06396
              ],
              [
                137.27687,
                -1.92988
              ],
              [
                137.2336,
                -1.75445
              ],
              [
                137.79191964,
                -1.47656034
              ],
              [
                137.89992,
                -1.47175
              ],
              [
                139.77293064,
                -2.36091012
              ],
              [
                140.02295,
                -2.35862
              ],
              [
                140.53412,
                -2.43065
              ],
              [
                140.74504,
                -2.50724
              ],
              [
                140.75966,
                -2.53785
              ],
              [
                140.73794926,
                -2.52587001
              ],
              [
                140.69516,
                -2.6158
              ],
              [
                140.73172,
                -2.63953
              ],
              [
                141,
                -2.60425815
              ],
              [
                141,
                -6.32240051
              ],
              [
                140.91151491,
                -6.5737256
              ],
              [
                140.84178929,
                -6.61056418
              ],
              [
                140.99857632,
                -6.89214349
              ],
              [
                141.01944435,
                -7.00914896
              ],
              [
                141.019444,
                -9.12694444
              ],
              [
                140.8586,
                -9.02998
              ],
              [
                140.2334,
                -8.3839
              ],
              [
                140.01514,
                -8.0797
              ],
              [
                140.06502,
                -8.02135
              ],
              [
                140.05391,
                -7.8916
              ],
              [
                139.82709,
                -8.11516
              ],
              [
                139.02881,
                -8.17546
              ],
              [
                138.9048,
                -8.0704
              ],
              [
                139.12662,
                -7.5945
              ],
              [
                138.79503,
                -7.29507
              ],
              [
                138.97661,
                -7.22349
              ],
              [
                139.57724,
                -7.25216
              ],
              [
                139.66914,
                -7.27971
              ],
              [
                139.67378,
                -7.27808
              ],
              [
                139.65211914,
                -7.16157001
              ],
              [
                139.63168,
                -7.14015
              ],
              [
                139.08124,
                -7.20541
              ],
              [
                138.76103,
                -7.12011
              ],
              [
                138.54870986,
                -6.95369974
              ],
              [
                138.54516934,
                -6.91163002
              ],
              [
                138.57211,
                -6.89104
              ],
              [
                138.75549,
                -6.88821
              ],
              [
                138.93692,
                -6.84349
              ],
              [
                138.93519986,
                -6.79498973
              ],
              [
                138.64128,
                -6.58118
              ],
              [
                138.39726,
                -6.32417
              ],
              [
                138.24219,
                -5.68327
              ],
              [
                137.77806,
                -5.26998
              ],
              [
                137.56828,
                -5.14729
              ],
              [
                137.60142066,
                -5.01764037
              ],
              [
                137.696,
                -4.98451
              ],
              [
                137.6386511,
                -4.89666998
              ],
              [
                137.51491,
                -4.97975
              ],
              [
                137.36938945,
                -4.96524042
              ],
              [
                137.38966,
                -4.89009
              ],
              [
                137.30545,
                -4.96124
              ],
              [
                137.18518,
                -4.99008
              ],
              [
                137.07616,
                -4.92139
              ],
              [
                137.09247,
                -4.86763
              ],
              [
                137.05836082,
                -4.80946004
              ],
              [
                137.05044926,
                -4.83427
              ],
              [
                136.81091,
                -4.83434
              ],
              [
                136.77574,
                -4.81112
              ],
              [
                136.46805,
                -4.70254
              ],
              [
                135.82936,
                -4.48025
              ],
              [
                135.35110912,
                -4.42758998
              ],
              [
                134.80223,
                -4.23783
              ],
              [
                134.7352,
                -4.19602
              ],
              [
                134.64557,
                -4.08009
              ],
              [
                134.66270908,
                -3.97660999
              ],
              [
                134.78122,
                -3.94864
              ],
              [
                134.86111054,
                -3.98016967
              ],
              [
                134.93799,
                -3.97193
              ],
              [
                134.94279932,
                -3.92075035
              ],
              [
                134.32844079,
                -3.94248031
              ],
              [
                134.19677122,
                -3.83313998
              ],
              [
                133.88759,
                -3.66211
              ],
              [
                133.79465,
                -3.68955
              ],
              [
                133.71542,
                -3.61539
              ],
              [
                133.64719,
                -3.49161
              ],
              [
                133.67674,
                -3.2332
              ],
              [
                133.71216,
                -3.16173
              ],
              [
                133.89776961,
                -3.07415969
              ],
              [
                133.8575,
                -2.91776
              ],
              [
                133.66777,
                -3.11137
              ],
              [
                133.46850956,
                -3.43671966
              ],
              [
                133.40690954,
                -3.90817998
              ],
              [
                133.26007,
                -4.05841
              ],
              [
                133.00491,
                -4.10922
              ],
              [
                132.89967,
                -4.08679
              ],
              [
                132.81241,
                -3.93811
              ],
              [
                132.72362,
                -3.64009
              ],
              [
                132.80279082,
                -3.63722025
              ],
              [
                132.87921,
                -3.48227
              ],
              [
                132.81671,
                -3.32881
              ],
              [
                132.33418,
                -2.95211
              ],
              [
                132.21236,
                -2.93176
              ],
              [
                132.10957,
                -2.95106
              ],
              [
                132.02034,
                -2.91206
              ],
              [
                131.9978991,
                -2.88623021
              ],
              [
                132.03551,
                -2.75139
              ],
              [
                132.12744,
                -2.68547
              ],
              [
                132.30025,
                -2.67652
              ],
              [
                132.473231,
                -2.69511988
              ],
              [
                132.65132,
                -2.78083
              ],
              [
                132.9542502,
                -2.59550969
              ],
              [
                133.32532,
                -2.4575
              ],
              [
                133.38656949,
                -2.50688975
              ],
              [
                133.67596906,
                -2.68387001
              ],
              [
                133.80553,
                -2.64022
              ],
              [
                134.0289,
                -2.4599
              ],
              [
                134.06314,
                -2.37475
              ],
              [
                134.06618,
                -2.35048
              ],
              [
                133.96921,
                -2.05977
              ],
              [
                133.50386,
                -2.23102
              ],
              [
                132.38244076,
                -2.27319954
              ],
              [
                131.97230049,
                -1.97461021
              ],
              [
                131.88046,
                -1.65604
              ],
              [
                131.73315949,
                -1.43853978
              ],
              [
                131.68753,
                -1.40778
              ],
              [
                131.6257,
                -1.41297
              ],
              [
                131.51973,
                -1.48255
              ],
              [
                131.18582,
                -1.50715
              ],
              [
                130.93129,
                -1.43146
              ],
              [
                131.00525,
                -1.38603
              ],
              [
                131.17987,
                -1.21825
              ],
              [
                131.24643,
                -1.08392
              ],
              [
                131.27609,
                -0.9229
              ],
              [
                132.16165,
                -0.4258
              ],
              [
                132.38081,
                -0.36233
              ],
              [
                132.7108,
                -0.36921
              ],
              [
                133.0775,
                -0.50946
              ],
              [
                133.27328082,
                -0.61575
              ],
              [
                133.80528,
                -0.72567
              ],
              [
                134.0695,
                -0.87587
              ],
              [
                134.27864,
                -1.3529
              ]
            ]
          ],
          [
            [
              [
                104.50775,
                -0.60878
              ],
              [
                104.37831,
                -0.6751
              ],
              [
                104.33791,
                -0.65992
              ],
              [
                104.24323,
                -0.50116
              ],
              [
                104.31606,
                -0.41303
              ],
              [
                104.47559,
                -0.35226
              ],
              [
                104.53104,
                -0.38581
              ],
              [
                104.57554,
                -0.46274
              ],
              [
                104.56824,
                -0.50752
              ],
              [
                104.50775,
                -0.60878
              ]
            ]
          ],
          [
            [
              [
                127.79848,
                -0.69521
              ],
              [
                127.6561,
                -0.83136
              ],
              [
                127.4859,
                -0.82991
              ],
              [
                127.41565,
                -0.63125
              ],
              [
                127.4147,
                -0.37723
              ],
              [
                127.51768,
                -0.30987
              ],
              [
                127.56124,
                -0.32247
              ],
              [
                127.68182,
                -0.45807
              ],
              [
                127.79848,
                -0.69521
              ]
            ]
          ],
          [
            [
              [
                131.02579,
                -0.03955
              ],
              [
                131.25731,
                -0.15219
              ],
              [
                131.30827,
                -0.21414
              ],
              [
                131.32228,
                -0.30958
              ],
              [
                131.25246,
                -0.38046
              ],
              [
                130.9532,
                -0.3625
              ],
              [
                130.65712,
                -0.07788
              ],
              [
                130.61432,
                -0.12052
              ],
              [
                130.73625,
                -0.29674
              ],
              [
                130.68959,
                -0.31097
              ],
              [
                130.6082,
                -0.31342
              ],
              [
                130.36415,
                -0.24424
              ],
              [
                130.4353,
                -0.20168
              ],
              [
                130.40524,
                -0.15705
              ],
              [
                130.35159,
                -0.14236
              ],
              [
                130.33255,
                -0.16287
              ],
              [
                130.3311,
                -0.09791
              ],
              [
                130.52464,
                -0.0539
              ],
              [
                130.94513,
                -0.04478
              ],
              [
                131.02579,
                -0.03955
              ]
            ]
          ],
          [
            [
              [
                104.81646,
                -0.19942
              ],
              [
                104.83597,
                -0.32124
              ],
              [
                104.54153,
                -0.26481
              ],
              [
                104.47035,
                -0.16125
              ],
              [
                104.52636,
                -0.01593
              ],
              [
                104.55119,
                0.00425
              ],
              [
                104.60358,
                -0.01898
              ],
              [
                104.73591,
                -0.1643
              ],
              [
                104.81646,
                -0.19942
              ]
            ]
          ],
          [
            [
              [
                102.51981,
                1.12661
              ],
              [
                102.67198,
                0.99362
              ],
              [
                102.77038,
                1.0033
              ],
              [
                103.04297,
                0.82768
              ],
              [
                103.06443,
                0.77613
              ],
              [
                103.03505,
                0.68256
              ],
              [
                102.9981,
                0.68389
              ],
              [
                102.92389,
                0.77312
              ],
              [
                102.5038,
                0.9307
              ],
              [
                102.46232,
                1.06963
              ],
              [
                102.48856,
                1.12811
              ],
              [
                102.51981,
                1.12661
              ]
            ]
          ],
          [
            [
              [
                102.98045,
                1.08711
              ],
              [
                103.10085,
                0.96385
              ],
              [
                103.17282,
                0.88333
              ],
              [
                103.13512,
                0.8208
              ],
              [
                103.07924,
                0.8236
              ],
              [
                102.75154,
                1.03026
              ],
              [
                102.64403,
                1.02269
              ],
              [
                102.71223,
                1.12992
              ],
              [
                102.76688,
                1.15587
              ],
              [
                102.98045,
                1.08711
              ]
            ]
          ],
          [
            [
              [
                104.66557,
                1.04066
              ],
              [
                104.62195,
                0.8914
              ],
              [
                104.41915,
                0.97521
              ],
              [
                104.41038,
                1.03293
              ],
              [
                104.41137,
                1.19766
              ],
              [
                104.58069,
                1.22665
              ],
              [
                104.66557,
                1.04066
              ]
            ]
          ],
          [
            [
              [
                102.42044,
                0.91106
              ],
              [
                102.38348,
                0.9096
              ],
              [
                102.28723,
                0.99015
              ],
              [
                102.24962,
                1.06841
              ],
              [
                102.21636,
                1.28934
              ],
              [
                102.23981,
                1.4053
              ],
              [
                102.29325,
                1.40993
              ],
              [
                102.49075,
                1.22714
              ],
              [
                102.44379,
                1.05569
              ],
              [
                102.49059,
                0.93834
              ],
              [
                102.42044,
                0.91106
              ]
            ]
          ],
          [
            [
              [
                97.88929,
                0.63171
              ],
              [
                97.80597,
                0.55005
              ],
              [
                97.67951,
                0.59967
              ],
              [
                97.18034,
                1.31835
              ],
              [
                97.2075,
                1.40321
              ],
              [
                97.34424,
                1.49936
              ],
              [
                97.40087,
                1.49787
              ],
              [
                97.51156,
                1.42226
              ],
              [
                97.77032,
                1.14928
              ],
              [
                97.92706,
                0.93656
              ],
              [
                97.88929,
                0.63171
              ]
            ]
          ],
          [
            [
              [
                102.50212,
                1.46126
              ],
              [
                102.51066,
                1.24153
              ],
              [
                102.29628,
                1.42623
              ],
              [
                102.1028,
                1.46695
              ],
              [
                101.9941,
                1.60799
              ],
              [
                102.22962,
                1.5653
              ],
              [
                102.46921,
                1.51494
              ],
              [
                102.50212,
                1.46126
              ]
            ]
          ],
          [
            [
              [
                125.05198,
                1.26534
              ],
              [
                124.66405,
                0.82028
              ],
              [
                124.48932,
                0.47013
              ],
              [
                124.2131,
                0.38983
              ],
              [
                123.61234,
                0.28125
              ],
              [
                123.26572,
                0.31397
              ],
              [
                122.9132,
                0.48093
              ],
              [
                122.5373,
                0.50062
              ],
              [
                122.13255,
                0.48349
              ],
              [
                121.54153,
                0.53401
              ],
              [
                121.37342,
                0.4691
              ],
              [
                121.13561,
                0.43068
              ],
              [
                120.84318,
                0.45668
              ],
              [
                120.63895,
                0.53548
              ],
              [
                120.55341,
                0.5297
              ],
              [
                120.34737,
                0.44965
              ],
              [
                120.144,
                0.20463
              ],
              [
                120.00639,
                -0.18928
              ],
              [
                120.05972,
                -0.62785
              ],
              [
                120.11077,
                -0.74406
              ],
              [
                120.70442,
                -1.39742
              ],
              [
                121.09586,
                -1.42371
              ],
              [
                121.19685,
                -1.23478
              ],
              [
                121.45473,
                -0.9086
              ],
              [
                121.62788,
                -0.79852
              ],
              [
                121.65634,
                -0.80859
              ],
              [
                121.64302,
                -0.90086
              ],
              [
                121.70574,
                -0.94377
              ],
              [
                121.94009,
                -0.98152
              ],
              [
                122.09142,
                -0.94734
              ],
              [
                122.14488,
                -0.87611
              ],
              [
                122.59782,
                -0.77084
              ],
              [
                122.71993,
                -0.65592
              ],
              [
                123.10396,
                -0.5675
              ],
              [
                123.18835,
                -0.56742
              ],
              [
                123.36918,
                -0.6323
              ],
              [
                123.44459,
                -0.77849
              ],
              [
                123.37576,
                -1.00038
              ],
              [
                123.32437,
                -1.0511
              ],
              [
                123.2649,
                -1.04632
              ],
              [
                123.14867,
                -0.95503
              ],
              [
                123.14572,
                -0.89482
              ],
              [
                123.05659,
                -0.87488
              ],
              [
                122.85653,
                -0.92034
              ],
              [
                122.78943,
                -0.97056
              ],
              [
                122.71646,
                -1.11221
              ],
              [
                122.40543,
                -1.47097
              ],
              [
                122.23058,
                -1.59436
              ],
              [
                121.8555,
                -1.69561
              ],
              [
                121.77233,
                -1.78155
              ],
              [
                121.45081,
                -1.84249
              ],
              [
                121.32334,
                -1.77472
              ],
              [
                121.28638,
                -1.83839
              ],
              [
                121.33788,
                -2.00247
              ],
              [
                121.36588,
                -1.98173
              ],
              [
                121.49484,
                -2.03893
              ],
              [
                121.72466,
                -2.20046
              ],
              [
                122.39161,
                -3.13324
              ],
              [
                122.2807,
                -3.47843
              ],
              [
                122.19471,
                -3.55249
              ],
              [
                122.19446,
                -3.60081
              ],
              [
                122.59673,
                -3.96976
              ],
              [
                122.68013,
                -4.15449
              ],
              [
                122.83662,
                -4.14538
              ],
              [
                122.76118,
                -4.06263
              ],
              [
                122.84638,
                -4.06283
              ],
              [
                122.8914,
                -4.13713
              ],
              [
                122.88174,
                -4.40697
              ],
              [
                122.84428,
                -4.43164
              ],
              [
                122.55334,
                -4.41659
              ],
              [
                122.10467567,
                -4.52903727
              ],
              [
                122.03628,
                -4.64977
              ],
              [
                122.03291,
                -4.72199
              ],
              [
                122.11036,
                -4.81148
              ],
              [
                122.0024,
                -4.89298
              ],
              [
                121.72134,
                -4.84779
              ],
              [
                121.53799,
                -4.76495
              ],
              [
                121.49102,
                -4.68619
              ],
              [
                121.55963,
                -4.25615
              ],
              [
                121.44733,
                -4.00347
              ],
              [
                121.24665,
                -3.86936
              ],
              [
                120.88406,
                -3.53646
              ],
              [
                120.86806,
                -3.42821
              ],
              [
                121,
                -3.24534
              ],
              [
                121.05677,
                -3.08437
              ],
              [
                121.08561,
                -2.94378
              ],
              [
                121.08437,
                -2.71557
              ],
              [
                121.01276,
                -2.6541
              ],
              [
                120.76372,
                -2.62623
              ],
              [
                120.56844,
                -2.70543
              ],
              [
                120.19136,
                -2.97013
              ],
              [
                120.39612,
                -3.39671
              ],
              [
                120.43098,
                -3.69263
              ],
              [
                120.40366,
                -3.78459
              ],
              [
                120.34826,
                -4.84065
              ],
              [
                120.3736,
                -5.57074
              ],
              [
                119.63423,
                -5.66702
              ],
              [
                119.46889,
                -5.59625
              ],
              [
                119.35548,
                -5.41859
              ],
              [
                119.35461,
                -5.35028
              ],
              [
                119.39772,
                -5.13918
              ],
              [
                119.51745,
                -4.88172
              ],
              [
                119.62284,
                -4.29858
              ],
              [
                119.6108,
                -4.07999
              ],
              [
                119.50682,
                -3.56901
              ],
              [
                119.44309,
                -3.4755
              ],
              [
                119.30685,
                -3.42901
              ],
              [
                118.9436,
                -3.57008
              ],
              [
                118.92446,
                -3.55622
              ],
              [
                118.7924,
                -3.1417
              ],
              [
                118.78167,
                -2.86439
              ],
              [
                118.84429,
                -2.6504
              ],
              [
                118.87507,
                -2.68647
              ],
              [
                118.98294,
                -2.6334
              ],
              [
                119.12366,
                -2.484
              ],
              [
                119.30789,
                -1.53707
              ],
              [
                119.29465,
                -1.27429
              ],
              [
                119.33112,
                -1.18124
              ],
              [
                119.80019,
                -0.61691
              ],
              [
                119.77504,
                -0.30094
              ],
              [
                119.82394,
                0.23771
              ],
              [
                119.92228,
                0.48817
              ],
              [
                120.2354,
                0.88052
              ],
              [
                120.3401,
                0.93404
              ],
              [
                120.33192,
                0.85285
              ],
              [
                120.39176,
                0.81001
              ],
              [
                120.57915,
                0.77528
              ],
              [
                120.79002,
                1.03623
              ],
              [
                120.82142,
                1.26493
              ],
              [
                120.93587,
                1.34581
              ],
              [
                121.37036,
                1.24941
              ],
              [
                121.64168,
                1.0516
              ],
              [
                121.94907,
                1.04168
              ],
              [
                122.04038,
                1.04895
              ],
              [
                122.46709,
                1.00322
              ],
              [
                122.84923,
                0.80865
              ],
              [
                122.9548,
                0.92964
              ],
              [
                123.1025,
                0.93742
              ],
              [
                123.85659,
                0.83205
              ],
              [
                124.27779,
                1.00236
              ],
              [
                124.9193,
                1.66818
              ],
              [
                125.01206,
                1.69467
              ],
              [
                125.12199,
                1.67792
              ],
              [
                125.24427,
                1.5165
              ],
              [
                125.22919,
                1.46636
              ],
              [
                125.19859,
                1.44727
              ],
              [
                125.05198,
                1.26534
              ]
            ]
          ],
          [
            [
              [
                101.68306,
                2.10764
              ],
              [
                101.79003,
                1.96016
              ],
              [
                101.74152,
                1.76606
              ],
              [
                101.61993,
                1.68686
              ],
              [
                101.46983,
                1.7193
              ],
              [
                101.38806,
                1.91333
              ],
              [
                101.40292,
                2.00984
              ],
              [
                101.47478,
                2.06182
              ],
              [
                101.51267,
                2.0447
              ],
              [
                101.65247,
                2.11854
              ],
              [
                101.68306,
                2.10764
              ]
            ]
          ],
          [
            [
              [
                127.75111,
                0.81134
              ],
              [
                127.84124,
                0.80096
              ],
              [
                127.92249,
                0.8669
              ],
              [
                128.069,
                1.1255
              ],
              [
                128.09326,
                1.28153
              ],
              [
                128.18773,
                1.38584
              ],
              [
                128.46136075,
                1.55571018
              ],
              [
                128.66763,
                1.59768
              ],
              [
                128.71828,
                1.58045
              ],
              [
                128.72842,
                1.54614
              ],
              [
                128.69298,
                1.0871
              ],
              [
                128.42930937,
                0.92561014
              ],
              [
                128.35161,
                0.90935
              ],
              [
                128.18863,
                0.78581
              ],
              [
                128.30252,
                0.65395
              ],
              [
                128.48945937,
                0.59650006
              ],
              [
                128.77806,
                0.31481
              ],
              [
                128.71336909,
                0.28565037
              ],
              [
                128.12317,
                0.46317
              ],
              [
                127.95711,
                0.48049
              ],
              [
                127.89832,
                0.43679
              ],
              [
                127.87613,
                0.34175
              ],
              [
                127.91312,
                -0.06446
              ],
              [
                127.9976,
                -0.30497
              ],
              [
                128.20816,
                -0.70451
              ],
              [
                128.31628903,
                -0.80885
              ],
              [
                128.21712,
                -0.84233
              ],
              [
                127.99069,
                -0.65316
              ],
              [
                127.68568,
                -0.12397
              ],
              [
                127.57655,
                0.75506
              ],
              [
                127.63056,
                0.80962
              ],
              [
                127.6323,
                0.85351
              ],
              [
                127.53329,
                0.88481
              ],
              [
                127.48752,
                0.92952
              ],
              [
                127.39796,
                1.09044
              ],
              [
                127.43797,
                1.29059
              ],
              [
                127.53099,
                1.48075
              ],
              [
                127.55924,
                1.70767
              ],
              [
                127.70756,
                1.94763
              ],
              [
                127.85869,
                2.10546
              ],
              [
                128.0014,
                2.19289
              ],
              [
                128.06909,
                2.19129
              ],
              [
                127.98586,
                1.7646
              ],
              [
                128.0186,
                1.71067
              ],
              [
                128.0325,
                1.5609
              ],
              [
                127.99954,
                1.33036
              ],
              [
                127.90705,
                1.18373
              ],
              [
                127.64851,
                1.02356
              ],
              [
                127.62281,
                0.97651
              ],
              [
                127.66158,
                0.87687
              ],
              [
                127.75111,
                0.81134
              ]
            ]
          ],
          [
            [
              [
                128.51152,
                2.06547
              ],
              [
                128.28096,
                2.03596
              ],
              [
                128.20752,
                2.28286
              ],
              [
                128.34779,
                2.49358
              ],
              [
                128.4435,
                2.58113
              ],
              [
                128.5618,
                2.64557
              ],
              [
                128.60779,
                2.58648
              ],
              [
                128.67425071,
                2.50612963
              ],
              [
                128.67428952,
                2.39981969
              ],
              [
                128.56862,
                2.10735
              ],
              [
                128.51152,
                2.06547
              ]
            ]
          ],
          [
            [
              [
                96.3951,
                2.48576
              ],
              [
                96.31464,
                2.35901
              ],
              [
                95.82123,
                2.63293
              ],
              [
                95.70585,
                2.73996
              ],
              [
                95.72614,
                2.82416
              ],
              [
                95.80253,
                2.91411
              ],
              [
                95.81751,
                2.901
              ],
              [
                96.11813,
                2.6867
              ],
              [
                96.34779,
                2.54171
              ],
              [
                96.3951,
                2.48576
              ]
            ]
          ],
          [
            [
              [
                108.26279,
                3.65854
              ],
              [
                108.17207,
                3.64042
              ],
              [
                108.09715,
                3.69353
              ],
              [
                108.14055,
                3.75192
              ],
              [
                108.02152,
                3.89223
              ],
              [
                107.98688,
                4.00946
              ],
              [
                108.2255,
                4.19508
              ],
              [
                108.27943,
                4.08678
              ],
              [
                108.39829,
                3.88846
              ],
              [
                108.36739,
                3.78627
              ],
              [
                108.26279,
                3.65854
              ]
            ]
          ],
          [
            [
              [
                126.90753,
                4.26704
              ],
              [
                126.81382,
                4.03634
              ],
              [
                126.72523,
                4.0991
              ],
              [
                126.6853,
                4.34822
              ],
              [
                126.72389,
                4.52792
              ],
              [
                126.74388,
                4.54998
              ],
              [
                126.7959,
                4.53033
              ],
              [
                126.90753,
                4.26704
              ]
            ]
          ],
          [
            [
              [
                96.19402,
                5.26293
              ],
              [
                96.49081,
                5.20461
              ],
              [
                96.70018,
                5.24444
              ],
              [
                97.08179,
                5.23275
              ],
              [
                97.37933,
                5.20929
              ],
              [
                97.57005,
                5.16184
              ],
              [
                97.85081,
                4.90267
              ],
              [
                98.04082,
                4.52664
              ],
              [
                98.15612,
                4.51045
              ],
              [
                98.28299,
                4.41192
              ],
              [
                98.25234,
                4.2044
              ],
              [
                98.15368,
                4.16196
              ],
              [
                98.17302,
                4.0985
              ],
              [
                98.5000816,
                3.94845737
              ],
              [
                99.76797,
                3.14695
              ],
              [
                99.99386,
                2.91765
              ],
              [
                99.99722,
                2.80978
              ],
              [
                100.12893,
                2.52239
              ],
              [
                100.13248,
                2.67463
              ],
              [
                100.16132,
                2.71024
              ],
              [
                100.21529,
                2.71017
              ],
              [
                100.57558,
                2.14645
              ],
              [
                100.93264,
                1.84158
              ],
              [
                100.9491,
                1.85304
              ],
              [
                100.94891,
                1.86775
              ],
              [
                100.88683,
                2.02789
              ],
              [
                100.79557,
                2.11132
              ],
              [
                100.76855,
                2.21828
              ],
              [
                100.83219,
                2.28231
              ],
              [
                101.03241,
                2.28669
              ],
              [
                101.27078,
                2.07825
              ],
              [
                101.36307,
                1.77523
              ],
              [
                101.40334,
                1.70708
              ],
              [
                101.55573,
                1.63906
              ],
              [
                101.76202,
                1.66716
              ],
              [
                102.16358,
                1.34354
              ],
              [
                102.22681,
                1.00187
              ],
              [
                102.40549,
                0.81625
              ],
              [
                103.04716,
                0.52933
              ],
              [
                102.69639,
                0.24027
              ],
              [
                102.69765,
                0.21548
              ],
              [
                102.86147,
                0.24596
              ],
              [
                103.13956,
                0.38583
              ],
              [
                103.16358,
                0.40317
              ],
              [
                103.24816,
                0.49711
              ],
              [
                103.3339,
                0.54329
              ],
              [
                103.41523,
                0.52496
              ],
              [
                103.72256,
                0.28656
              ],
              [
                103.77202,
                0.19607
              ],
              [
                103.79509,
                0.03206
              ],
              [
                103.77284,
                -0.00964
              ],
              [
                103.61017,
                -0.0404
              ],
              [
                103.46501,
                -0.17583
              ],
              [
                103.45693,
                -0.21693
              ],
              [
                103.59627,
                -0.42813
              ],
              [
                103.41597,
                -0.52702
              ],
              [
                103.37843,
                -0.73212
              ],
              [
                103.75228,
                -1.00052
              ],
              [
                104.20123,
                -1.06714
              ],
              [
                104.35541,
                -1.0337
              ],
              [
                104.38784,
                -1.05715
              ],
              [
                104.47868,
                -1.6453
              ],
              [
                104.63276,
                -1.9364
              ],
              [
                104.84184,
                -2.24154
              ],
              [
                104.91209,
                -2.31605
              ],
              [
                105.55015,
                -2.4077
              ],
              [
                105.93883,
                -2.95649
              ],
              [
                105.98009,
                -3.31032
              ],
              [
                105.8705,
                -3.4537
              ],
              [
                105.81512,
                -3.63827
              ],
              [
                105.86864,
                -4.01021
              ],
              [
                105.89275,
                -4.64563
              ],
              [
                105.85838,
                -5.1508
              ],
              [
                105.79022,
                -5.79776
              ],
              [
                105.72858,
                -5.90038
              ],
              [
                105.34961,
                -5.52315
              ],
              [
                105.2499,
                -5.47216
              ],
              [
                105.17401,
                -5.61086
              ],
              [
                105.21149,
                -5.76775
              ],
              [
                104.79784,
                -5.61463
              ],
              [
                104.64857,
                -5.72495
              ],
              [
                104.72879,
                -5.93102
              ],
              [
                104.55128,
                -5.93029
              ],
              [
                103.90646,
                -5.13325
              ],
              [
                103.31257,
                -4.76021
              ],
              [
                102.29995,
                -3.99329
              ],
              [
                102.00778,
                -3.52395
              ],
              [
                101.60768,
                -3.23975
              ],
              [
                101.37733,
                -2.87583
              ],
              [
                101.22315,
                -2.68356
              ],
              [
                101.08143,
                -2.55921
              ],
              [
                100.86931,
                -2.28314
              ],
              [
                100.81763,
                -2.17803
              ],
              [
                100.71774,
                -1.72412
              ],
              [
                100.38386,
                -1.02853
              ],
              [
                100.10173,
                -0.60513
              ],
              [
                99.58984,
                0.079
              ],
              [
                99.34445,
                0.2299
              ],
              [
                99.13223,
                0.46594
              ],
              [
                98.78072,
                1.45044
              ],
              [
                98.77607,
                1.5479
              ],
              [
                98.84062,
                1.64422
              ],
              [
                98.77019,
                1.75683
              ],
              [
                98.32603,
                2.04065
              ],
              [
                97.9075,
                2.25994
              ],
              [
                97.65853,
                2.51707
              ],
              [
                97.55571,
                2.89428
              ],
              [
                97.30957,
                3.08651
              ],
              [
                96.88017,
                3.6766
              ],
              [
                96.62171,
                3.74463
              ],
              [
                96.33854,
                3.91463
              ],
              [
                95.51061,
                4.70152
              ],
              [
                95.37554,
                4.91967
              ],
              [
                95.21696,
                5.26791
              ],
              [
                95.22951,
                5.49217
              ],
              [
                95.28366,
                5.56159
              ],
              [
                95.43145,
                5.65644
              ],
              [
                95.61742,
                5.62187
              ],
              [
                95.87897,
                5.50674
              ],
              [
                95.90617,
                5.42993
              ],
              [
                96.06195,
                5.30453
              ],
              [
                96.19402,
                5.26293
              ]
            ]
          ]
        ]
      }
    },
    {
      "type": "Feature",
      "properties": {
        "iso3": "PER",
        "name": "Peru",
        "status": "additional_2024",
        "project_count": 2,
        "label_lng": -75.77484361,
        "label_lat": -9.19060697,
        "geometry_quality": "authoritative",
        "geometry_source": "geo/countries_manifest.json + geo/countries_topojson/*.topo.json"
      },
      "geometry": {
        "type": "Polygon",
        "coordinates": [
          [
            [
              -72.941298,
              -2.4088
            ],
            [
              -72.192798,
              -2.436668
            ],
            [
              -71.93686,
              -2.377798
            ],
            [
              -71.863168,
              -2.264774
            ],
            [
              -71.139608,
              -2.311586
            ],
            [
              -70.967787,
              -2.217592
            ],
            [
              -70.848104,
              -2.254927
            ],
            [
              -70.064073,
              -2.686263
            ],
            [
              -70.055529,
              -2.75926
            ],
            [
              -70.61667524,
              -3.64141383
            ],
            [
              -70.426037,
              -3.832667
            ],
            [
              -70.054055,
              -4.10124
            ],
            [
              -69.947326,
              -4.22711
            ],
            [
              -69.951703,
              -4.311101
            ],
            [
              -70.025037,
              -4.365642
            ],
            [
              -70.168616,
              -4.310852
            ],
            [
              -70.280904,
              -4.215725
            ],
            [
              -70.438838,
              -4.145859
            ],
            [
              -70.66444,
              -4.167389
            ],
            [
              -70.856492,
              -4.279225
            ],
            [
              -71.162609,
              -4.391761
            ],
            [
              -71.925164,
              -4.54925
            ],
            [
              -72.506749,
              -4.943103
            ],
            [
              -72.849457,
              -5.139584
            ],
            [
              -72.878359,
              -5.179238
            ],
            [
              -72.958871,
              -5.577287
            ],
            [
              -73.148852,
              -5.868346
            ],
            [
              -73.183203,
              -6.259513
            ],
            [
              -73.106839,
              -6.420485
            ],
            [
              -73.132633,
              -6.497887
            ],
            [
              -73.243966,
              -6.586837
            ],
            [
              -73.369959,
              -6.609679
            ],
            [
              -73.540494,
              -6.689181
            ],
            [
              -73.632429,
              -6.752778
            ],
            [
              -73.716641,
              -6.86457
            ],
            [
              -73.760889,
              -6.936443
            ],
            [
              -73.847837,
              -7.352935
            ],
            [
              -73.87237,
              -7.667542
            ],
            [
              -73.734185,
              -7.878179
            ],
            [
              -73.502794,
              -8.375933
            ],
            [
              -72.961295,
              -8.982028
            ],
            [
              -72.94805,
              -9.124481
            ],
            [
              -73.10619,
              -9.293832
            ],
            [
              -72.9224805,
              -9.41163285
            ],
            [
              -72.411909,
              -9.481465
            ],
            [
              -72.30127,
              -9.533117
            ],
            [
              -72.19325,
              -9.777287
            ],
            [
              -72.175768,
              -9.984608
            ],
            [
              -72.105093,
              -10.00030358
            ],
            [
              -71.3841365,
              -10.00013709
            ],
            [
              -71.223781,
              -9.969421
            ],
            [
              -70.619509,
              -9.472554
            ],
            [
              -70.516402,
              -9.480359
            ],
            [
              -70.620918,
              -9.827967
            ],
            [
              -70.620864,
              -10.999892
            ],
            [
              -70.157726,
              -11.038824
            ],
            [
              -69.758566,
              -10.941972
            ],
            [
              -69.57292,
              -10.946172
            ],
            [
              -68.970084,
              -11.918149
            ],
            [
              -68.652329,
              -12.498116
            ],
            [
              -68.82489,
              -12.805408
            ],
            [
              -68.861647,
              -13.304398
            ],
            [
              -68.918737,
              -13.520848
            ],
            [
              -68.995993,
              -13.639411
            ],
            [
              -68.971174,
              -13.882908
            ],
            [
              -68.8553145,
              -14.21979349
            ],
            [
              -69.131033,
              -14.506272
            ],
            [
              -69.357539,
              -14.810663
            ],
            [
              -69.346227,
              -14.982135
            ],
            [
              -69.151581,
              -15.26742
            ],
            [
              -69.24396128,
              -15.43176415
            ],
            [
              -69.411646,
              -15.621759
            ],
            [
              -69.275522,
              -16.11857
            ],
            [
              -68.82480517,
              -16.35918236
            ],
            [
              -69.48133488,
              -17.12303522
            ],
            [
              -69.575733,
              -17.291777
            ],
            [
              -69.468453,
              -17.498344
            ],
            [
              -69.656956,
              -17.653116
            ],
            [
              -69.759364,
              -17.936857
            ],
            [
              -69.755261,
              -17.986625
            ],
            [
              -69.860052,
              -18.170019
            ],
            [
              -70.00503588,
              -18.27074898
            ],
            [
              -70.37783945,
              -18.35231111
            ],
            [
              -71.31243134,
              -17.71402359
            ],
            [
              -71.35186005,
              -17.60426331
            ],
            [
              -71.65769958,
              -17.22151947
            ],
            [
              -72.82865906,
              -16.58012962
            ],
            [
              -73.66716003,
              -16.22382545
            ],
            [
              -74.25644684,
              -15.87116241
            ],
            [
              -74.85322571,
              -15.55691242
            ],
            [
              -75.19129181,
              -15.30708218
            ],
            [
              -75.70265198,
              -14.81813908
            ],
            [
              -75.89505768,
              -14.67540741
            ],
            [
              -76.2590332,
              -14.16671753
            ],
            [
              -76.32066345,
              -13.91905785
            ],
            [
              -76.29493713,
              -13.81653881
            ],
            [
              -76.25718689,
              -13.85597992
            ],
            [
              -76.19352722,
              -13.62402725
            ],
            [
              -76.20631409,
              -13.39989853
            ],
            [
              -76.36177826,
              -13.18868065
            ],
            [
              -76.78643036,
              -12.45631695
            ],
            [
              -76.94097137,
              -12.25783539
            ],
            [
              -78.14620209,
              -10.17397118
            ],
            [
              -78.42805481,
              -9.37145519
            ],
            [
              -78.50984192,
              -9.25673294
            ],
            [
              -78.90911102,
              -8.3780365
            ],
            [
              -79.5072937,
              -7.55155325
            ],
            [
              -79.73634338,
              -7.050035
            ],
            [
              -79.98343658,
              -6.74280405
            ],
            [
              -80.22240448,
              -6.571949
            ],
            [
              -80.73590088,
              -6.31880283
            ],
            [
              -81.09441376,
              -6.0769
            ],
            [
              -81.1445694,
              -5.980618
            ],
            [
              -81.13089752,
              -5.87605715
            ],
            [
              -81.07875824,
              -5.79646301
            ],
            [
              -80.94193268,
              -5.84821987
            ],
            [
              -80.84905243,
              -5.79611206
            ],
            [
              -80.84577942,
              -5.6303339
            ],
            [
              -80.91044617,
              -5.47903013
            ],
            [
              -81.03179932,
              -5.34682894
            ],
            [
              -81.3170929,
              -4.66813803
            ],
            [
              -81.25101471,
              -4.33114719
            ],
            [
              -81.2098999,
              -4.23491192
            ],
            [
              -80.69754028,
              -3.69076991
            ],
            [
              -80.32366378,
              -3.43244375
            ],
            [
              -80.22909833,
              -3.4283877
            ],
            [
              -80.19262575,
              -3.68015252
            ],
            [
              -80.32859347,
              -4.00475007
            ],
            [
              -80.44494318,
              -4.20310701
            ],
            [
              -80.44097666,
              -4.45426896
            ],
            [
              -80.39717073,
              -4.47918819
            ],
            [
              -80.33650685,
              -4.46686191
            ],
            [
              -80.21868269,
              -4.3605622
            ],
            [
              -79.93477523,
              -4.39570867
            ],
            [
              -79.70525603,
              -4.47050194
            ],
            [
              -79.48509512,
              -4.62820266
            ],
            [
              -79.40791016,
              -4.79647443
            ],
            [
              -79.28332066,
              -4.94738994
            ],
            [
              -78.99548856,
              -4.97334802
            ],
            [
              -78.71854907,
              -4.62814033
            ],
            [
              -78.62645018,
              -4.41661966
            ],
            [
              -78.3530246,
              -3.41173624
            ],
            [
              -77.65732731,
              -2.93587268
            ],
            [
              -76.63357143,
              -2.59018879
            ],
            [
              -76.04325305,
              -2.12461958
            ],
            [
              -75.57755657,
              -1.54771216
            ],
            [
              -75.40779633,
              -1.00710216
            ],
            [
              -75.23020363,
              -0.85623818
            ],
            [
              -75.24296395,
              -0.64174908
            ],
            [
              -75.31130774,
              -0.47720435
            ],
            [
              -75.58585597,
              -0.18802116
            ],
            [
              -75.25866834,
              -0.1135755
            ],
            [
              -75.221361,
              -0.054989
            ],
            [
              -75.093827,
              -0.079926
            ],
            [
              -74.837402,
              -0.215171
            ],
            [
              -74.420558,
              -0.505348
            ],
            [
              -74.344791,
              -0.673356
            ],
            [
              -74.26881,
              -0.956503
            ],
            [
              -74.205904,
              -1.010687
            ],
            [
              -73.682038,
              -1.238524
            ],
            [
              -73.48433295,
              -1.60552054
            ],
            [
              -73.2311225,
              -1.7709795
            ],
            [
              -73.093379,
              -2.320715
            ],
            [
              -72.941298,
              -2.4088
            ]
          ]
        ]
      }
    },
    {
      "type": "Feature",
      "properties": {
        "iso3": "MLI",
        "name": "Mali",
        "status": "active",
        "project_count": 2,
        "label_lng": -0.77703678,
        "label_lat": 18.08169325,
        "geometry_quality": "authoritative",
        "geometry_source": "geo/countries_manifest.json + geo/countries_topojson/*.topo.json"
      },
      "geometry": {
        "type": "Polygon",
        "coordinates": [
          [
            [
              4.24298382,
              19.14089478
            ],
            [
              4.23959,
              17.18724751
            ],
            [
              4.07938499,
              16.52899751
            ],
            [
              4.07647,
              16.32042
            ],
            [
              3.90573,
              15.78027
            ],
            [
              3.51830699,
              15.34147371
            ],
            [
              2.78272668,
              15.35727024
            ],
            [
              1.32403,
              15.26514
            ],
            [
              1.03603305,
              15.0316435
            ],
            [
              0.92362,
              14.97224
            ],
            [
              0.71349985,
              14.95324507
            ],
            [
              0.52581553,
              14.99047532
            ],
            [
              0.2407725,
              14.98977307
            ],
            [
              0.23313197,
              14.91625936
            ],
            [
              -0.246214,
              15.077772
            ],
            [
              -0.710942,
              15.082816
            ],
            [
              -1.138335,
              14.771847
            ],
            [
              -1.79364375,
              14.48251836
            ],
            [
              -2.18786941,
              14.19643526
            ],
            [
              -2.474126,
              14.298003
            ],
            [
              -2.852213,
              14.004841
            ],
            [
              -3.25712847,
              13.403797
            ],
            [
              -3.282042,
              13.28702566
            ],
            [
              -3.42742,
              13.20081
            ],
            [
              -3.58769,
              13.20077
            ],
            [
              -3.933716,
              13.42555
            ],
            [
              -4.100642,
              13.356903
            ],
            [
              -4.33370614,
              13.14671358
            ],
            [
              -4.26479,
              12.70655
            ],
            [
              -4.553867,
              12.157883
            ],
            [
              -4.72315804,
              12.02443259
            ],
            [
              -5.05931738,
              11.97887521
            ],
            [
              -5.36031495,
              11.83157265
            ],
            [
              -5.26060168,
              11.73358687
            ],
            [
              -5.19953823,
              11.44187064
            ],
            [
              -5.346713,
              11.125156
            ],
            [
              -5.513207,
              10.430789
            ],
            [
              -5.57284,
              10.45589
            ],
            [
              -5.76401,
              10.43799
            ],
            [
              -5.85918,
              10.37668
            ],
            [
              -5.98453,
              10.19714
            ],
            [
              -6.12603,
              10.20485
            ],
            [
              -6.19132,
              10.2346
            ],
            [
              -6.22996,
              10.29761
            ],
            [
              -6.17906,
              10.50113
            ],
            [
              -6.21528,
              10.71609
            ],
            [
              -6.38944,
              10.70727
            ],
            [
              -6.5816,
              10.62165
            ],
            [
              -6.66811,
              10.46446
            ],
            [
              -7.08123,
              10.180739
            ],
            [
              -7.37395,
              10.26682
            ],
            [
              -7.41674,
              10.34733
            ],
            [
              -7.76221,
              10.31021
            ],
            [
              -7.83547,
              10.21674
            ],
            [
              -7.92459,
              10.15875
            ],
            [
              -7.98120238,
              10.17141349
            ],
            [
              -7.948433,
              10.237495
            ],
            [
              -7.98057,
              10.33424
            ],
            [
              -8.10499,
              10.41051
            ],
            [
              -8.313527,
              10.770851
            ],
            [
              -8.50164,
              11.01009
            ],
            [
              -8.47785997,
              11.251485
            ],
            [
              -8.809879,
              11.833341
            ],
            [
              -8.82642,
              12.03695
            ],
            [
              -8.957999,
              12.356595
            ],
            [
              -9.003565,
              12.400863
            ],
            [
              -9.16044,
              12.48875
            ],
            [
              -9.36724,
              12.48887
            ],
            [
              -9.40237,
              12.46817
            ],
            [
              -9.36507,
              12.42213
            ],
            [
              -9.42217,
              12.2651
            ],
            [
              -9.67961,
              12.10265
            ],
            [
              -9.94162,
              12.10248
            ],
            [
              -10.30699,
              12.22084
            ],
            [
              -10.48086,
              12.12345
            ],
            [
              -11.24445,
              12.00257
            ],
            [
              -11.34217,
              12.04931
            ],
            [
              -11.49481,
              12.18653
            ],
            [
              -11.37557777,
              12.4153114
            ],
            [
              -11.38309038,
              12.99243823
            ],
            [
              -11.53174331,
              13.26248437
            ],
            [
              -11.75074282,
              13.37558071
            ],
            [
              -11.79609603,
              13.31332635
            ],
            [
              -11.83025266,
              13.32061475
            ],
            [
              -12.06217338,
              13.70045284
            ],
            [
              -11.94351932,
              13.93139776
            ],
            [
              -12.02386582,
              14.27739013
            ],
            [
              -12.23976441,
              14.76579239
            ],
            [
              -12.04343,
              14.73524
            ],
            [
              -11.8067,
              14.89173
            ],
            [
              -11.7962,
              14.98124
            ],
            [
              -11.84459,
              15.09391
            ],
            [
              -11.71001,
              15.53179
            ],
            [
              -11.521749,
              15.598443
            ],
            [
              -11.357655,
              15.548861
            ],
            [
              -11.139441,
              15.349915
            ],
            [
              -10.78915,
              15.30745
            ],
            [
              -10.677162,
              15.43437
            ],
            [
              -10.218619,
              15.481241
            ],
            [
              -9.93292196,
              15.45768158
            ],
            [
              -8.99114334,
              15.50082672
            ],
            [
              -5.54547927,
              15.50013759
            ],
            [
              -5.49009014,
              15.54972305
            ],
            [
              -5.33510114,
              16.32452935
            ],
            [
              -5.61435,
              16.5
            ],
            [
              -6.586329,
              25
            ],
            [
              -4.833333,
              25
            ],
            [
              -1.69696225,
              23.00223997
            ],
            [
              1.155722,
              21.12633333
            ],
            [
              1.193194,
              20.97361111
            ],
            [
              1.18458341,
              20.86218057
            ],
            [
              1.666278,
              20.41880556
            ],
            [
              2.085056,
              20.23922222
            ],
            [
              3.234444,
              19.84102778
            ],
            [
              3.232861,
              19.43794444
            ],
            [
              3.126944,
              19.12458333
            ],
            [
              3.34652803,
              18.976139
            ],
            [
              4.24298382,
              19.14089478
            ]
          ]
        ]
      }
    },
    {
      "type": "Feature",
      "properties": {
        "iso3": "COL",
        "name": "Colombia",
        "status": "active",
        "project_count": 3,
        "label_lng": -72.63805333,
        "label_lat": 4.13305,
        "geometry_quality": "authoritative",
        "geometry_source": "geo/countries_manifest.json + geo/countries_topojson/*.topo.json"
      },
      "geometry": {
        "type": "Polygon",
        "coordinates": [
          [
            [
              -72.13962286,
              11.33970251
            ],
            [
              -72.49569797,
              11.07963576
            ],
            [
              -72.89395727,
              10.44684469
            ],
            [
              -72.9712447,
              9.80915372
            ],
            [
              -73.34698798,
              9.21728342
            ],
            [
              -73.33675952,
              9.17255853
            ],
            [
              -73.194944,
              9.176609
            ],
            [
              -73.07705283,
              9.24635182
            ],
            [
              -72.85468777,
              9.12935167
            ],
            [
              -72.74886566,
              9.01675147
            ],
            [
              -72.63402446,
              8.60587783
            ],
            [
              -72.40854549,
              8.3707528
            ],
            [
              -72.38240447,
              8.30571858
            ],
            [
              -72.36300171,
              8.01217694
            ],
            [
              -72.416171,
              8.02976537
            ],
            [
              -72.48022785,
              7.93019982
            ],
            [
              -72.46397861,
              7.4822622
            ],
            [
              -72.441444,
              7.425094
            ],
            [
              -71.84163336,
              7.0282116
            ],
            [
              -71.31729166,
              7.02142886
            ],
            [
              -70.58501125,
              7.0703034
            ],
            [
              -70.14506256,
              6.97967467
            ],
            [
              -69.42758535,
              6.10748029
            ],
            [
              -69.30914477,
              6.0850771
            ],
            [
              -69.22073173,
              6.08886275
            ],
            [
              -68.94304699,
              6.18243008
            ],
            [
              -68.64847045,
              6.13270879
            ],
            [
              -68.25901863,
              6.18320133
            ],
            [
              -67.91145714,
              6.25193009
            ],
            [
              -67.81995604,
              6.32673968
            ],
            [
              -67.5656778,
              6.27909428
            ],
            [
              -67.48466041,
              6.21780488
            ],
            [
              -67.449492,
              6.055678
            ],
            [
              -67.46244682,
              5.94898243
            ],
            [
              -67.852422,
              5.251846
            ],
            [
              -67.82289552,
              4.49741716
            ],
            [
              -67.750812,
              4.150379
            ],
            [
              -67.63486711,
              3.78776173
            ],
            [
              -67.60826355,
              3.7532483
            ],
            [
              -67.55103726,
              3.75562235
            ],
            [
              -67.43960148,
              3.62923677
            ],
            [
              -67.3109841,
              3.37615037
            ],
            [
              -67.80805091,
              2.83113707
            ],
            [
              -67.583651,
              2.770371
            ],
            [
              -67.254849,
              2.422106
            ],
            [
              -66.88198747,
              1.40115129
            ],
            [
              -66.85291628,
              1.22955673
            ],
            [
              -67.08659374,
              1.16729123
            ],
            [
              -67.09830069,
              1.29216535
            ],
            [
              -67.06533723,
              1.51459736
            ],
            [
              -67.10805647,
              1.71028423
            ],
            [
              -67.35090426,
              2.11945633
            ],
            [
              -67.40744026,
              2.1442979
            ],
            [
              -67.58123608,
              2.06215891
            ],
            [
              -67.6827439,
              1.95389344
            ],
            [
              -68.20894023,
              1.72866623
            ],
            [
              -69.59749414,
              1.74876777
            ],
            [
              -69.84522089,
              1.71351299
            ],
            [
              -69.84618665,
              1.07852339
            ],
            [
              -69.32803456,
              1.08575456
            ],
            [
              -69.2461811,
              1.04853979
            ],
            [
              -69.18297204,
              0.93626096
            ],
            [
              -69.12891069,
              0.63797173
            ],
            [
              -69.29268634,
              0.61016376
            ],
            [
              -69.42231938,
              0.69087508
            ],
            [
              -70.02595312,
              0.56105893
            ],
            [
              -70.04913636,
              -0.1367963
            ],
            [
              -69.92809245,
              -0.31514369
            ],
            [
              -69.57767062,
              -0.6657471
            ],
            [
              -69.42822328,
              -1.01522405
            ],
            [
              -69.40755122,
              -1.30077238
            ],
            [
              -69.947326,
              -4.22711
            ],
            [
              -70.054055,
              -4.10124
            ],
            [
              -70.426037,
              -3.832667
            ],
            [
              -70.61667524,
              -3.64141383
            ],
            [
              -70.055529,
              -2.75926
            ],
            [
              -70.064073,
              -2.686263
            ],
            [
              -70.848104,
              -2.254927
            ],
            [
              -70.967787,
              -2.217592
            ],
            [
              -71.139608,
              -2.311586
            ],
            [
              -71.863168,
              -2.264774
            ],
            [
              -71.93686,
              -2.377798
            ],
            [
              -72.192798,
              -2.436668
            ],
            [
              -72.941298,
              -2.4088
            ],
            [
              -73.093379,
              -2.320715
            ],
            [
              -73.2311225,
              -1.7709795
            ],
            [
              -73.48433295,
              -1.60552054
            ],
            [
              -73.682038,
              -1.238524
            ],
            [
              -74.205904,
              -1.010687
            ],
            [
              -74.26881,
              -0.956503
            ],
            [
              -74.344791,
              -0.673356
            ],
            [
              -74.420558,
              -0.505348
            ],
            [
              -74.837402,
              -0.215171
            ],
            [
              -75.093827,
              -0.079926
            ],
            [
              -75.221361,
              -0.054989
            ],
            [
              -75.25866834,
              -0.1135755
            ],
            [
              -75.76645721,
              0.04022104
            ],
            [
              -76.05154419,
              0.33041189
            ],
            [
              -76.26026922,
              0.41584737
            ],
            [
              -76.38320121,
              0.38903281
            ],
            [
              -76.41183245,
              0.35097261
            ],
            [
              -76.42291702,
              0.23430248
            ],
            [
              -77.0848872,
              0.306524
            ],
            [
              -77.36686329,
              0.39777301
            ],
            [
              -77.52074043,
              0.51485564
            ],
            [
              -77.81403368,
              0.81938701
            ],
            [
              -78.24568105,
              1.02876177
            ],
            [
              -78.58862992,
              1.24197538
            ],
            [
              -78.78146042,
              1.4007239
            ],
            [
              -78.90215302,
              1.55698502
            ],
            [
              -78.75861359,
              1.8048389
            ],
            [
              -78.5661112,
              1.76136349
            ],
            [
              -78.53806305,
              1.91396105
            ],
            [
              -78.67375266,
              2.00004816
            ],
            [
              -78.71661211,
              2.1634924
            ],
            [
              -78.64640149,
              2.33510315
            ],
            [
              -78.51958352,
              2.52718799
            ],
            [
              -77.80078125,
              2.6764009
            ],
            [
              -77.68697357,
              2.86020398
            ],
            [
              -77.64888,
              3.04977989
            ],
            [
              -77.53685761,
              3.23421502
            ],
            [
              -77.12771607,
              3.69414592
            ],
            [
              -77.10170746,
              3.79268599
            ],
            [
              -77.1055069,
              3.88292098
            ],
            [
              -77.19459534,
              4.06880283
            ],
            [
              -77.24769592,
              4.10220003
            ],
            [
              -77.31117248,
              4.03157282
            ],
            [
              -77.42958069,
              4.0125432
            ],
            [
              -77.52856818,
              4.11572099
            ],
            [
              -77.53751299,
              4.18408489
            ],
            [
              -77.52026228,
              4.2786443
            ],
            [
              -77.44231466,
              4.32464618
            ],
            [
              -77.34264393,
              4.50801477
            ],
            [
              -77.3128891,
              4.67967272
            ],
            [
              -77.3897934,
              5.45192098
            ],
            [
              -77.34239197,
              6.57541895
            ],
            [
              -77.65909576,
              6.9880681
            ],
            [
              -77.8931719,
              7.22131902
            ],
            [
              -77.79235929,
              7.48097992
            ],
            [
              -77.61052429,
              7.55221213
            ],
            [
              -77.36594463,
              7.8245468
            ],
            [
              -77.16394309,
              7.96842089
            ],
            [
              -77.35243506,
              8.32641726
            ],
            [
              -77.36980435,
              8.67543622
            ],
            [
              -76.8562088,
              8.09211445
            ],
            [
              -76.85678101,
              8.06295967
            ],
            [
              -76.9238205,
              8.02943897
            ],
            [
              -76.92613983,
              7.92282486
            ],
            [
              -76.85728455,
              7.90156126
            ],
            [
              -76.77279141,
              7.92451892
            ],
            [
              -76.74547851,
              8.04122508
            ],
            [
              -76.76504517,
              8.39616489
            ],
            [
              -76.82439423,
              8.49610233
            ],
            [
              -76.26309327,
              9.01361553
            ],
            [
              -76.08536067,
              9.33462197
            ],
            [
              -75.91225488,
              9.43158501
            ],
            [
              -75.84751835,
              9.42678718
            ],
            [
              -75.60252904,
              9.67569631
            ],
            [
              -75.57941176,
              10.22185498
            ],
            [
              -75.51043819,
              10.37369082
            ],
            [
              -75.51170508,
              10.57226618
            ],
            [
              -74.8526836,
              11.0801113
            ],
            [
              -74.53456116,
              10.99147606
            ],
            [
              -74.32301558,
              10.98017394
            ],
            [
              -74.21555328,
              11.06837654
            ],
            [
              -74.2310947,
              11.22605773
            ],
            [
              -74.13943539,
              11.33317765
            ],
            [
              -73.98427715,
              11.33980362
            ],
            [
              -73.81255399,
              11.26250059
            ],
            [
              -73.44213911,
              11.2571432
            ],
            [
              -73.28509469,
              11.28093781
            ],
            [
              -72.77113111,
              11.67592834
            ],
            [
              -72.45989761,
              11.77824516
            ],
            [
              -72.1388745,
              12.11113549
            ],
            [
              -71.6616253,
              12.45898784
            ],
            [
              -71.27281022,
              12.33833385
            ],
            [
              -71.11747742,
              12.09906387
            ],
            [
              -71.12397003,
              12.02026272
            ],
            [
              -71.32377572,
              11.84821348
            ],
            [
              -71.9641503,
              11.64574617
            ],
            [
              -72.13962286,
              11.33970251
            ]
          ]
        ]
      }
    },
    {
      "type": "Feature",
      "properties": {
        "iso3": "BOL",
        "name": "Bolivia",
        "status": "active",
        "project_count": 1,
        "label_lng": -64.09467923,
        "label_lat": -16.28961569,
        "geometry_quality": "authoritative",
        "geometry_source": "geo/countries_manifest.json + geo/countries_topojson/*.topo.json"
      },
      "geometry": {
        "type": "Polygon",
        "coordinates": [
          [
            [
              -58.168511,
              -20.172243
            ],
            [
              -58.18655459,
              -19.84931126
            ],
            [
              -58.25193939,
              -19.76577433
            ],
            [
              -58.98706906,
              -19.33687549
            ],
            [
              -59.16238222,
              -19.29031016
            ],
            [
              -59.86366944,
              -19.29432493
            ],
            [
              -60.08628086,
              -19.32314128
            ],
            [
              -60.60400477,
              -19.45724046
            ],
            [
              -61.4859371,
              -19.60349436
            ],
            [
              -61.82257236,
              -19.85802076
            ],
            [
              -62.17507113,
              -20.43725631
            ],
            [
              -62.26184167,
              -21.05853889
            ],
            [
              -62.64520233,
              -22.25046638
            ],
            [
              -62.77392986,
              -22.16689967
            ],
            [
              -62.91323011,
              -21.99895161
            ],
            [
              -63.90245105,
              -21.99873296
            ],
            [
              -64.02349572,
              -22.17708875
            ],
            [
              -64.26358761,
              -22.69199581
            ],
            [
              -64.36247641,
              -22.72210528
            ],
            [
              -64.55576102,
              -22.31793521
            ],
            [
              -64.64989823,
              -22.18861996
            ],
            [
              -65.01841398,
              -22.08677066
            ],
            [
              -65.4044863,
              -22.08813309
            ],
            [
              -65.83572965,
              -22.03873417
            ],
            [
              -66.09745647,
              -21.81893239
            ],
            [
              -66.20784768,
              -21.7879351
            ],
            [
              -66.24133967,
              -21.80201822
            ],
            [
              -66.274077,
              -21.9575075
            ],
            [
              -66.64595357,
              -22.21382434
            ],
            [
              -67.02320816,
              -22.5937766
            ],
            [
              -67.1807,
              -22.813797
            ],
            [
              -67.58448365,
              -22.89686438
            ],
            [
              -67.798456,
              -22.881218
            ],
            [
              -67.88211,
              -22.82742
            ],
            [
              -67.93412,
              -22.27649
            ],
            [
              -67.98293802,
              -22.04319357
            ],
            [
              -68.17947,
              -21.4306
            ],
            [
              -68.17909,
              -21.30201
            ],
            [
              -68.68616838,
              -20.50021004
            ],
            [
              -68.738882,
              -20.456079
            ],
            [
              -68.741488,
              -20.368656
            ],
            [
              -68.61650569,
              -19.79703155
            ],
            [
              -68.41972719,
              -19.43339292
            ],
            [
              -68.71308,
              -19.17026
            ],
            [
              -68.932678,
              -18.915135
            ],
            [
              -69.057246,
              -18.308767
            ],
            [
              -69.305722,
              -17.880088
            ],
            [
              -69.468453,
              -17.498344
            ],
            [
              -69.575733,
              -17.291777
            ],
            [
              -69.48133488,
              -17.12303522
            ],
            [
              -68.82480517,
              -16.35918236
            ],
            [
              -69.275522,
              -16.11857
            ],
            [
              -69.411646,
              -15.621759
            ],
            [
              -69.24396128,
              -15.43176415
            ],
            [
              -69.151581,
              -15.26742
            ],
            [
              -69.346227,
              -14.982135
            ],
            [
              -69.357539,
              -14.810663
            ],
            [
              -69.131033,
              -14.506272
            ],
            [
              -68.8553145,
              -14.21979349
            ],
            [
              -68.971174,
              -13.882908
            ],
            [
              -68.995993,
              -13.639411
            ],
            [
              -68.918737,
              -13.520848
            ],
            [
              -68.861647,
              -13.304398
            ],
            [
              -68.82489,
              -12.805408
            ],
            [
              -68.652329,
              -12.498116
            ],
            [
              -68.970084,
              -11.918149
            ],
            [
              -69.57292,
              -10.946172
            ],
            [
              -69.236245,
              -10.947196
            ],
            [
              -68.860178,
              -11.004645
            ],
            [
              -68.756246,
              -11.037549
            ],
            [
              -68.70702644,
              -11.14594306
            ],
            [
              -68.544445,
              -11.106778
            ],
            [
              -68.240697,
              -10.958609
            ],
            [
              -68.104835,
              -10.740563
            ],
            [
              -67.5378,
              -10.48845
            ],
            [
              -66.964066,
              -10.188637
            ],
            [
              -66.60911,
              -9.895181
            ],
            [
              -66.195056,
              -9.806309
            ],
            [
              -65.718885,
              -9.755953
            ],
            [
              -65.43728155,
              -9.67200155
            ],
            [
              -65.378304,
              -9.697125
            ],
            [
              -65.292963,
              -9.833299
            ],
            [
              -65.30766804,
              -10.09243053
            ],
            [
              -65.38709681,
              -10.38794737
            ],
            [
              -65.30962107,
              -10.83482629
            ],
            [
              -65.314634,
              -11.100408
            ],
            [
              -65.35951233,
              -11.25719449
            ],
            [
              -65.23369549,
              -11.67580942
            ],
            [
              -64.93826457,
              -12.00521573
            ],
            [
              -64.813217,
              -12.070335
            ],
            [
              -64.400918,
              -12.449021
            ],
            [
              -63.96666,
              -12.527624
            ],
            [
              -63.897801,
              -12.499692
            ],
            [
              -63.86551392,
              -12.45151855
            ],
            [
              -63.78100759,
              -12.43222005
            ],
            [
              -63.691548,
              -12.449421
            ],
            [
              -63.040132,
              -12.757607
            ],
            [
              -62.808902,
              -12.962137
            ],
            [
              -62.513769,
              -13.075819
            ],
            [
              -62.115209,
              -13.163681
            ],
            [
              -61.87580083,
              -13.50801172
            ],
            [
              -61.24379,
              -13.512812
            ],
            [
              -60.92275955,
              -13.56298201
            ],
            [
              -60.49434706,
              -13.79244154
            ],
            [
              -60.39771,
              -13.977565
            ],
            [
              -60.47888897,
              -14.11326654
            ],
            [
              -60.46215,
              -14.280603
            ],
            [
              -60.27112807,
              -14.63828792
            ],
            [
              -60.245063,
              -15.097173
            ],
            [
              -60.41001978,
              -15.09751909
            ],
            [
              -60.19996332,
              -15.9497634
            ],
            [
              -60.05955998,
              -16.26882137
            ],
            [
              -58.408921,
              -16.31041
            ],
            [
              -58.471976,
              -16.791442
            ],
            [
              -58.456171,
              -16.969391
            ],
            [
              -58.383949,
              -17.192184
            ],
            [
              -58.24645,
              -17.354892
            ],
            [
              -58.076425,
              -17.45628
            ],
            [
              -57.89783764,
              -17.45877946
            ],
            [
              -57.78427846,
              -17.58556261
            ],
            [
              -57.581836,
              -18.108279
            ],
            [
              -57.56554235,
              -18.25835647
            ],
            [
              -57.84990073,
              -19.17463052
            ],
            [
              -58.131153,
              -19.758446
            ],
            [
              -57.97552495,
              -19.88001533
            ],
            [
              -57.99394105,
              -20.05731612
            ],
            [
              -58.168511,
              -20.172243
            ]
          ]
        ]
      }
    },
    {
      "type": "Feature",
      "properties": {
        "iso3": "MMR",
        "name": "Myanmar",
        "status": "under_assessment",
        "project_count": 0,
        "label_lng": 95.93674187,
        "label_lat": 19.1206619,
        "geometry_quality": "authoritative",
        "geometry_source": "geo/countries_manifest.json + geo/countries_topojson/*.topo.json"
      },
      "geometry": {
        "type": "MultiPolygon",
        "coordinates": [
          [
            [
              [
                94.13689228,
                18.84983924
              ],
              [
                94.13973578,
                18.8600906
              ],
              [
                94.12639365,
                18.86398176
              ],
              [
                94.11344563,
                18.88142381
              ],
              [
                94.06673494,
                19.35989998
              ],
              [
                93.77711596,
                19.58800464
              ],
              [
                93.80742521,
                19.71098546
              ],
              [
                93.77991132,
                19.8678357
              ],
              [
                93.51595971,
                19.99036376
              ],
              [
                93.41423899,
                20.15721357
              ],
              [
                93.21943955,
                20.16966908
              ],
              [
                93.17748942,
                20.19656632
              ],
              [
                93.08522415,
                20.53446272
              ],
              [
                93.03192867,
                20.44787001
              ],
              [
                93.02109469,
                20.38652366
              ],
              [
                92.90877966,
                20.1587705
              ],
              [
                92.78521488,
                20.25945837
              ],
              [
                92.7405567,
                20.57948446
              ],
              [
                92.63749569,
                20.70363455
              ],
              [
                92.64264975,
                20.67797472
              ],
              [
                92.69248232,
                20.59218642
              ],
              [
                92.70683909,
                20.57364273
              ],
              [
                92.73174969,
                20.37309925
              ],
              [
                92.669287,
                20.36977056
              ],
              [
                92.38951641,
                20.71095297
              ],
              [
                92.26489388,
                21.03892347
              ],
              [
                92.25573807,
                21.05198654
              ],
              [
                92.18824253,
                21.19182834
              ],
              [
                92.2344746,
                21.34963797
              ],
              [
                92.34444626,
                21.46132177
              ],
              [
                92.54397569,
                21.37848084
              ],
              [
                92.60972425,
                21.79039617
              ],
              [
                92.60675611,
                21.97120086
              ],
              [
                92.67356033,
                22.01049436
              ],
              [
                92.91307245,
                21.97035911
              ],
              [
                92.99508455,
                22.03112514
              ],
              [
                93.19772053,
                22.27576481
              ],
              [
                93.18439815,
                22.39880592
              ],
              [
                93.11108262,
                22.55417714
              ],
              [
                93.09606312,
                22.79796825
              ],
              [
                93.12669611,
                22.99644629
              ],
              [
                93.21664341,
                23.03183121
              ],
              [
                93.2965777,
                23.01070209
              ],
              [
                93.3645473,
                23.11999654
              ],
              [
                93.42818926,
                23.66604449
              ],
              [
                93.3566589,
                23.9439935
              ],
              [
                93.42405116,
                24.05826984
              ],
              [
                94.0894992,
                23.88658401
              ],
              [
                94.63252173,
                24.80067744
              ],
              [
                94.7379789,
                25.02256396
              ],
              [
                94.74132317,
                25.09446587
              ],
              [
                94.73129035,
                25.1350152
              ],
              [
                94.59083081,
                25.19395805
              ],
              [
                94.58790457,
                25.2687862
              ],
              [
                94.67192947,
                25.44477866
              ],
              [
                94.86547938,
                25.56475452
              ],
              [
                95.0358771,
                25.74010308
              ],
              [
                95.11644571,
                26.16167478
              ],
              [
                95.07440825,
                26.3402758
              ],
              [
                95.08511994,
                26.48768906
              ],
              [
                95.1514304,
                26.61699447
              ],
              [
                95.22182151,
                26.66570715
              ],
              [
                95.48068736,
                26.74502467
              ],
              [
                95.87676486,
                27.01970301
              ],
              [
                96.02545332,
                27.18267373
              ],
              [
                96.22514983,
                27.27729366
              ],
              [
                96.71049142,
                27.37242367
              ],
              [
                96.80154078,
                27.33620796
              ],
              [
                96.8821335,
                27.25969588
              ],
              [
                97.01296915,
                27.31350937
              ],
              [
                96.93110123,
                27.43031781
              ],
              [
                96.89539559,
                27.57543571
              ],
              [
                96.92855082,
                27.64863226
              ],
              [
                97.0633963,
                27.74999306
              ],
              [
                97.09753391,
                27.7494489
              ],
              [
                97.30603132,
                27.91043031
              ],
              [
                97.36816311,
                28.05072791
              ],
              [
                97.34594788,
                28.21562428
              ],
              [
                97.44290936,
                28.28174909
              ],
              [
                97.50966438,
                28.45573489
              ],
              [
                97.72379053,
                28.49249344
              ],
              [
                97.99399375,
                28.2872456
              ],
              [
                98.15906511,
                28.0848216
              ],
              [
                98.15547116,
                27.94122561
              ],
              [
                98.32025726,
                27.52216268
              ],
              [
                98.37641195,
                27.51093175
              ],
              [
                98.42242572,
                27.54972843
              ],
              [
                98.43657146,
                27.62332818
              ],
              [
                98.54174179,
                27.64030518
              ],
              [
                98.65626976,
                27.5846867
              ],
              [
                98.73449601,
                27.35099972
              ],
              [
                98.76917008,
                26.57422392
              ],
              [
                98.71838943,
                26.22272442
              ],
              [
                98.60036089,
                25.81603554
              ],
              [
                97.89232214,
                25.237982
              ],
              [
                97.56277338,
                24.72934897
              ],
              [
                97.55215791,
                24.4853244
              ],
              [
                97.70876325,
                24.10157166
              ],
              [
                97.56991841,
                23.97841554
              ],
              [
                97.54452498,
                23.92268141
              ],
              [
                97.66192541,
                23.86146055
              ],
              [
                98.11008377,
                24.09281337
              ],
              [
                98.78333953,
                24.13313729
              ],
              [
                98.77778719,
                23.7832949
              ],
              [
                98.91195748,
                23.23830273
              ],
              [
                98.95379812,
                23.17661494
              ],
              [
                99.12099381,
                23.10290204
              ],
              [
                99.22511816,
                23.09173716
              ],
              [
                99.52488435,
                22.90243222
              ],
              [
                99.35520532,
                22.66887995
              ],
              [
                99.25399897,
                22.33242557
              ],
              [
                99.43505225,
                22.10686155
              ],
              [
                99.86515841,
                22.05149648
              ],
              [
                99.9654607,
                21.91071376
              ],
              [
                100.12510338,
                21.51194955
              ],
              [
                100.16676093,
                21.48693858
              ],
              [
                100.60473515,
                21.46502611
              ],
              [
                100.7235561,
                21.5131468
              ],
              [
                100.88752455,
                21.68653481
              ],
              [
                101.1159061,
                21.76899368
              ],
              [
                101.16782105,
                21.60825586
              ],
              [
                101.14318681,
                21.56405931
              ],
              [
                101.15808728,
                21.52333164
              ],
              [
                100.87036937,
                21.32240852
              ],
              [
                100.16810586,
                20.61044812
              ],
              [
                100.08531617,
                20.35273184
              ],
              [
                99.95332678,
                20.46361356
              ],
              [
                99.58765114,
                20.34262406
              ],
              [
                99.25414132,
                20.11404827
              ],
              [
                99.03304414,
                19.88278808
              ],
              [
                98.59550886,
                19.71414152
              ],
              [
                98.39306384,
                19.69046293
              ],
              [
                98.03420699,
                19.74045979
              ],
              [
                97.90531758,
                19.58068137
              ],
              [
                97.8026505,
                19.37656944
              ],
              [
                97.75665636,
                18.76535162
              ],
              [
                97.54094063,
                18.50999738
              ],
              [
                97.54131275,
                18.30035328
              ],
              [
                97.69262478,
                17.83273675
              ],
              [
                97.83310898,
                17.64257469
              ],
              [
                98.37782512,
                17.0589664
              ],
              [
                98.79860328,
                16.10260648
              ],
              [
                98.58651891,
                15.81973339
              ],
              [
                98.54804902,
                15.34682018
              ],
              [
                98.29567906,
                15.30871519
              ],
              [
                98.20268473,
                15.20800914
              ],
              [
                98.19754358,
                15.07418804
              ],
              [
                98.24139456,
                14.87428804
              ],
              [
                98.36236279,
                14.67998282
              ],
              [
                98.65952373,
                14.29092245
              ],
              [
                98.96984756,
                14.046391
              ],
              [
                99.10665098,
                13.86522898
              ],
              [
                99.20077322,
                13.48053926
              ],
              [
                99.20804207,
                13.22631602
              ],
              [
                99.13237151,
                13.16387849
              ],
              [
                99.11280154,
                13.08653051
              ],
              [
                99.2328307,
                12.76204175
              ],
              [
                99.4199569,
                12.51098697
              ],
              [
                99.62471993,
                11.83776553
              ],
              [
                99.52614563,
                11.62335394
              ],
              [
                99.17975958,
                11.05917875
              ],
              [
                98.91554796,
                10.80557513
              ],
              [
                98.80072181,
                10.59975407
              ],
              [
                98.7536723,
                10.38933424
              ],
              [
                98.62344833,
                10.12593532
              ],
              [
                98.51629575,
                10.27148532
              ],
              [
                98.45479987,
                10.6224357
              ],
              [
                98.51049805,
                10.72888184
              ],
              [
                98.70928955,
                10.92352295
              ],
              [
                98.72238556,
                11.34122805
              ],
              [
                98.85791016,
                11.70410156
              ],
              [
                98.81663047,
                11.84277347
              ],
              [
                98.76094624,
                11.88562918
              ],
              [
                98.74971445,
                11.96503107
              ],
              [
                98.70393598,
                12.36037
              ],
              [
                98.69294999,
                12.72755883
              ],
              [
                98.71341824,
                12.79781886
              ],
              [
                98.563367,
                13.21292476
              ],
              [
                98.51918124,
                13.23882629
              ],
              [
                98.24550944,
                13.80781779
              ],
              [
                98.24033246,
                13.91544037
              ],
              [
                98.23121358,
                13.96089662
              ],
              [
                98.21877874,
                13.98162135
              ],
              [
                98.20399509,
                13.97015367
              ],
              [
                98.18049036,
                13.82017808
              ],
              [
                98.16741222,
                13.55865286
              ],
              [
                98.13233142,
                13.55032317
              ],
              [
                97.97007368,
                14.39121188
              ],
              [
                97.96450633,
                14.72036075
              ],
              [
                97.91157268,
                14.86433716
              ],
              [
                97.89078571,
                14.79592289
              ],
              [
                97.89489742,
                14.75492002
              ],
              [
                97.79775309,
                14.92842356
              ],
              [
                97.63380834,
                16.20095853
              ],
              [
                97.63685584,
                16.29949412
              ],
              [
                97.76298362,
                16.52495309
              ],
              [
                97.79568476,
                16.51057062
              ],
              [
                97.81181467,
                16.51166408
              ],
              [
                97.84140592,
                16.54310394
              ],
              [
                97.61640436,
                16.65157608
              ],
              [
                97.60919116,
                16.61915407
              ],
              [
                97.60417048,
                16.57265216
              ],
              [
                97.38738132,
                16.51521599
              ],
              [
                97.23405201,
                16.68455719
              ],
              [
                97.12664554,
                17.06324858
              ],
              [
                96.945037,
                17.27028118
              ],
              [
                96.8946454,
                17.29459801
              ],
              [
                96.87552798,
                17.17497956
              ],
              [
                96.89095288,
                16.96362052
              ],
              [
                96.84795481,
                16.82829009
              ],
              [
                96.68608067,
                16.60665554
              ],
              [
                96.59673732,
                16.52913169
              ],
              [
                96.45869051,
                16.47853007
              ],
              [
                96.40027712,
                16.48202788
              ],
              [
                96.23273862,
                16.60872924
              ],
              [
                95.99890169,
                16.40737206
              ],
              [
                95.85979622,
                16.44174197
              ],
              [
                95.81457482,
                16.16699921
              ],
              [
                95.64391353,
                15.92687035
              ],
              [
                95.44998567,
                15.73540712
              ],
              [
                95.30253226,
                15.7116481
              ],
              [
                95.26987492,
                15.79948596
              ],
              [
                95.29632433,
                15.87487904
              ],
              [
                95.33172472,
                15.9202892
              ],
              [
                95.36108263,
                16.00927845
              ],
              [
                95.38592394,
                16.24249378
              ],
              [
                95.30972368,
                16.18017675
              ],
              [
                95.23052843,
                15.91851918
              ],
              [
                95.18591173,
                16.03051869
              ],
              [
                95.21458157,
                16.11593253
              ],
              [
                95.1409701,
                16.17049256
              ],
              [
                95.05835988,
                16.06185891
              ],
              [
                94.97857433,
                15.84479657
              ],
              [
                94.88369817,
                16.00248505
              ],
              [
                94.90490861,
                16.0922314
              ],
              [
                94.84818226,
                16.14553132
              ],
              [
                94.75909524,
                16.14476989
              ],
              [
                94.70449205,
                16.21373365
              ],
              [
                94.73424701,
                16.36394931
              ],
              [
                94.67894834,
                16.43759839
              ],
              [
                94.51457517,
                16.29226091
              ],
              [
                94.51771606,
                16.20736174
              ],
              [
                94.44193395,
                16.09886494
              ],
              [
                94.31053217,
                15.98046729
              ],
              [
                94.23948848,
                15.96121092
              ],
              [
                94.19628797,
                16.05090434
              ],
              [
                94.24674304,
                16.38972363
              ],
              [
                94.35438985,
                16.6904875
              ],
              [
                94.59365737,
                17.57442497
              ],
              [
                94.45166222,
                17.99671642
              ],
              [
                94.37209304,
                18.37095804
              ],
              [
                94.18440116,
                18.78584086
              ],
              [
                94.13689228,
                18.84983924
              ]
            ]
          ],
          [
            [
              [
                98.44868401,
                12.44523306
              ],
              [
                98.33762523,
                12.3115712
              ],
              [
                98.30576102,
                12.33140726
              ],
              [
                98.29549912,
                12.64527129
              ],
              [
                98.3062133,
                12.68615178
              ],
              [
                98.35718518,
                12.66952759
              ],
              [
                98.47905312,
                12.57398675
              ],
              [
                98.44868401,
                12.44523306
              ]
            ]
          ],
          [
            [
              [
                93.98171867,
                18.97565047
              ],
              [
                93.94279069,
                18.87580828
              ],
              [
                93.75091095,
                18.97212887
              ],
              [
                93.65963483,
                19.05398233
              ],
              [
                93.46965866,
                19.36588207
              ],
              [
                93.49716523,
                19.42384574
              ],
              [
                93.55896785,
                19.4239633
              ],
              [
                93.66267528,
                19.29345166
              ],
              [
                93.89930556,
                19.19857729
              ],
              [
                93.95132755,
                19.13355539
              ],
              [
                93.98171867,
                18.97565047
              ]
            ]
          ]
        ]
      }
    },
    {
      "type": "Feature",
      "properties": {
        "iso3": "KEN",
        "name": "Kenya",
        "status": "active",
        "project_count": 1,
        "label_lng": 37.47956442,
        "label_lat": -0.1581557,
        "geometry_quality": "authoritative",
        "geometry_source": "geo/countries_manifest.json + geo/countries_topojson/*.topo.json"
      },
      "geometry": {
        "type": "Polygon",
        "coordinates": [
          [
            [
              34.94359809,
              4.62022527
            ],
            [
              35.50873619,
              4.62
            ],
            [
              35.9477,
              4.62
            ],
            [
              35.9452898,
              4.54645344
            ],
            [
              36.05009133,
              4.45690749
            ],
            [
              36.78681758,
              4.44954829
            ],
            [
              37.10331713,
              4.32809455
            ],
            [
              38.05082231,
              3.67576581
            ],
            [
              38.18164691,
              3.62485233
            ],
            [
              39.02086439,
              3.52423517
            ],
            [
              39.56052448,
              3.42268891
            ],
            [
              39.75001964,
              3.65061583
            ],
            [
              39.86584248,
              3.8705565
            ],
            [
              40.20474799,
              4.04616648
            ],
            [
              40.75062281,
              4.27636546
            ],
            [
              40.834727,
              4.252152
            ],
            [
              40.958361,
              4.140966
            ],
            [
              41.345728,
              3.947917
            ],
            [
              41.821807,
              3.949065
            ],
            [
              41.910119,
              3.98275556
            ],
            [
              41.38431608,
              3.22998597
            ],
            [
              40.99565,
              2.822
            ],
            [
              40.99565,
              -0.78017761
            ],
            [
              41.48640493,
              -1.49630789
            ],
            [
              41.564494,
              -1.66443056
            ],
            [
              41.32773209,
              -1.93485904
            ],
            [
              41.03840637,
              -2.04424596
            ],
            [
              40.48379517,
              -2.53121495
            ],
            [
              40.31492615,
              -2.60797501
            ],
            [
              40.22915268,
              -2.6888051
            ],
            [
              40.17555618,
              -2.78591299
            ],
            [
              40.10831451,
              -3.30171204
            ],
            [
              39.66329956,
              -4.01195717
            ],
            [
              39.59132767,
              -4.04107523
            ],
            [
              39.65381622,
              -4.13768721
            ],
            [
              39.46871948,
              -4.52072096
            ],
            [
              39.43982696,
              -4.52206898
            ],
            [
              39.20608837,
              -4.6795983
            ],
            [
              37.7842972,
              -3.6771801
            ],
            [
              37.60937645,
              -3.50465745
            ],
            [
              37.58647222,
              -3.44133333
            ],
            [
              37.71330556,
              -3.31208333
            ],
            [
              37.67375,
              -3.0615
            ],
            [
              34.22345665,
              -1.10358038
            ],
            [
              34.01901219,
              -0.9996563
            ],
            [
              33.92961827,
              -0.99587404
            ],
            [
              33.92932274,
              -0.53973848
            ],
            [
              33.99763495,
              0.22342708
            ],
            [
              34.09425843,
              0.46075178
            ],
            [
              34.47960624,
              0.93439484
            ],
            [
              34.94704696,
              1.57779314
            ],
            [
              34.99198496,
              1.66163018
            ],
            [
              35.00101789,
              1.75873245
            ],
            [
              35.00095098,
              1.95968319
            ],
            [
              34.87909363,
              2.56968037
            ],
            [
              34.78399732,
              2.73684926
            ],
            [
              34.65015766,
              2.87528646
            ],
            [
              34.45232961,
              3.23245776
            ],
            [
              34.40608339,
              3.36378992
            ],
            [
              34.42551921,
              3.48900238
            ],
            [
              34.32623806,
              3.7253812
            ],
            [
              34.08097432,
              4.03175575
            ],
            [
              33.99487739,
              4.22789172
            ],
            [
              34.37846,
              4.62
            ],
            [
              34.94359809,
              4.62022527
            ]
          ]
        ]
      }
    },
    {
      "type": "Feature",
      "properties": {
        "iso3": "CMR",
        "name": "Cameroon",
        "status": "preparing",
        "project_count": 0,
        "label_lng": 13.70361404,
        "label_lat": 7.48101005,
        "geometry_quality": "authoritative",
        "geometry_source": "geo/countries_manifest.json + geo/countries_topojson/*.topo.json"
      },
      "geometry": {
        "type": "Polygon",
        "coordinates": [
          [
            [
              15.571888,
              10.069709
            ],
            [
              15.38207979,
              9.95550544
            ],
            [
              14.239495,
              10.006446
            ],
            [
              13.998845,
              9.627834
            ],
            [
              14.486695,
              9.069286
            ],
            [
              15.05449,
              8.681186
            ],
            [
              15.588139,
              7.757357
            ],
            [
              15.568042,
              7.601354
            ],
            [
              15.4957888,
              7.53234171
            ],
            [
              15.179149,
              7.073042
            ],
            [
              15.035184,
              6.762429
            ],
            [
              14.80512879,
              6.38706264
            ],
            [
              14.5870586,
              6.19573994
            ],
            [
              14.588325,
              5.409472
            ],
            [
              14.730825,
              4.62061
            ],
            [
              15.090123,
              4.289638
            ],
            [
              15.155957,
              4.073183
            ],
            [
              15.073453,
              4.019521
            ],
            [
              15.25833495,
              3.70233547
            ],
            [
              16.08646,
              2.824947
            ],
            [
              16.078002,
              2.471181
            ],
            [
              16.19179703,
              2.2203349
            ],
            [
              16.155099,
              2.18332
            ],
            [
              16.096634,
              1.888601
            ],
            [
              15.921244,
              1.780138
            ],
            [
              15.780148,
              1.892448
            ],
            [
              15.488495,
              1.982977
            ],
            [
              15.110743,
              1.99298
            ],
            [
              14.2666665,
              2.17222209
            ],
            [
              13.297022,
              2.172197
            ],
            [
              13.280193,
              2.251182
            ],
            [
              13.189473,
              2.283624
            ],
            [
              12.649886,
              2.24232
            ],
            [
              11.652359,
              2.314376
            ],
            [
              11.398037,
              2.299381
            ],
            [
              11.3333,
              2.172222
            ],
            [
              10.00775371,
              2.17222212
            ],
            [
              9.851946,
              2.24403707
            ],
            [
              9.82258805,
              2.34893793
            ],
            [
              9.8232707,
              2.5619748
            ],
            [
              9.9271034,
              2.9955716
            ],
            [
              9.7318729,
              3.4795482
            ],
            [
              9.6571315,
              3.8473204
            ],
            [
              9.4906694,
              3.9738044
            ],
            [
              9.2111086,
              3.9843617
            ],
            [
              8.9825431,
              4.0962799
            ],
            [
              8.8355317,
              4.6019725
            ],
            [
              8.7259744,
              4.5648095
            ],
            [
              8.7054308,
              4.5390864
            ],
            [
              8.7257623,
              4.5028635
            ],
            [
              8.6949603,
              4.4845958
            ],
            [
              8.5164351,
              4.4983278
            ],
            [
              8.4989528,
              4.615601
            ],
            [
              8.52694906,
              4.73486123
            ],
            [
              8.77270507,
              5.10868476
            ],
            [
              8.87004655,
              5.4828259
            ],
            [
              8.85441202,
              5.71065092
            ],
            [
              8.95405269,
              5.92384679
            ],
            [
              9.58477714,
              6.48369263
            ],
            [
              9.76194846,
              6.69237391
            ],
            [
              9.99544037,
              6.89900624
            ],
            [
              10.55985274,
              7.03874504
            ],
            [
              10.60307069,
              7.09391502
            ],
            [
              10.83364906,
              6.90839162
            ],
            [
              11.09830125,
              6.51998349
            ],
            [
              11.3184839,
              6.50489886
            ],
            [
              11.49741393,
              6.6021474
            ],
            [
              11.5478289,
              6.66258826
            ],
            [
              11.92781459,
              7.42967839
            ],
            [
              12.3023016,
              8.44074799
            ],
            [
              12.46720212,
              8.62528223
            ],
            [
              12.50306294,
              8.64194956
            ],
            [
              12.60871369,
              8.60669665
            ],
            [
              12.75870158,
              8.75953637
            ],
            [
              12.8875,
              9.07194444
            ],
            [
              12.91553625,
              9.27290865
            ],
            [
              13.14960594,
              9.53783264
            ],
            [
              13.53101462,
              10.39316731
            ],
            [
              13.59429039,
              10.6923863
            ],
            [
              13.75989411,
              11.00196596
            ],
            [
              13.96291659,
              11.25249973
            ],
            [
              14.11191045,
              11.26417467
            ],
            [
              14.31819101,
              11.32621824
            ],
            [
              14.56720312,
              11.47952591
            ],
            [
              14.65597068,
              12.13156356
            ],
            [
              14.63488973,
              12.19386315
            ],
            [
              14.50927088,
              12.32939328
            ],
            [
              14.4103104,
              12.36458332
            ],
            [
              14.20333273,
              12.53805706
            ],
            [
              14.083333,
              13.083333
            ],
            [
              14.466666,
              13.083333
            ],
            [
              14.84864,
              12.572028
            ],
            [
              15.077403,
              11.857505
            ],
            [
              15.106985,
              11.498315
            ],
            [
              15.060794,
              11.411706
            ],
            [
              15.057234,
              11.275578
            ],
            [
              15.077061,
              10.854001
            ],
            [
              15.106871,
              10.738509
            ],
            [
              15.19347702,
              10.50651206
            ],
            [
              15.489353,
              10.125864
            ],
            [
              15.571888,
              10.069709
            ]
          ]
        ]
      }
    },
    {
      "type": "Feature",
      "properties": {
        "iso3": "COG",
        "name": "Republic of Congo",
        "status": "preparing",
        "project_count": 0,
        "label_lng": 16.01693369,
        "label_lat": -0.78209045,
        "geometry_quality": "authoritative",
        "geometry_source": "geo/countries_manifest.json + geo/countries_topojson/*.topo.json"
      },
      "geometry": {
        "type": "Polygon",
        "coordinates": [
          [
            [
              18.62508317,
              3.47164695
            ],
            [
              18.63024157,
              3.18918369
            ],
            [
              18.34457779,
              2.62757881
            ],
            [
              18.20154717,
              2.40667885
            ],
            [
              18.17313299,
              2.35946099
            ],
            [
              18.09906309,
              2.27794952
            ],
            [
              18.09457419,
              2.27188607
            ],
            [
              18.09246771,
              2.2505775
            ],
            [
              18.05912953,
              2.05700267
            ],
            [
              18.06190605,
              1.8905499
            ],
            [
              18.05551745,
              1.86595976
            ],
            [
              18.0557735,
              1.84196101
            ],
            [
              18.07001517,
              1.53076845
            ],
            [
              17.94296802,
              1.2690022
            ],
            [
              17.84203356,
              0.97064408
            ],
            [
              17.87202372,
              0.58401149
            ],
            [
              17.82116991,
              0.23245792
            ],
            [
              17.69921158,
              -0.12737028
            ],
            [
              17.70443346,
              -0.57980959
            ],
            [
              17.664942,
              -0.64901367
            ],
            [
              17.41238875,
              -0.8899399
            ],
            [
              17.00936344,
              -1.12679841
            ],
            [
              16.84780773,
              -1.25452493
            ],
            [
              16.7229705,
              -1.43923377
            ],
            [
              16.59804349,
              -1.69808694
            ],
            [
              16.18828334,
              -2.18632483
            ],
            [
              16.18116179,
              -2.40505791
            ],
            [
              16.21039664,
              -2.52574947
            ],
            [
              16.15508441,
              -3.43354041
            ],
            [
              15.95792059,
              -3.79432396
            ],
            [
              15.73623727,
              -3.98659808
            ],
            [
              15.1467501,
              -4.4145505
            ],
            [
              14.8082529,
              -4.83713707
            ],
            [
              14.68757501,
              -4.9128817
            ],
            [
              14.42353866,
              -4.88881032
            ],
            [
              14.39885077,
              -4.8601934
            ],
            [
              14.41875969,
              -4.51350402
            ],
            [
              14.47628027,
              -4.44241855
            ],
            [
              14.40760299,
              -4.30361664
            ],
            [
              13.72487516,
              -4.49279689
            ],
            [
              13.70470078,
              -4.70874713
            ],
            [
              13.60936902,
              -4.79252735
            ],
            [
              13.41390661,
              -4.87115511
            ],
            [
              13.19772704,
              -4.66010122
            ],
            [
              13.10175845,
              -4.68505245
            ],
            [
              12.98789046,
              -4.56355412
            ],
            [
              12.74343474,
              -4.44204111
            ],
            [
              11.98976946,
              -4.99921432
            ],
            [
              11.85407711,
              -4.82088681
            ],
            [
              11.82198843,
              -4.63521997
            ],
            [
              11.68160975,
              -4.45030253
            ],
            [
              11.34935303,
              -4.11603195
            ],
            [
              11.15316525,
              -3.96012753
            ],
            [
              11.250241,
              -3.748239
            ],
            [
              11.483899,
              -3.493898
            ],
            [
              11.651497,
              -3.64116
            ],
            [
              11.669711,
              -3.739217
            ],
            [
              11.811294,
              -3.707595
            ],
            [
              11.899496,
              -3.643877
            ],
            [
              11.952419,
              -3.328327
            ],
            [
              11.715993,
              -3.110612
            ],
            [
              11.586826,
              -2.871711
            ],
            [
              11.522416,
              -2.378259
            ],
            [
              11.634035,
              -2.409107
            ],
            [
              12.513935,
              -2.421706
            ],
            [
              12.491244,
              -2.150998
            ],
            [
              12.448768,
              -1.997828
            ],
            [
              12.461058,
              -1.879698
            ],
            [
              12.607788,
              -1.814012
            ],
            [
              12.786577,
              -1.894386
            ],
            [
              13.058135,
              -2.334407
            ],
            [
              13.479197,
              -2.42816
            ],
            [
              13.628285,
              -2.320056
            ],
            [
              13.726847,
              -2.19374
            ],
            [
              13.871441,
              -2.408559
            ],
            [
              13.867731,
              -2.470185
            ],
            [
              13.901872,
              -2.49028
            ],
            [
              14.07697238,
              -2.49733516
            ],
            [
              14.227217,
              -2.36271
            ],
            [
              14.34417,
              -1.939006
            ],
            [
              14.427937,
              -1.78787
            ],
            [
              14.493936,
              -1.455195
            ],
            [
              14.474997,
              -1.136173
            ],
            [
              14.518606,
              -0.674241
            ],
            [
              14.418215,
              -0.477361
            ],
            [
              13.892662,
              -0.235301
            ],
            [
              13.90412,
              0.248234
            ],
            [
              13.946332,
              0.346314
            ],
            [
              14.142034,
              0.557124
            ],
            [
              14.275185,
              0.542325
            ],
            [
              14.336432,
              0.612388
            ],
            [
              14.483178,
              0.832073
            ],
            [
              14.47359,
              0.941805
            ],
            [
              14.283738,
              1.33423
            ],
            [
              14.177069,
              1.396559
            ],
            [
              13.810958,
              1.429342
            ],
            [
              13.786759,
              1.392913
            ],
            [
              13.573369,
              1.289477
            ],
            [
              13.339421,
              1.257539
            ],
            [
              13.218151,
              1.284063
            ],
            [
              13.132497,
              1.580803
            ],
            [
              13.137025,
              1.686924
            ],
            [
              13.175664,
              1.873603
            ],
            [
              13.256896,
              2.023303
            ],
            [
              13.297022,
              2.172197
            ],
            [
              14.2666665,
              2.17222209
            ],
            [
              15.110743,
              1.99298
            ],
            [
              15.488495,
              1.982977
            ],
            [
              15.780148,
              1.892448
            ],
            [
              15.921244,
              1.780138
            ],
            [
              16.096634,
              1.888601
            ],
            [
              16.155099,
              2.18332
            ],
            [
              16.19179703,
              2.2203349
            ],
            [
              16.46067,
              2.73035
            ],
            [
              16.59332,
              3.4667
            ],
            [
              16.66285,
              3.53768
            ],
            [
              17.38422588,
              3.64562203
            ],
            [
              17.84018667,
              3.59924333
            ],
            [
              18.28716,
              3.59194
            ],
            [
              18.46129,
              3.62615
            ],
            [
              18.62508317,
              3.47164695
            ]
          ]
        ]
      }
    },
    {
      "type": "Feature",
      "properties": {
        "iso3": "BFA",
        "name": "Burkina Faso",
        "status": "active",
        "project_count": 1,
        "label_lng": -1.18025513,
        "label_lat": 12.2579425,
        "geometry_quality": "authoritative",
        "geometry_source": "geo/countries_manifest.json + geo/countries_topojson/*.topo.json"
      },
      "geometry": {
        "type": "Polygon",
        "coordinates": [
          [
            [
              0.23313197,
              14.91625936
            ],
            [
              0.19111909,
              14.82272069
            ],
            [
              0.161694,
              14.5335
            ],
            [
              0.381056,
              14.051306
            ],
            [
              0.608926,
              13.744523
            ],
            [
              1.228236,
              13.391542
            ],
            [
              1.254598,
              13.340161
            ],
            [
              1.173969,
              13.322208
            ],
            [
              0.991917,
              13.374694
            ],
            [
              0.991917,
              13.103333
            ],
            [
              1.868583,
              12.605333
            ],
            [
              1.984951,
              12.735867
            ],
            [
              2.108834,
              12.723544
            ],
            [
              2.22804,
              12.565124
            ],
            [
              2.275193,
              12.429314
            ],
            [
              2.084725,
              12.392766
            ],
            [
              2.066294,
              12.358002
            ],
            [
              2.407427,
              11.898873
            ],
            [
              2.30694855,
              11.69243329
            ],
            [
              2.02843071,
              11.43582544
            ],
            [
              1.94285078,
              11.41584406
            ],
            [
              1.38787239,
              11.44130645
            ],
            [
              1.1421882,
              11.17491996
            ],
            [
              0.91416014,
              11.00111718
            ],
            [
              0.62930312,
              10.9873192
            ],
            [
              -0.13571276,
              11.13849548
            ],
            [
              -0.24781293,
              11.16251488
            ],
            [
              -0.65840483,
              10.97507298
            ],
            [
              -0.96381207,
              11.00056771
            ],
            [
              -2.8337019,
              11.00668832
            ],
            [
              -2.92963925,
              10.60063677
            ],
            [
              -2.79795388,
              10.27626635
            ],
            [
              -2.75142424,
              9.94201822
            ],
            [
              -2.77140117,
              9.60080161
            ],
            [
              -2.687203,
              9.491666
            ],
            [
              -2.75811211,
              9.41151431
            ],
            [
              -2.78301776,
              9.41862524
            ],
            [
              -2.92852773,
              9.57044816
            ],
            [
              -3.03562146,
              9.73469925
            ],
            [
              -3.15949497,
              9.84556322
            ],
            [
              -3.42016955,
              9.92741675
            ],
            [
              -3.64360688,
              9.94815523
            ],
            [
              -3.90581037,
              9.89470641
            ],
            [
              -4.15760296,
              9.81454808
            ],
            [
              -4.46805733,
              9.65102041
            ],
            [
              -4.7132301,
              9.70392624
            ],
            [
              -4.96014734,
              9.93458979
            ],
            [
              -5.01812577,
              10.10127904
            ],
            [
              -5.13788442,
              10.30044665
            ],
            [
              -5.35389175,
              10.29250195
            ],
            [
              -5.513207,
              10.430789
            ],
            [
              -5.346713,
              11.125156
            ],
            [
              -5.19953823,
              11.44187064
            ],
            [
              -5.26060168,
              11.73358687
            ],
            [
              -5.36031495,
              11.83157265
            ],
            [
              -5.05931738,
              11.97887521
            ],
            [
              -4.72315804,
              12.02443259
            ],
            [
              -4.553867,
              12.157883
            ],
            [
              -4.26479,
              12.70655
            ],
            [
              -4.33370614,
              13.14671358
            ],
            [
              -4.100642,
              13.356903
            ],
            [
              -3.933716,
              13.42555
            ],
            [
              -3.58769,
              13.20077
            ],
            [
              -3.42742,
              13.20081
            ],
            [
              -3.282042,
              13.28702566
            ],
            [
              -3.25712847,
              13.403797
            ],
            [
              -2.852213,
              14.004841
            ],
            [
              -2.474126,
              14.298003
            ],
            [
              -2.18786941,
              14.19643526
            ],
            [
              -1.79364375,
              14.48251836
            ],
            [
              -1.138335,
              14.771847
            ],
            [
              -0.710942,
              15.082816
            ],
            [
              -0.246214,
              15.077772
            ],
            [
              0.23313197,
              14.91625936
            ]
          ]
        ]
      }
    },
    {
      "type": "Feature",
      "properties": {
        "iso3": "ECU",
        "name": "Ecuador",
        "status": "active",
        "project_count": 1,
        "label_lng": -78.22506459,
        "label_lat": -1.71727446,
        "geometry_quality": "authoritative",
        "geometry_source": "geo/countries_manifest.json + geo/countries_topojson/*.topo.json"
      },
      "geometry": {
        "type": "MultiPolygon",
        "coordinates": [
          [
            [
              [
                -77.0848872,
                0.306524
              ],
              [
                -76.42291702,
                0.23430248
              ],
              [
                -76.41183245,
                0.35097261
              ],
              [
                -76.38320121,
                0.38903281
              ],
              [
                -76.26026922,
                0.41584737
              ],
              [
                -76.05154419,
                0.33041189
              ],
              [
                -75.76645721,
                0.04022104
              ],
              [
                -75.25866834,
                -0.1135755
              ],
              [
                -75.58585597,
                -0.18802116
              ],
              [
                -75.31130774,
                -0.47720435
              ],
              [
                -75.24296395,
                -0.64174908
              ],
              [
                -75.23020363,
                -0.85623818
              ],
              [
                -75.40779633,
                -1.00710216
              ],
              [
                -75.57755657,
                -1.54771216
              ],
              [
                -76.04325305,
                -2.12461958
              ],
              [
                -76.63357143,
                -2.59018879
              ],
              [
                -77.65732731,
                -2.93587268
              ],
              [
                -78.3530246,
                -3.41173624
              ],
              [
                -78.62645018,
                -4.41661966
              ],
              [
                -78.71854907,
                -4.62814033
              ],
              [
                -78.99548856,
                -4.97334802
              ],
              [
                -79.28332066,
                -4.94738994
              ],
              [
                -79.40791016,
                -4.79647443
              ],
              [
                -79.48509512,
                -4.62820266
              ],
              [
                -79.70525603,
                -4.47050194
              ],
              [
                -79.93477523,
                -4.39570867
              ],
              [
                -80.21868269,
                -4.3605622
              ],
              [
                -80.33650685,
                -4.46686191
              ],
              [
                -80.39717073,
                -4.47918819
              ],
              [
                -80.44097666,
                -4.45426896
              ],
              [
                -80.44494318,
                -4.20310701
              ],
              [
                -80.32859347,
                -4.00475007
              ],
              [
                -80.19262575,
                -3.68015252
              ],
              [
                -80.22909833,
                -3.4283877
              ],
              [
                -80.17957191,
                -3.34198498
              ],
              [
                -80.11960613,
                -3.33341156
              ],
              [
                -79.93055771,
                -3.17068986
              ],
              [
                -79.88011348,
                -3.0744303
              ],
              [
                -79.79430743,
                -2.73791538
              ],
              [
                -79.775951,
                -2.53487515
              ],
              [
                -79.83325887,
                -2.39541229
              ],
              [
                -80.02668186,
                -2.35651144
              ],
              [
                -80.25801218,
                -2.74309137
              ],
              [
                -80.7478585,
                -2.39105785
              ],
              [
                -80.94250373,
                -2.21856547
              ],
              [
                -80.73393786,
                -1.88683677
              ],
              [
                -80.73933274,
                -1.36682118
              ],
              [
                -80.78522275,
                -1.28328585
              ],
              [
                -80.72615072,
                -0.93969387
              ],
              [
                -80.42883932,
                -0.56769873
              ],
              [
                -80.23381772,
                -0.13791319
              ],
              [
                -80.05967878,
                0.06642963
              ],
              [
                -80.01283562,
                0.52738419
              ],
              [
                -80.08685288,
                0.65009758
              ],
              [
                -80.02986474,
                0.81789945
              ],
              [
                -79.66188946,
                0.99022769
              ],
              [
                -79.17176321,
                1.09292658
              ],
              [
                -78.95073813,
                1.32358144
              ],
              [
                -78.88281699,
                1.44635781
              ],
              [
                -78.78146042,
                1.4007239
              ],
              [
                -78.58862992,
                1.24197538
              ],
              [
                -78.24568105,
                1.02876177
              ],
              [
                -77.81403368,
                0.81938701
              ],
              [
                -77.52074043,
                0.51485564
              ],
              [
                -77.36686329,
                0.39777301
              ],
              [
                -77.0848872,
                0.306524
              ]
            ]
          ],
          [
            [
              [
                -80.11089671,
                -2.99135835
              ],
              [
                -80.19340697,
                -3.0413482
              ],
              [
                -80.25646,
                -3.02753477
              ],
              [
                -80.26199211,
                -2.88059013
              ],
              [
                -80.22001546,
                -2.73821015
              ],
              [
                -80.03557706,
                -2.67550529
              ],
              [
                -79.9028885,
                -2.73874754
              ],
              [
                -79.91007881,
                -2.77492695
              ],
              [
                -80.00444136,
                -2.8207729
              ],
              [
                -80.11089671,
                -2.99135835
              ]
            ]
          ],
          [
            [
              [
                -91.34005185,
                0.16356791
              ],
              [
                -91.20750148,
                -0.01874476
              ],
              [
                -91.04712518,
                -0.34445748
              ],
              [
                -90.79509815,
                -0.74251668
              ],
              [
                -90.84694425,
                -0.89939197
              ],
              [
                -90.90470504,
                -0.95305372
              ],
              [
                -91.21568883,
                -1.04449184
              ],
              [
                -91.43497757,
                -1.00332151
              ],
              [
                -91.51232905,
                -0.90689255
              ],
              [
                -91.49724356,
                -0.85817334
              ],
              [
                -91.33515793,
                -0.71580008
              ],
              [
                -91.21096987,
                -0.67186825
              ],
              [
                -91.40493372,
                -0.10333129
              ],
              [
                -91.47782152,
                -0.01701674
              ],
              [
                -91.55157505,
                -0.04862325
              ],
              [
                -91.59432078,
                -0.0112207
              ],
              [
                -91.34005185,
                0.16356791
              ]
            ]
          ],
          [
            [
              [
                -89.45084703,
                -0.93724992
              ],
              [
                -89.5357051,
                -0.95463206
              ],
              [
                -89.62779943,
                -0.91858065
              ],
              [
                -89.57117235,
                -0.86300585
              ],
              [
                -89.46146721,
                -0.7625527
              ],
              [
                -89.42316271,
                -0.72879228
              ],
              [
                -89.35033009,
                -0.68656956
              ],
              [
                -89.2654011,
                -0.69437981
              ],
              [
                -89.24381868,
                -0.72474666
              ],
              [
                -89.45084703,
                -0.93724992
              ]
            ]
          ],
          [
            [
              [
                -90.23387896,
                -0.73273391
              ],
              [
                -90.39818928,
                -0.77268205
              ],
              [
                -90.53346416,
                -0.69641901
              ],
              [
                -90.54604189,
                -0.63061004
              ],
              [
                -90.50309926,
                -0.53133678
              ],
              [
                -90.24781353,
                -0.49469528
              ],
              [
                -90.16895496,
                -0.57521796
              ],
              [
                -90.19418639,
                -0.69088713
              ],
              [
                -90.23387896,
                -0.73273391
              ]
            ]
          ],
          [
            [
              [
                -91.38890617,
                -0.45726596
              ],
              [
                -91.48021197,
                -0.50175587
              ],
              [
                -91.60877591,
                -0.48078486
              ],
              [
                -91.65760167,
                -0.30651506
              ],
              [
                -91.45796859,
                -0.26146581
              ],
              [
                -91.38117422,
                -0.34793433
              ],
              [
                -91.38890617,
                -0.45726596
              ]
            ]
          ],
          [
            [
              [
                -90.55244462,
                -0.32184873
              ],
              [
                -90.58009253,
                -0.36408574
              ],
              [
                -90.74549384,
                -0.35726005
              ],
              [
                -90.83126849,
                -0.31495631
              ],
              [
                -90.86093465,
                -0.24106055
              ],
              [
                -90.78793308,
                -0.14658689
              ],
              [
                -90.58839675,
                -0.23254022
              ],
              [
                -90.55244462,
                -0.32184873
              ]
            ]
          ]
        ]
      }
    },
    {
      "type": "Feature",
      "properties": {
        "iso3": "GUY",
        "name": "Guyana",
        "status": "active",
        "project_count": 1,
        "label_lng": -58.8715248,
        "label_lat": 4.8919728,
        "geometry_quality": "authoritative",
        "geometry_source": "geo/countries_manifest.json + geo/countries_topojson/*.topo.json"
      },
      "geometry": {
        "type": "Polygon",
        "coordinates": [
          [
            [
              -59.99721463,
              8.54575128
            ],
            [
              -59.80154419,
              8.3828268
            ],
            [
              -59.75751877,
              8.40129471
            ],
            [
              -59.68712616,
              8.37371445
            ],
            [
              -59.12628937,
              8.03359699
            ],
            [
              -58.63466644,
              7.55921602
            ],
            [
              -58.53091431,
              7.41008616
            ],
            [
              -58.46818924,
              7.29061794
            ],
            [
              -58.46608734,
              7.1244359
            ],
            [
              -58.479496,
              7.01212502
            ],
            [
              -58.54221344,
              6.95623493
            ],
            [
              -58.58712387,
              6.80894184
            ],
            [
              -58.61451721,
              6.41889
            ],
            [
              -58.57770538,
              6.45819902
            ],
            [
              -58.48070145,
              6.79878712
            ],
            [
              -58.41235352,
              6.87165403
            ],
            [
              -58.29232407,
              6.88942003
            ],
            [
              -58.03987503,
              6.81861401
            ],
            [
              -57.44460297,
              6.32219601
            ],
            [
              -57.23629379,
              6.18462181
            ],
            [
              -57.14886475,
              6.0064249
            ],
            [
              -57.1394537,
              5.81027547
            ],
            [
              -57.23345179,
              5.13394685
            ],
            [
              -57.30450018,
              5.01491772
            ],
            [
              -57.57442626,
              4.99973305
            ],
            [
              -57.90918412,
              4.78421255
            ],
            [
              -57.92955322,
              4.43872171
            ],
            [
              -58.0498701,
              4.15098024
            ],
            [
              -58.00373469,
              3.98343586
            ],
            [
              -57.77167011,
              3.62857479
            ],
            [
              -57.39405818,
              3.36658744
            ],
            [
              -57.25485586,
              3.11481247
            ],
            [
              -57.21016347,
              2.9420019
            ],
            [
              -56.77482508,
              2.14988862
            ],
            [
              -56.68761247,
              2.03353632
            ],
            [
              -56.47736721,
              1.94594242
            ],
            [
              -56.76656,
              1.878232
            ],
            [
              -56.972834,
              1.908215
            ],
            [
              -57.445988,
              1.870887
            ],
            [
              -57.688843,
              1.692332
            ],
            [
              -57.988842,
              1.576247
            ],
            [
              -58.147419,
              1.525498
            ],
            [
              -58.33369,
              1.575341
            ],
            [
              -58.457226,
              1.459806
            ],
            [
              -58.535835,
              1.262831
            ],
            [
              -58.893833,
              1.223371
            ],
            [
              -59.271736,
              1.399316
            ],
            [
              -59.666466,
              1.742506
            ],
            [
              -59.733658,
              2.091234
            ],
            [
              -59.906789,
              2.396465
            ],
            [
              -59.990018,
              2.691189
            ],
            [
              -59.97700053,
              2.93800802
            ],
            [
              -59.815112,
              3.485634
            ],
            [
              -59.757196,
              3.641438
            ],
            [
              -59.563667,
              3.970732
            ],
            [
              -59.703055,
              4.317049
            ],
            [
              -59.972859,
              4.493206
            ],
            [
              -60.074165,
              4.638237
            ],
            [
              -60.024161,
              4.748202
            ],
            [
              -59.978271,
              5.0361
            ],
            [
              -59.99418146,
              5.08482079
            ],
            [
              -60.20594292,
              5.27025654
            ],
            [
              -60.67513293,
              5.23174193
            ],
            [
              -60.73638932,
              5.20138956
            ],
            [
              -61.3505428,
              5.87991209
            ],
            [
              -61.142703,
              6.281129
            ],
            [
              -61.151441,
              6.411391
            ],
            [
              -61.224252,
              6.589793
            ],
            [
              -61.120047,
              6.726078
            ],
            [
              -60.753747,
              6.765911
            ],
            [
              -60.365933,
              6.967597
            ],
            [
              -60.312783,
              7.033254
            ],
            [
              -60.294577,
              7.130876
            ],
            [
              -60.450408,
              7.204191
            ],
            [
              -60.517835,
              7.16535
            ],
            [
              -60.614452,
              7.291131
            ],
            [
              -60.683647,
              7.463733
            ],
            [
              -60.540174,
              7.815728
            ],
            [
              -60.361729,
              7.824885
            ],
            [
              -59.810651,
              8.267923
            ],
            [
              -59.806507,
              8.304363
            ],
            [
              -59.99721463,
              8.54575128
            ]
          ]
        ]
      }
    },
    {
      "type": "Feature",
      "properties": {
        "iso3": "KHM",
        "name": "Cambodia",
        "status": "under_assessment",
        "project_count": 0,
        "label_lng": 105.10933768,
        "label_lat": 12.47790027,
        "geometry_quality": "authoritative",
        "geometry_source": "geo/countries_manifest.json + geo/countries_topojson/*.topo.json"
      },
      "geometry": {
        "type": "Polygon",
        "coordinates": [
          [
            [
              107.55613207,
              14.68660178
            ],
            [
              107.39816684,
              13.99344471
            ],
            [
              107.564022,
              13.67761009
            ],
            [
              107.62826287,
              13.48360225
            ],
            [
              107.63130708,
              13.36515472
            ],
            [
              107.57809658,
              13.23222112
            ],
            [
              107.56142376,
              12.74623407
            ],
            [
              107.58646529,
              12.56294959
            ],
            [
              107.5520613,
              12.39285095
            ],
            [
              107.51454912,
              12.33345081
            ],
            [
              107.44224118,
              12.26599115
            ],
            [
              107.38480065,
              12.28172528
            ],
            [
              107.10141123,
              12.20489152
            ],
            [
              106.57715145,
              11.97164645
            ],
            [
              106.44225412,
              11.83253495
            ],
            [
              106.26920041,
              11.71720665
            ],
            [
              106.07211903,
              11.77369078
            ],
            [
              105.8999494,
              11.67150454
            ],
            [
              105.85543624,
              11.56426387
            ],
            [
              105.87173057,
              11.32341144
            ],
            [
              105.90916437,
              11.24851527
            ],
            [
              106.03002386,
              11.14282524
            ],
            [
              106.10385012,
              11.08323872
            ],
            [
              106.15292635,
              11.10502212
            ],
            [
              106.17577032,
              11.07576709
            ],
            [
              106.21089912,
              10.97641204
            ],
            [
              106.19710842,
              10.78794515
            ],
            [
              105.86055804,
              10.88893078
            ],
            [
              105.49401104,
              10.94859379
            ],
            [
              105.0770085,
              10.7781194
            ],
            [
              104.73585857,
              10.5249637
            ],
            [
              104.44526077,
              10.42606886
            ],
            [
              104.2013491,
              10.55929595
            ],
            [
              103.85382843,
              10.60191441
            ],
            [
              103.75398671,
              10.53210516
            ],
            [
              103.63097999,
              10.74053908
            ],
            [
              103.71263789,
              10.85070151
            ],
            [
              103.67162346,
              11.05953259
            ],
            [
              103.54907749,
              11.16710677
            ],
            [
              103.50396304,
              11.16654083
            ],
            [
              103.44496073,
              11.10254192
            ],
            [
              103.42045848,
              10.91871051
            ],
            [
              103.34851809,
              10.88469899
            ],
            [
              103.12743764,
              10.87360971
            ],
            [
              103.10280928,
              10.91516605
            ],
            [
              103.10579175,
              11.29928682
            ],
            [
              102.91094702,
              11.64720826
            ],
            [
              102.90407,
              11.77688
            ],
            [
              102.35158,
              13.29777
            ],
            [
              102.3518068,
              13.52201003
            ],
            [
              102.41331323,
              13.56467471
            ],
            [
              102.6129825,
              13.61353906
            ],
            [
              102.97702688,
              14.20233144
            ],
            [
              103.14757,
              14.3183
            ],
            [
              103.59558698,
              14.41464689
            ],
            [
              104.01691,
              14.33829
            ],
            [
              104.82656535,
              14.42178767
            ],
            [
              104.97111985,
              14.38383359
            ],
            [
              105.03071,
              14.23097
            ],
            [
              105.08592,
              14.20729
            ],
            [
              105.15472,
              14.24447
            ],
            [
              105.20007032,
              14.34270871
            ],
            [
              105.27111359,
              14.18421572
            ],
            [
              105.37307242,
              14.10220455
            ],
            [
              105.79276979,
              14.01930286
            ],
            [
              105.93418251,
              13.92855045
            ],
            [
              106.09943855,
              13.91686849
            ],
            [
              106.18502185,
              14.05649816
            ],
            [
              106.04589408,
              14.2234959
            ],
            [
              105.99908124,
              14.36810883
            ],
            [
              106.33258899,
              14.44056095
            ],
            [
              106.67788877,
              14.43058271
            ],
            [
              106.83460528,
              14.30371695
            ],
            [
              106.93710754,
              14.32391012
            ],
            [
              107.25119905,
              14.47930969
            ],
            [
              107.55613207,
              14.68660178
            ]
          ]
        ]
      }
    },
    {
      "type": "Feature",
      "properties": {
        "iso3": "NPL",
        "name": "Nepal",
        "status": "active",
        "project_count": 1,
        "label_lng": 83.20911627,
        "label_lat": 28.37425252,
        "geometry_quality": "authoritative",
        "geometry_source": "geo/countries_manifest.json + geo/countries_topojson/*.topo.json"
      },
      "geometry": {
        "type": "Polygon",
        "coordinates": [
          [
            [
              88.135731,
              27.881618
            ],
            [
              88.19329582,
              27.85479211
            ],
            [
              88.19362511,
              27.79651253
            ],
            [
              88.05707681,
              27.46635447
            ],
            [
              88.00034975,
              27.10383775
            ],
            [
              88.03626022,
              27.0386854
            ],
            [
              88.11962464,
              26.98710896
            ],
            [
              88.18696015,
              26.74961335
            ],
            [
              88.09199488,
              26.4327125
            ],
            [
              88.02848331,
              26.36729844
            ],
            [
              87.54083977,
              26.42007615
            ],
            [
              86.8468881,
              26.44251671
            ],
            [
              86.56347846,
              26.50353
            ],
            [
              86.2756737,
              26.61735836
            ],
            [
              85.95463491,
              26.6319747
            ],
            [
              85.72789246,
              26.72465198
            ],
            [
              85.4455134,
              26.78436793
            ],
            [
              85.19717902,
              26.77055962
            ],
            [
              84.68331074,
              27.14415317
            ],
            [
              84.68901201,
              27.22064725
            ],
            [
              84.62000823,
              27.33875859
            ],
            [
              84.27778045,
              27.41627124
            ],
            [
              84.05827073,
              27.45189203
            ],
            [
              83.79533235,
              27.38619323
            ],
            [
              82.73597855,
              27.50230281
            ],
            [
              82.75211705,
              27.59401744
            ],
            [
              82.69478486,
              27.71816275
            ],
            [
              82.33651145,
              27.75463242
            ],
            [
              81.8131038,
              27.90448026
            ],
            [
              81.50584029,
              28.06852581
            ],
            [
              81.02802268,
              28.42397068
            ],
            [
              80.68666607,
              28.6039441
            ],
            [
              80.40251241,
              28.63442974
            ],
            [
              80.06479616,
              28.83760226
            ],
            [
              80.0584699,
              28.91658333
            ],
            [
              80.43057674,
              29.80088739
            ],
            [
              80.94381463,
              30.21754531
            ],
            [
              81.04225734,
              30.2119017
            ],
            [
              81.09838664,
              30.04894446
            ],
            [
              81.12315359,
              30.0225324
            ],
            [
              81.23224872,
              30.00810798
            ],
            [
              81.3576202,
              30.18148809
            ],
            [
              81.46091621,
              30.40577543
            ],
            [
              81.5813296,
              30.42386719
            ],
            [
              82.06513149,
              30.35411799
            ],
            [
              82.1600785,
              30.18935764
            ],
            [
              82.72476406,
              29.8017868
            ],
            [
              83.16339127,
              29.6092241
            ],
            [
              83.44066459,
              29.30784406
            ],
            [
              83.73945134,
              29.24498987
            ],
            [
              83.82257676,
              29.30287919
            ],
            [
              83.96054267,
              29.33025132
            ],
            [
              84.08555087,
              29.29467097
            ],
            [
              84.16944243,
              29.24078277
            ],
            [
              84.22748185,
              28.94301456
            ],
            [
              84.74140452,
              28.616962
            ],
            [
              85.12915765,
              28.48645889
            ],
            [
              85.41307997,
              28.32242649
            ],
            [
              85.7349025,
              28.32453437
            ],
            [
              86.00048794,
              27.91146033
            ],
            [
              86.56188929,
              28.1012682
            ],
            [
              86.66752466,
              28.10057899
            ],
            [
              87.01050075,
              27.95439943
            ],
            [
              87.10801581,
              27.85446246
            ],
            [
              87.22833795,
              27.82539581
            ],
            [
              87.5909685,
              27.83221413
            ],
            [
              87.964217,
              27.89606419
            ],
            [
              88.135731,
              27.881618
            ]
          ]
        ]
      }
    },
    {
      "type": "Feature",
      "properties": {
        "iso3": "SUR",
        "name": "Suriname",
        "status": "active",
        "project_count": 2,
        "label_lng": -56.02773203,
        "label_lat": 3.81154628,
        "geometry_quality": "authoritative",
        "geometry_source": "geo/countries_manifest.json + geo/countries_topojson/*.topo.json"
      },
      "geometry": {
        "type": "Polygon",
        "coordinates": [
          [
            [
              -56.31076431,
              5.90247393
            ],
            [
              -55.92417526,
              5.89657211
            ],
            [
              -55.82717514,
              5.95379496
            ],
            [
              -55.59814835,
              5.98077202
            ],
            [
              -55.36209869,
              5.95817804
            ],
            [
              -55.1051178,
              5.87717629
            ],
            [
              -55.09197617,
              5.89544678
            ],
            [
              -55.15865326,
              5.97359419
            ],
            [
              -55.01557541,
              5.9986372
            ],
            [
              -54.81489944,
              5.98849916
            ],
            [
              -54.31621552,
              5.90322208
            ],
            [
              -54.0242424,
              5.82386112
            ],
            [
              -54.00009155,
              5.76535797
            ],
            [
              -54.00919745,
              5.62013393
            ],
            [
              -54.012936,
              5.53045708
            ],
            [
              -54.41916031,
              5.07121602
            ],
            [
              -54.47115946,
              4.87942693
            ],
            [
              -54.35027831,
              4.04338858
            ],
            [
              -54.02613239,
              3.6396567
            ],
            [
              -53.99482473,
              3.57506493
            ],
            [
              -54.00770182,
              3.46588103
            ],
            [
              -54.20950872,
              2.77558309
            ],
            [
              -54.34492366,
              2.53889025
            ],
            [
              -54.50977076,
              2.35686197
            ],
            [
              -54.5736663,
              2.32999002
            ],
            [
              -54.8036,
              2.44136
            ],
            [
              -55.28745,
              2.51486
            ],
            [
              -55.81683994,
              2.46121683
            ],
            [
              -56.0423,
              2.21131
            ],
            [
              -56.07856195,
              1.8528041
            ],
            [
              -56.47736721,
              1.94594242
            ],
            [
              -56.68761247,
              2.03353632
            ],
            [
              -56.77482508,
              2.14988862
            ],
            [
              -57.21016347,
              2.9420019
            ],
            [
              -57.25485586,
              3.11481247
            ],
            [
              -57.39405818,
              3.36658744
            ],
            [
              -57.77167011,
              3.62857479
            ],
            [
              -58.00373469,
              3.98343586
            ],
            [
              -58.0498701,
              4.15098024
            ],
            [
              -57.92955322,
              4.43872171
            ],
            [
              -57.90918412,
              4.78421255
            ],
            [
              -57.57442626,
              4.99973305
            ],
            [
              -57.30450018,
              5.01491772
            ],
            [
              -57.23345179,
              5.13394685
            ],
            [
              -57.1394537,
              5.81027547
            ],
            [
              -57.06416321,
              5.94946718
            ],
            [
              -56.94384003,
              6.0001502
            ],
            [
              -56.31076431,
              5.90247393
            ]
          ]
        ]
      }
    },
    {
      "type": "Feature",
      "properties": {
        "iso3": "GTM",
        "name": "Guatemala",
        "status": "active",
        "project_count": 1,
        "label_lng": -90.11384899,
        "label_lat": 15.78305272,
        "geometry_quality": "authoritative",
        "geometry_source": "geo/countries_manifest.json + geo/countries_topojson/*.topo.json"
      },
      "geometry": {
        "type": "Polygon",
        "coordinates": [
          [
            [
              -89.151961,
              17.8156931
            ],
            [
              -89.1535363,
              17.00677376
            ],
            [
              -89.215128,
              15.891043
            ],
            [
              -88.941725,
              15.890035
            ],
            [
              -88.79437484,
              15.85950289
            ],
            [
              -88.52787912,
              15.87366551
            ],
            [
              -88.41788942,
              15.84154939
            ],
            [
              -88.23169339,
              15.72455604
            ],
            [
              -88.66038562,
              15.35961688
            ],
            [
              -88.92175313,
              15.17987492
            ],
            [
              -89.15247573,
              15.06546042
            ],
            [
              -89.22437008,
              14.88696391
            ],
            [
              -89.25326766,
              14.56680619
            ],
            [
              -89.35596074,
              14.42045995
            ],
            [
              -89.579164,
              14.398565
            ],
            [
              -89.831772,
              14.061868
            ],
            [
              -90.081545,
              13.874403
            ],
            [
              -90.13466273,
              13.74535525
            ],
            [
              -90.59540413,
              13.91593053
            ],
            [
              -91.06768746,
              13.91476519
            ],
            [
              -91.30986683,
              13.95161258
            ],
            [
              -91.53859513,
              14.04436134
            ],
            [
              -91.76679846,
              14.18183045
            ],
            [
              -92.23113381,
              14.53655047
            ],
            [
              -92.152448,
              14.654238
            ],
            [
              -92.098471,
              15.011088
            ],
            [
              -92.21063866,
              15.2606476
            ],
            [
              -91.73157896,
              16.073898
            ],
            [
              -90.44216915,
              16.0740256
            ],
            [
              -90.431227,
              16.096194
            ],
            [
              -90.427635,
              16.424944
            ],
            [
              -90.862087,
              16.813189
            ],
            [
              -91.417841,
              17.209145
            ],
            [
              -90.98783366,
              17.25130648
            ],
            [
              -90.98783297,
              17.81569517
            ],
            [
              -89.151961,
              17.8156931
            ]
          ]
        ]
      }
    },
    {
      "type": "Feature",
      "properties": {
        "iso3": "LBR",
        "name": "Liberia",
        "status": "active",
        "project_count": 1,
        "label_lng": -9.62006654,
        "label_lat": 6.4106935,
        "geometry_quality": "authoritative",
        "geometry_source": "geo/countries_manifest.json + geo/countries_topojson/*.topo.json"
      },
      "geometry": {
        "type": "Polygon",
        "coordinates": [
          [
            [
              -8.470911,
              7.557276
            ],
            [
              -8.409092,
              7.466622
            ],
            [
              -8.31204,
              7.194758
            ],
            [
              -8.292117,
              7.039314
            ],
            [
              -8.345168,
              6.769281
            ],
            [
              -8.525173,
              6.605476
            ],
            [
              -8.595004,
              6.500836
            ],
            [
              -8.261279,
              6.320551
            ],
            [
              -8.106612,
              6.291789
            ],
            [
              -8.002911,
              6.320195
            ],
            [
              -7.900693,
              6.274362
            ],
            [
              -7.56185,
              5.86689
            ],
            [
              -7.438668,
              5.786793
            ],
            [
              -7.389425,
              5.629774
            ],
            [
              -7.388913,
              5.371756
            ],
            [
              -7.580484,
              4.91297
            ],
            [
              -7.562035,
              4.419457
            ],
            [
              -7.52719719,
              4.36233089
            ],
            [
              -7.72602606,
              4.37543201
            ],
            [
              -8.37057225,
              4.6434846
            ],
            [
              -9.22938924,
              5.11960533
            ],
            [
              -9.44085142,
              5.28792816
            ],
            [
              -10.06465162,
              5.90405327
            ],
            [
              -11.36544839,
              6.78589555
            ],
            [
              -11.49945633,
              6.923715
            ],
            [
              -11.426202,
              6.941052
            ],
            [
              -11.267739,
              7.232488
            ],
            [
              -10.802796,
              7.591798
            ],
            [
              -10.300294,
              8.20323
            ],
            [
              -10.2792293,
              8.48468839
            ],
            [
              -9.800447,
              8.524626
            ],
            [
              -9.727802,
              8.513348
            ],
            [
              -9.630291,
              8.438546
            ],
            [
              -9.50736,
              8.306298
            ],
            [
              -9.364689,
              7.727303
            ],
            [
              -9.423084,
              7.424436
            ],
            [
              -9.050239,
              7.215463
            ],
            [
              -8.836803,
              7.286529
            ],
            [
              -8.718875,
              7.582028
            ],
            [
              -8.551671,
              7.620623
            ],
            [
              -8.470911,
              7.557276
            ]
          ]
        ]
      }
    },
    {
      "type": "Feature",
      "properties": {
        "iso3": "PAN",
        "name": "Panama",
        "status": "active",
        "project_count": 1,
        "label_lng": -81.42273826,
        "label_lat": 8.4767518,
        "geometry_quality": "authoritative",
        "geometry_source": "geo/countries_manifest.json + geo/countries_topojson/*.topo.json"
      },
      "geometry": {
        "type": "MultiPolygon",
        "coordinates": [
          [
            [
              [
                -82.25138092,
                9.0255003
              ],
              [
                -82.0732287,
                8.92688895
              ],
              [
                -81.81246185,
                8.93862343
              ],
              [
                -81.61947632,
                8.89532471
              ],
              [
                -81.50684357,
                8.79605866
              ],
              [
                -81.30691528,
                8.77796555
              ],
              [
                -80.97864533,
                8.83930397
              ],
              [
                -80.42325592,
                9.13843632
              ],
              [
                -80.04456269,
                9.28994238
              ],
              [
                -79.85247,
                9.130817
              ],
              [
                -79.693794,
                9.104752
              ],
              [
                -79.578369,
                8.97509
              ],
              [
                -79.56142425,
                8.9017868
              ],
              [
                -79.7082901,
                8.89200401
              ],
              [
                -79.76665497,
                8.79562092
              ],
              [
                -79.75341797,
                8.61478138
              ],
              [
                -80.17883301,
                8.33202648
              ],
              [
                -80.24222565,
                8.30145931
              ],
              [
                -80.35561371,
                8.29893398
              ],
              [
                -80.39655304,
                7.99588585
              ],
              [
                -80.05809021,
                7.63927698
              ],
              [
                -79.99526215,
                7.50523901
              ],
              [
                -80.02049255,
                7.45067597
              ],
              [
                -80.43901825,
                7.23834801
              ],
              [
                -80.71304321,
                7.20624971
              ],
              [
                -80.88967133,
                7.21881008
              ],
              [
                -80.93604279,
                7.26467609
              ],
              [
                -81.06011963,
                7.88231993
              ],
              [
                -81.11489105,
                7.91809702
              ],
              [
                -81.20185852,
                7.87150288
              ],
              [
                -81.20251465,
                7.68415403
              ],
              [
                -81.48999786,
                7.75329113
              ],
              [
                -81.74957275,
                8.19381809
              ],
              [
                -81.90106201,
                8.18369198
              ],
              [
                -82.1137085,
                8.22172833
              ],
              [
                -82.20119476,
                8.24770928
              ],
              [
                -82.20623016,
                8.2824831
              ],
              [
                -82.2818222,
                8.33872223
              ],
              [
                -82.64861903,
                8.32542029
              ],
              [
                -82.90045357,
                8.0400805
              ],
              [
                -82.87628838,
                8.6969051
              ],
              [
                -82.93436053,
                9.20000021
              ],
              [
                -82.93421333,
                9.47490018
              ],
              [
                -82.86380145,
                9.51833862
              ],
              [
                -82.60039693,
                9.53008101
              ],
              [
                -82.56386979,
                9.57250657
              ],
              [
                -82.37400818,
                9.41523552
              ],
              [
                -82.35814667,
                9.20671272
              ],
              [
                -82.25138092,
                9.0255003
              ]
            ]
          ],
          [
            [
              [
                -81.60639954,
                7.35598707
              ],
              [
                -81.61317444,
                7.3206501
              ],
              [
                -81.74321747,
                7.34362316
              ],
              [
                -81.86334228,
                7.44810009
              ],
              [
                -81.88661194,
                7.50986195
              ],
              [
                -81.76173401,
                7.63689804
              ],
              [
                -81.73719788,
                7.62716198
              ],
              [
                -81.60639954,
                7.35598707
              ]
            ]
          ],
          [
            [
              [
                -78.54795837,
                9.43400478
              ],
              [
                -78.19184876,
                9.27259064
              ],
              [
                -77.91769409,
                9.11246109
              ],
              [
                -77.55510712,
                8.7196703
              ],
              [
                -77.36980435,
                8.67543622
              ],
              [
                -77.35243506,
                8.32641726
              ],
              [
                -77.16394309,
                7.96842089
              ],
              [
                -77.36594463,
                7.8245468
              ],
              [
                -77.61052429,
                7.55221213
              ],
              [
                -77.79235929,
                7.48097992
              ],
              [
                -77.8931719,
                7.22131902
              ],
              [
                -78.18387604,
                7.53938389
              ],
              [
                -78.42241669,
                7.97547293
              ],
              [
                -78.44577026,
                8.06240273
              ],
              [
                -78.30767059,
                8.25464439
              ],
              [
                -78.18048859,
                8.34893894
              ],
              [
                -77.77832031,
                8.11797714
              ],
              [
                -77.84751892,
                8.2015295
              ],
              [
                -78.22455597,
                8.5380373
              ],
              [
                -78.37001038,
                8.39531708
              ],
              [
                -78.52664184,
                8.55671406
              ],
              [
                -78.57539368,
                8.65869236
              ],
              [
                -78.91339874,
                8.92058277
              ],
              [
                -79.15961456,
                9.01132679
              ],
              [
                -79.35534668,
                9.02528191
              ],
              [
                -79.49053192,
                9.00036335
              ],
              [
                -79.798256,
                9.187881
              ],
              [
                -79.81089,
                9.340083
              ],
              [
                -79.94252,
                9.28626
              ],
              [
                -80.0059967,
                9.32578373
              ],
              [
                -79.54107666,
                9.63751411
              ],
              [
                -78.71382141,
                9.44134712
              ],
              [
                -78.54795837,
                9.43400478
              ]
            ]
          ]
        ]
      }
    },
    {
      "type": "Feature",
      "properties": {
        "iso3": "BLZ",
        "name": "Belize",
        "status": "active",
        "project_count": 1,
        "label_lng": -88.707738,
        "label_lat": 17.15456187,
        "geometry_quality": "authoritative",
        "geometry_source": "geo/countries_manifest.json + geo/countries_topojson/*.topo.json"
      },
      "geometry": {
        "type": "Polygon",
        "coordinates": [
          [
            [
              -88.14330828,
              18.00983987
            ],
            [
              -88.2193273,
              17.79635701
            ],
            [
              -88.29301445,
              17.30234997
            ],
            [
              -88.22643951,
              16.98276695
            ],
            [
              -88.33172352,
              16.63671717
            ],
            [
              -88.49203971,
              16.34441704
            ],
            [
              -88.5794849,
              16.25522295
            ],
            [
              -88.65783579,
              16.26629934
            ],
            [
              -88.7486622,
              16.20392177
            ],
            [
              -88.93160855,
              15.9519408
            ],
            [
              -88.941725,
              15.890035
            ],
            [
              -89.215128,
              15.891043
            ],
            [
              -89.1535363,
              17.00677376
            ],
            [
              -89.151961,
              17.8156931
            ],
            [
              -89.133031,
              17.969142
            ],
            [
              -89.050178,
              17.999073
            ],
            [
              -88.928605,
              17.930348
            ],
            [
              -88.636757,
              18.214161
            ],
            [
              -88.453633,
              18.484438
            ],
            [
              -88.31600763,
              18.48735338
            ],
            [
              -88.3866391,
              18.38993497
            ],
            [
              -88.12413025,
              18.36631012
            ],
            [
              -88.14330828,
              18.00983987
            ]
          ]
        ]
      }
    }
  ]
}
