{
  "type": "FeatureCollection",
  "features": [
    {
      "type": "Feature",
      "properties": {
        "iso3": "IDN",
        "name": "Indonesia",
        "layer": "boundary",
        "geometry_quality": "authoritative",
        "geometry_source": "geo/countries_manifest.json + geo/countries_topojson/*.topo.json"
      },
      "geometry": {
        "type": "MultiPolygon",
        "coordinates": [
          [
            [
              [
                117.71801,
                3.86073
              ],
              [
                117.60854,
                3.62795
              ],
              [
                117.37687,
                3.64194
              ],
              [
                117.14089971,
                3.64224623
              ],
              [
                117.07444,
                3.63848
              ],
              [
                117.03503,
                3.61598
              ],
              [
                117.0231,
                3.59208
              ],
              [
                117.49506,
                3.54949
              ],
              [
                117.61994,
                3.49589
              ],
              [
                117.61646,
                3.47244
              ],
              [
                117.39763,
                3.46801
              ],
              [
                117.36028,
                3.44852
              ],
              [
                117.47342,
                3.11712
              ],
              [
                117.61569,
                2.98737
              ],
              [
                117.99783,
                2.36734
              ],
              [
                117.90304,
                2.13983
              ],
              [
                117.81613,
                2.01105
              ],
              [
                117.88952,
                1.84193
              ],
              [
                118.43093,
                1.3882
              ],
              [
                118.76054,
                1.16312
              ],
              [
                118.91837,
                1.06631
              ],
              [
                118.95849,
                1.05468
              ],
              [
                118.99387,
                0.99414
              ],
              [
                118.97059,
                0.93587
              ],
              [
                118.81684,
                0.81422
              ],
              [
                118.33661,
                0.82997
              ],
              [
                118.058,
                0.90904
              ],
              [
                117.99181,
                0.99695
              ],
              [
                117.97943,
                1.06335
              ],
              [
                117.88509,
                1.12195
              ],
              [
                117.87983,
                0.83068
              ],
              [
                117.75694,
                0.76596
              ],
              [
                117.71574,
                0.70863
              ],
              [
                117.52171,
                0.29136
              ],
              [
                117.4721,
                0.09773
              ],
              [
                117.49921,
                -0.53255
              ],
              [
                117.49139,
                -0.60892
              ],
              [
                117.44495,
                -0.67216
              ],
              [
                117.47616,
                -0.71915
              ],
              [
                117.53924,
                -0.73818
              ],
              [
                117.42968,
                -0.84906
              ],
              [
                117.28803,
                -0.75624
              ],
              [
                117.00775,
                -1.20398
              ],
              [
                116.90098,
                -1.27353
              ],
              [
                116.80765,
                -1.28018
              ],
              [
                116.80334,
                -1.20291
              ],
              [
                116.73076,
                -1.05632
              ],
              [
                116.72321,
                -1.06595
              ],
              [
                116.5406,
                -1.54886
              ],
              [
                116.36813,
                -1.77501
              ],
              [
                116.33701,
                -2.13417
              ],
              [
                116.38875,
                -2.21322
              ],
              [
                116.58526,
                -2.17301
              ],
              [
                116.6003,
                -2.19891
              ],
              [
                116.52568,
                -2.53866
              ],
              [
                116.20571,
                -2.93715
              ],
              [
                116.13462,
                -2.8423
              ],
              [
                116.08277,
                -3.00222
              ],
              [
                116.09554,
                -3.26568
              ],
              [
                116.01669,
                -3.42594
              ],
              [
                116.01109,
                -3.44348
              ],
              [
                115.95131,
                -3.61744
              ],
              [
                115.26556,
                -3.90174
              ],
              [
                114.68661,
                -4.18112
              ],
              [
                114.60059,
                -4.17133
              ],
              [
                114.59792,
                -3.91075
              ],
              [
                114.53394,
                -3.34518
              ],
              [
                114.50063,
                -3.37239
              ],
              [
                114.07632,
                -3.32645
              ],
              [
                113.87074,
                -3.43379
              ],
              [
                113.62106,
                -3.3856
              ],
              [
                113.44348,
                -3.19115
              ],
              [
                113.20044,
                -3.11127
              ],
              [
                112.97564,
                -3.15605
              ],
              [
                112.4911,
                -3.41676
              ],
              [
                112.04018,
                -3.45594
              ],
              [
                111.83337,
                -3.34864
              ],
              [
                111.82746,
                -3.0496
              ],
              [
                111.697,
                -2.82666
              ],
              [
                111.48144,
                -2.9647
              ],
              [
                110.93036,
                -3.09699
              ],
              [
                110.30073,
                -2.98735
              ],
              [
                110.22415,
                -2.87057
              ],
              [
                110.01121,
                -1.707
              ],
              [
                110.07451,
                -1.36433
              ],
              [
                109.92722,
                -1.12037
              ],
              [
                109.7662,
                -1.00471
              ],
              [
                109.42265,
                -0.89147
              ],
              [
                109.36566,
                -0.70997
              ],
              [
                109.55497,
                -0.75331
              ],
              [
                109.43584,
                -0.62483
              ],
              [
                109.37976,
                -0.59461
              ],
              [
                109.18224,
                -0.57949
              ],
              [
                109.07401,
                -0.2828
              ],
              [
                109.08304,
                -0.2109
              ],
              [
                109.12462,
                -0.16758
              ],
              [
                109.17385,
                0.04558
              ],
              [
                109.11179,
                0.21742
              ],
              [
                108.99892,
                0.30139
              ],
              [
                108.88006,
                0.7364
              ],
              [
                108.95157,
                1.2114
              ],
              [
                109.03993,
                1.42816
              ],
              [
                109.15241,
                1.60562
              ],
              [
                109.64156628,
                2.08005017
              ],
              [
                109.57830997,
                1.95042
              ],
              [
                109.6605725,
                1.6756012
              ],
              [
                109.83114269,
                1.45176746
              ],
              [
                110.26703,
                1.05067001
              ],
              [
                110.46175,
                0.89767
              ],
              [
                110.57191,
                0.85522
              ],
              [
                110.80441,
                0.9332
              ],
              [
                110.94492164,
                1.02819541
              ],
              [
                111.21504396,
                1.07543508
              ],
              [
                111.44712088,
                1.0142454
              ],
              [
                111.75180109,
                1.00663632
              ],
              [
                111.867925,
                1.03145
              ],
              [
                112.05352499,
                1.13015004
              ],
              [
                112.18282333,
                1.30628013
              ],
              [
                112.21741423,
                1.40000277
              ],
              [
                112.30365776,
                1.48811607
              ],
              [
                112.49507631,
                1.57809915
              ],
              [
                113.0401167,
                1.56290721
              ],
              [
                113.06863081,
                1.53205586
              ],
              [
                113.03801319,
                1.4832079
              ],
              [
                113.13173583,
                1.4056121
              ],
              [
                113.62208519,
                1.23686461
              ],
              [
                113.67817854,
                1.23476111
              ],
              [
                113.79527341,
                1.29903474
              ],
              [
                113.83009803,
                1.35162226
              ],
              [
                114.13557306,
                1.46661362
              ],
              [
                114.38752569,
                1.51499413
              ],
              [
                114.55276735,
                1.43225644
              ],
              [
                114.85169816,
                1.89385797
              ],
              [
                114.85987844,
                1.98010149
              ],
              [
                114.78871044,
                2.13627825
              ],
              [
                115.02862857,
                2.37103686
              ],
              [
                115.09793826,
                2.62316588
              ],
              [
                115.122704,
                2.84072605
              ],
              [
                115.17034366,
                2.93067386
              ],
              [
                115.2577117,
                3.0025633
              ],
              [
                115.38989969,
                2.98085412
              ],
              [
                115.51782609,
                3.0664908
              ],
              [
                115.58443239,
                3.46401414
              ],
              [
                115.57166859,
                3.67992351
              ],
              [
                115.59705084,
                3.8821945
              ],
              [
                115.68146159,
                4.15431587
              ],
              [
                115.86779488,
                4.37193427
              ],
              [
                117.21004952,
                4.34841031
              ],
              [
                117.2799903,
                4.33621431
              ],
              [
                117.42519,
                4.22005
              ],
              [
                117.58619835,
                4.17776148
              ],
              [
                117.49017,
                4.11098
              ],
              [
                117.48118,
                4.07603
              ],
              [
                117.71801,
                3.86073
              ]
            ]
          ],
          [
            [
              [
                122.9305191,
                -10.914958
              ],
              [
                122.85947418,
                -10.93330193
              ],
              [
                122.82102203,
                -10.89347267
              ],
              [
                122.81822968,
                -10.78017139
              ],
              [
                123.40283203,
                -10.47296047
              ],
              [
                123.35961151,
                -10.54724121
              ],
              [
                123.38046265,
                -10.59860325
              ],
              [
                123.36639404,
                -10.68564606
              ],
              [
                122.9305191,
                -10.914958
              ]
            ]
          ],
          [
            [
              [
                120.62674,
                -10.23925
              ],
              [
                120.42028,
                -10.29253
              ],
              [
                120.20754,
                -10.25167
              ],
              [
                119.87262,
                -9.94661
              ],
              [
                119.60904,
                -9.77791
              ],
              [
                119.18441,
                -9.74611
              ],
              [
                119.03662,
                -9.68027
              ],
              [
                118.93433,
                -9.55635
              ],
              [
                119.01913,
                -9.44273
              ],
              [
                119.2009,
                -9.37783
              ],
              [
                119.48956,
                -9.37091
              ],
              [
                119.92471,
                -9.29668
              ],
              [
                120.05862,
                -9.42993
              ],
              [
                120.58824,
                -9.76266
              ],
              [
                120.77726,
                -9.95445
              ],
              [
                120.82267,
                -10.01853
              ],
              [
                120.82444,
                -10.08361
              ],
              [
                120.73347,
                -10.17956
              ],
              [
                120.62674,
                -10.23925
              ]
            ]
          ],
          [
            [
              [
                125.087271,
                -9.462979
              ],
              [
                124.76693726,
                -9.84469604
              ],
              [
                124.41743469,
                -10.16003609
              ],
              [
                123.81234741,
                -10.34854126
              ],
              [
                123.48763275,
                -10.35492325
              ],
              [
                123.46923065,
                -10.32132149
              ],
              [
                123.50227356,
                -10.22188282
              ],
              [
                123.55265045,
                -10.168396
              ],
              [
                123.67790985,
                -9.67074299
              ],
              [
                123.73229217,
                -9.57215977
              ],
              [
                123.97377395,
                -9.36228514
              ],
              [
                124.043109,
                -9.33628
              ],
              [
                124.354408,
                -9.485113
              ],
              [
                124.476305,
                -9.174086
              ],
              [
                124.94918,
                -8.95819
              ],
              [
                125.087271,
                -9.462979
              ]
            ]
          ],
          [
            [
              [
                123.29109,
                -8.39219
              ],
              [
                122.99338,
                -8.41421
              ],
              [
                123.02921,
                -8.30948
              ],
              [
                123.1256,
                -8.24626
              ],
              [
                123.2252,
                -8.24497
              ],
              [
                123.32642,
                -8.27087
              ],
              [
                123.29109,
                -8.39219
              ]
            ]
          ],
          [
            [
              [
                123.86772,
                -8.2161
              ],
              [
                123.50991,
                -8.56756
              ],
              [
                123.22489,
                -8.55377
              ],
              [
                123.2076,
                -8.51377
              ],
              [
                123.35746,
                -8.30884
              ],
              [
                123.69497,
                -8.22336
              ],
              [
                123.86772,
                -8.2161
              ]
            ]
          ],
          [
            [
              [
                116.73041,
                -8.4015
              ],
              [
                116.55087,
                -8.8554
              ],
              [
                116.38586,
                -8.93842
              ],
              [
                116.17001,
                -8.90489
              ],
              [
                115.89439,
                -8.76027
              ],
              [
                115.94603,
                -8.77356
              ],
              [
                116.05585,
                -8.77249
              ],
              [
                116.07832,
                -8.74065
              ],
              [
                116.05954,
                -8.50498
              ],
              [
                116.07764,
                -8.4047
              ],
              [
                116.27055,
                -8.25073
              ],
              [
                116.38082,
                -8.21323
              ],
              [
                116.66278,
                -8.29407
              ],
              [
                116.7263,
                -8.35375
              ],
              [
                116.73041,
                -8.4015
              ]
            ]
          ],
          [
            [
              [
                124.29722,
                -8.30133
              ],
              [
                124.13417,
                -8.53779
              ],
              [
                124.05184,
                -8.54862
              ],
              [
                123.9101,
                -8.44974
              ],
              [
                123.97364,
                -8.33569
              ],
              [
                124.04646,
                -8.29468
              ],
              [
                124.10639,
                -8.37205
              ],
              [
                124.2722,
                -8.17695
              ],
              [
                124.31137,
                -8.20042
              ],
              [
                124.29722,
                -8.30133
              ]
            ]
          ],
          [
            [
              [
                124.52333,
                -8.12663
              ],
              [
                124.65308,
                -8.16957
              ],
              [
                125.06449,
                -8.14982
              ],
              [
                125.12196,
                -8.2159
              ],
              [
                125.1315,
                -8.32027
              ],
              [
                125.09806,
                -8.34593
              ],
              [
                124.59191,
                -8.42815
              ],
              [
                124.3632,
                -8.35705
              ],
              [
                124.38904,
                -8.23512
              ],
              [
                124.52333,
                -8.12663
              ]
            ]
          ],
          [
            [
              [
                118.4016,
                -8.30741
              ],
              [
                118.6752,
                -8.33923
              ],
              [
                118.76369,
                -8.31397
              ],
              [
                119.02414,
                -8.53407
              ],
              [
                119.04144,
                -8.65559
              ],
              [
                119.134,
                -8.63428
              ],
              [
                119.02414,
                -8.75333
              ],
              [
                118.7832,
                -8.82615
              ],
              [
                118.5124,
                -8.86836
              ],
              [
                118.38701,
                -8.76309
              ],
              [
                118.27291,
                -8.77249
              ],
              [
                117.99258,
                -8.87344
              ],
              [
                117.12547,
                -9.09255
              ],
              [
                116.99908,
                -9.09304
              ],
              [
                116.74364,
                -9.00261
              ],
              [
                116.74088,
                -8.89643
              ],
              [
                116.82066,
                -8.81347
              ],
              [
                116.78036,
                -8.72763
              ],
              [
                116.7877,
                -8.61656
              ],
              [
                116.84096,
                -8.54993
              ],
              [
                117.18061,
                -8.37057
              ],
              [
                117.44342,
                -8.41634
              ],
              [
                117.62577,
                -8.54599
              ],
              [
                117.80828,
                -8.73
              ],
              [
                118.26003,
                -8.66235
              ],
              [
                118.28721986,
                -8.6247397
              ],
              [
                118.23684,
                -8.55856
              ],
              [
                117.92712,
                -8.44426
              ],
              [
                117.7003,
                -8.23196
              ],
              [
                117.73662,
                -8.14402
              ],
              [
                117.89657,
                -8.09545
              ],
              [
                117.99608,
                -8.10246
              ],
              [
                118.4016,
                -8.30741
              ]
            ]
          ],
          [
            [
              [
                122.91747,
                -8.11079
              ],
              [
                123.00636,
                -8.28131
              ],
              [
                122.87676,
                -8.40487
              ],
              [
                122.77826,
                -8.42837
              ],
              [
                122.77477,
                -8.61033
              ],
              [
                122.40592,
                -8.73876
              ],
              [
                121.96497,
                -8.82425
              ],
              [
                121.62603,
                -8.84104
              ],
              [
                121.0782,
                -8.93605
              ],
              [
                120.89797,
                -8.91868
              ],
              [
                120.60677,
                -8.8124
              ],
              [
                120.18349,
                -8.78055
              ],
              [
                119.92516,
                -8.84922
              ],
              [
                119.80647,
                -8.76716
              ],
              [
                119.8062,
                -8.60121
              ],
              [
                119.87983,
                -8.48074
              ],
              [
                120.0244,
                -8.43351
              ],
              [
                120.19362,
                -8.33125
              ],
              [
                120.26662,
                -8.27872
              ],
              [
                120.41914,
                -8.26468
              ],
              [
                120.9756,
                -8.38496
              ],
              [
                121.33769,
                -8.56466
              ],
              [
                121.92582,
                -8.49426
              ],
              [
                122.17414,
                -8.58539
              ],
              [
                122.49976,
                -8.54955
              ],
              [
                122.88654,
                -8.26105
              ],
              [
                122.91429,
                -8.20531
              ],
              [
                122.88533,
                -8.17927
              ],
              [
                122.80663,
                -8.19434
              ],
              [
                122.7858,
                -8.2233
              ],
              [
                122.72783,
                -8.21315
              ],
              [
                122.79083,
                -8.09872
              ],
              [
                122.87048,
                -8.07587
              ],
              [
                122.91747,
                -8.11079
              ]
            ]
          ],
          [
            [
              [
                115.36428,
                -8.12722
              ],
              [
                115.55225,
                -8.2283
              ],
              [
                115.70564,
                -8.35744
              ],
              [
                115.71808,
                -8.40035
              ],
              [
                115.61854,
                -8.49935
              ],
              [
                115.14526,
                -8.67671
              ],
              [
                114.65106,
                -8.40634
              ],
              [
                114.59402,
                -8.40499
              ],
              [
                114.43074,
                -8.17966
              ],
              [
                114.44987,
                -8.09377
              ],
              [
                114.83221,
                -8.19389
              ],
              [
                114.98309,
                -8.17965
              ],
              [
                115.17516,
                -8.05955
              ],
              [
                115.36428,
                -8.12722
              ]
            ]
          ],
          [
            [
              [
                129.78039092,
                -8.05078997
              ],
              [
                129.71583093,
                -8.05490998
              ],
              [
                129.58276,
                -7.90171
              ],
              [
                129.58731,
                -7.82595
              ],
              [
                129.67345,
                -7.78526
              ],
              [
                129.80308081,
                -7.81189026
              ],
              [
                129.85336,
                -7.84316
              ],
              [
                129.85773,
                -7.89685
              ],
              [
                129.78039092,
                -8.05078997
              ]
            ]
          ],
          [
            [
              [
                126.71557,
                -7.65672
              ],
              [
                126.73147,
                -7.74878
              ],
              [
                126.4388,
                -7.9438
              ],
              [
                126.14795,
                -7.89678
              ],
              [
                125.7889,
                -7.98981
              ],
              [
                125.83069,
                -7.83425
              ],
              [
                125.92927,
                -7.69617
              ],
              [
                125.99899,
                -7.67397
              ],
              [
                126.1837,
                -7.72304
              ],
              [
                126.63804,
                -7.56762
              ],
              [
                126.71557,
                -7.65672
              ]
            ]
          ],
          [
            [
              [
                138.27901,
                -8.40205
              ],
              [
                137.63888931,
                -8.42334019
              ],
              [
                137.76314,
                -8.10325
              ],
              [
                137.90124085,
                -7.86294997
              ],
              [
                138.08812,
                -7.59436
              ],
              [
                138.2258,
                -7.48672
              ],
              [
                138.40149,
                -7.41456
              ],
              [
                138.64856,
                -7.3773
              ],
              [
                138.70949,
                -7.37957
              ],
              [
                138.89363,
                -7.47319
              ],
              [
                138.99989,
                -7.55758
              ],
              [
                139.06152,
                -7.65169
              ],
              [
                139.0278,
                -7.79443
              ],
              [
                138.74133,
                -8.14308
              ],
              [
                138.52823,
                -8.32865
              ],
              [
                138.27901,
                -8.40205
              ]
            ]
          ],
          [
            [
              [
                131.6268,
                -7.6378
              ],
              [
                131.28976907,
                -7.98952001
              ],
              [
                131.10933,
                -7.98795
              ],
              [
                131.08594,
                -7.87813
              ],
              [
                131.1895,
                -7.59683
              ],
              [
                131.44243,
                -7.31184
              ],
              [
                131.5244,
                -7.17908
              ],
              [
                131.65994,
                -7.12592
              ],
              [
                131.68677,
                -7.2227
              ],
              [
                131.67897,
                -7.42037
              ],
              [
                131.6268,
                -7.6378
              ]
            ]
          ],
          [
            [
              [
                114.12225,
                -6.98116
              ],
              [
                113.50745,
                -7.23292
              ],
              [
                113.27032,
                -7.21936
              ],
              [
                113.13976,
                -7.18448
              ],
              [
                113.09396753,
                -7.13115885
              ],
              [
                113.077,
                -7.16976
              ],
              [
                113.10463,
                -7.20418
              ],
              [
                112.98145,
                -7.20609
              ],
              [
                112.69994,
                -7.14674
              ],
              [
                112.70924,
                -7.04188
              ],
              [
                112.86536,
                -6.89128
              ],
              [
                113.98734,
                -6.87797
              ],
              [
                114.10666,
                -6.93708
              ],
              [
                114.12225,
                -6.98116
              ]
            ]
          ],
          [
            [
              [
                134.44414,
                -6.43209
              ],
              [
                134.51511,
                -6.60352
              ],
              [
                134.35176,
                -6.80213
              ],
              [
                134.19659034,
                -6.91916034
              ],
              [
                134.0957,
                -6.83919
              ],
              [
                134.05067034,
                -6.75787953
              ],
              [
                134.11378913,
                -6.44278
              ],
              [
                134.17599915,
                -6.49357998
              ],
              [
                134.23187,
                -6.6027
              ],
              [
                134.19484,
                -6.44557
              ],
              [
                134.1125,
                -6.37793
              ],
              [
                134.11693,
                -6.23378
              ],
              [
                134.14761,
                -6.19013
              ],
              [
                134.17775,
                -6.21017
              ],
              [
                134.31451048,
                -6.37707032
              ],
              [
                134.44414,
                -6.43209
              ]
            ]
          ],
          [
            [
              [
                134.72313,
                -6.29046
              ],
              [
                134.6176793,
                -6.35627998
              ],
              [
                134.56514,
                -6.34987
              ],
              [
                134.4404709,
                -6.26074007
              ],
              [
                134.35435931,
                -6.03807036
              ],
              [
                134.59749,
                -5.94651
              ],
              [
                134.65533926,
                -5.94560976
              ],
              [
                134.77588,
                -6.09127
              ],
              [
                134.72313,
                -6.29046
              ]
            ]
          ],
          [
            [
              [
                107.2633,
                -5.95886
              ],
              [
                107.62881,
                -6.23557
              ],
              [
                108.19338,
                -6.29501
              ],
              [
                108.20925,
                -6.24576
              ],
              [
                108.29513,
                -6.24266
              ],
              [
                108.47884,
                -6.45263
              ],
              [
                108.59555,
                -6.76233
              ],
              [
                108.70322,
                -6.81468
              ],
              [
                109.44483,
                -6.83346
              ],
              [
                110.08468,
                -6.89397
              ],
              [
                110.37131,
                -6.97355
              ],
              [
                110.48373,
                -6.92673
              ],
              [
                110.58972,
                -6.77274
              ],
              [
                110.71589,
                -6.44784
              ],
              [
                110.91231,
                -6.39727
              ],
              [
                111.03542,
                -6.4379
              ],
              [
                111.35616,
                -6.70423
              ],
              [
                112.53253504,
                -6.87487982
              ],
              [
                112.60836539,
                -6.92127016
              ],
              [
                112.71038,
                -7.22141
              ],
              [
                112.76836,
                -7.41503
              ],
              [
                112.74287,
                -7.43668
              ],
              [
                112.74795,
                -7.53111
              ],
              [
                112.88943,
                -7.61673
              ],
              [
                113.27024,
                -7.77611
              ],
              [
                113.97802,
                -7.64773
              ],
              [
                114.43792,
                -7.79066
              ],
              [
                114.46413,
                -7.8358
              ],
              [
                114.34048,
                -8.43302
              ],
              [
                114.35364,
                -8.51506
              ],
              [
                114.49621,
                -8.63618
              ],
              [
                114.36609,
                -8.72533
              ],
              [
                113.99498,
                -8.60935
              ],
              [
                113.34071,
                -8.3283
              ],
              [
                112.96601,
                -8.33479
              ],
              [
                112.86151,
                -8.40244
              ],
              [
                112.61613,
                -8.42664
              ],
              [
                112.22402,
                -8.33574
              ],
              [
                111.84502,
                -8.27819
              ],
              [
                111.064,
                -8.25406
              ],
              [
                110.46391,
                -8.10866
              ],
              [
                109.90427,
                -7.84723
              ],
              [
                109.35538,
                -7.71286
              ],
              [
                108.8688,
                -7.64115
              ],
              [
                108.63741,
                -7.68496
              ],
              [
                108.50002,
                -7.74527
              ],
              [
                108.49215,
                -7.78662
              ],
              [
                108.44118,
                -7.81416
              ],
              [
                108.31957,
                -7.80919
              ],
              [
                107.8347,
                -7.71448
              ],
              [
                107.4693,
                -7.51946
              ],
              [
                107.07476,
                -7.45116
              ],
              [
                106.57914,
                -7.41763
              ],
              [
                106.41193,
                -7.36952
              ],
              [
                106.37514,
                -7.27957
              ],
              [
                106.41446,
                -6.9632
              ],
              [
                105.90389,
                -6.81348
              ],
              [
                105.53678,
                -6.86935
              ],
              [
                105.27522,
                -6.82497
              ],
              [
                105.25745,
                -6.7588
              ],
              [
                105.29375,
                -6.71536
              ],
              [
                105.43324,
                -6.80986
              ],
              [
                105.48494,
                -6.79633
              ],
              [
                105.6851,
                -6.52245
              ],
              [
                105.91897392,
                -6.04281824
              ],
              [
                106.10521,
                -5.95159
              ],
              [
                106.22845,
                -5.99576
              ],
              [
                106.70982,
                -6.0579
              ],
              [
                107.03455,
                -6.04107
              ],
              [
                107.00353,
                -6.00443
              ],
              [
                107.02202,
                -5.91357
              ],
              [
                107.2633,
                -5.95886
              ]
            ]
          ],
          [
            [
              [
                120.55977,
                -6.07049
              ],
              [
                120.47761,
                -6.4991
              ],
              [
                120.43832,
                -6.17129
              ],
              [
                120.44673,
                -5.85803
              ],
              [
                120.48384,
                -5.76993
              ],
              [
                120.51132,
                -5.84118
              ],
              [
                120.55977,
                -6.07049
              ]
            ]
          ],
          [
            [
              [
                134.61442094,
                -5.71937998
              ],
              [
                134.66325,
                -5.9328
              ],
              [
                134.52017,
                -5.91343
              ],
              [
                134.44662931,
                -5.98251067
              ],
              [
                134.29881,
                -5.89843
              ],
              [
                134.31651,
                -5.75535
              ],
              [
                134.42226,
                -5.59146
              ],
              [
                134.47502,
                -5.55671
              ],
              [
                134.61442094,
                -5.71937998
              ]
            ]
          ],
          [
            [
              [
                132.93033,
                -5.88458
              ],
              [
                132.84122,
                -5.99768
              ],
              [
                132.93516923,
                -5.70861001
              ],
              [
                133.02048,
                -5.60751
              ],
              [
                133.11993015,
                -5.28893971
              ],
              [
                133.16635,
                -5.27906
              ],
              [
                133.19946,
                -5.31805
              ],
              [
                133.14792,
                -5.47721
              ],
              [
                132.93033,
                -5.88458
              ]
            ]
          ],
          [
            [
              [
                122.04192,
                -5.37997
              ],
              [
                122.0288,
                -5.47213
              ],
              [
                121.94439,
                -5.46909
              ],
              [
                121.8055,
                -5.28286
              ],
              [
                121.82015,
                -5.16886
              ],
              [
                121.93542,
                -5.10261
              ],
              [
                121.97949,
                -5.09575
              ],
              [
                122.07533,
                -5.22789
              ],
              [
                122.04945,
                -5.31435
              ],
              [
                122.04192,
                -5.37997
              ]
            ]
          ],
          [
            [
              [
                122.62043,
                -5.24607
              ],
              [
                122.51849,
                -5.40655
              ],
              [
                122.28276,
                -5.38871
              ],
              [
                122.26894,
                -5.30858
              ],
              [
                122.35577,
                -4.92513
              ],
              [
                122.45116,
                -4.73746
              ],
              [
                122.67001,
                -4.60356
              ],
              [
                122.6993,
                -4.61222
              ],
              [
                122.74109,
                -4.64441
              ],
              [
                122.75974,
                -4.87825
              ],
              [
                122.74905,
                -4.95733
              ],
              [
                122.62043,
                -5.24607
              ]
            ]
          ],
          [
            [
              [
                123.18775,
                -4.65849
              ],
              [
                123.16552,
                -4.77043
              ],
              [
                123.11288,
                -4.69336
              ],
              [
                123.03179,
                -4.73646
              ],
              [
                122.9481952,
                -5.14801375
              ],
              [
                122.98154,
                -5.17424
              ],
              [
                123.07377,
                -5.16386
              ],
              [
                123.22168,
                -5.28345
              ],
              [
                122.81951,
                -5.68669
              ],
              [
                122.65474,
                -5.70326
              ],
              [
                122.56235,
                -5.49464
              ],
              [
                122.58266,
                -5.4676
              ],
              [
                122.60957,
                -5.45532
              ],
              [
                122.64969,
                -5.41275
              ],
              [
                122.75438,
                -5.2456
              ],
              [
                122.84551,
                -4.82
              ],
              [
                122.83608,
                -4.67387
              ],
              [
                122.86818,
                -4.5185
              ],
              [
                122.98766,
                -4.39253
              ],
              [
                123.076,
                -4.36096
              ],
              [
                123.19115,
                -4.61295
              ],
              [
                123.18775,
                -4.65849
              ]
            ]
          ],
          [
            [
              [
                123.25273,
                -4.11372
              ],
              [
                123.14314,
                -4.24784
              ],
              [
                123.05887,
                -4.24101
              ],
              [
                122.95692,
                -4.13791
              ],
              [
                122.94559,
                -4.05502
              ],
              [
                123.01119,
                -3.97918
              ],
              [
                123.18055,
                -4.00641
              ],
              [
                123.25409,
                -4.05851
              ],
              [
                123.25273,
                -4.11372
              ]
            ]
          ],
          [
            [
              [
                128.20656,
                -3.75213
              ],
              [
                127.92912,
                -3.77854
              ],
              [
                127.90836,
                -3.69206
              ],
              [
                128.00436053,
                -3.60563972
              ],
              [
                128.28226,
                -3.49707
              ],
              [
                128.32303,
                -3.50827
              ],
              [
                128.34596,
                -3.63592
              ],
              [
                128.20656,
                -3.75213
              ]
            ]
          ],
          [
            [
              [
                116.25929,
                -3.92656
              ],
              [
                116.09274,
                -4.0607
              ],
              [
                116.04768,
                -4.03611
              ],
              [
                116.04317,
                -3.52018
              ],
              [
                116.1493,
                -3.29734
              ],
              [
                116.27191,
                -3.22105
              ],
              [
                116.29601,
                -3.60192
              ],
              [
                116.25929,
                -3.92656
              ]
            ]
          ],
          [
            [
              [
                127.21857,
                -3.66758
              ],
              [
                126.75893,
                -3.8301
              ],
              [
                126.66689,
                -3.82917
              ],
              [
                126.19553,
                -3.62024
              ],
              [
                126.04616,
                -3.43604
              ],
              [
                126.00708,
                -3.35019
              ],
              [
                126.01107,
                -3.18753
              ],
              [
                126.08913,
                -3.10294
              ],
              [
                126.68827,
                -3.05473
              ],
              [
                126.80608,
                -3.06326
              ],
              [
                127.01499,
                -3.15435
              ],
              [
                127.25975,
                -3.3703
              ],
              [
                127.25421,
                -3.58473
              ],
              [
                127.21857,
                -3.66758
              ]
            ]
          ],
          [
            [
              [
                100.46407,
                -3.12716
              ],
              [
                100.39097,
                -3.20718
              ],
              [
                100.18829,
                -2.95072
              ],
              [
                100.18237,
                -2.85821
              ],
              [
                100.25926,
                -2.8288
              ],
              [
                100.44325,
                -3.00755
              ],
              [
                100.46407,
                -3.12716
              ]
            ]
          ],
          [
            [
              [
                129.59692898,
                -2.81501012
              ],
              [
                130.01346,
                -2.99938
              ],
              [
                130.23515,
                -2.98381
              ],
              [
                130.59152,
                -3.14486
              ],
              [
                130.86204949,
                -3.55701962
              ],
              [
                130.83681,
                -3.85281
              ],
              [
                130.61188,
                -3.79221
              ],
              [
                129.88809,
                -3.33368
              ],
              [
                129.58937,
                -3.30851
              ],
              [
                129.33665073,
                -3.41353981
              ],
              [
                129.16167,
                -3.37173
              ],
              [
                128.96411,
                -3.27379
              ],
              [
                128.62715,
                -3.43385
              ],
              [
                128.45589,
                -3.45556
              ],
              [
                128.40202,
                -3.42391
              ],
              [
                128.19316,
                -3.1199
              ],
              [
                128.05594,
                -3.26989
              ],
              [
                127.91198,
                -3.55397
              ],
              [
                127.84138,
                -3.1694
              ],
              [
                127.96915,
                -3.09953
              ],
              [
                128.09930904,
                -2.97419004
              ],
              [
                128.16542,
                -2.86366
              ],
              [
                129.59692898,
                -2.81501012
              ]
            ]
          ],
          [
            [
              [
                108.28786,
                -2.88359
              ],
              [
                107.96366,
                -3.19614
              ],
              [
                107.84725186,
                -3.05969569
              ],
              [
                107.80912,
                -3.08539
              ],
              [
                107.83971,
                -3.12024
              ],
              [
                107.82248,
                -3.16378
              ],
              [
                107.64848,
                -3.22951
              ],
              [
                107.60225,
                -3.17584
              ],
              [
                107.56254,
                -2.89718
              ],
              [
                107.59683,
                -2.82437
              ],
              [
                107.63489,
                -2.59791
              ],
              [
                107.80834,
                -2.53585
              ],
              [
                107.89282,
                -2.57876
              ],
              [
                108.1195,
                -2.64462
              ],
              [
                108.18698,
                -2.69172
              ],
              [
                108.2569,
                -2.76963
              ],
              [
                108.28786,
                -2.88359
              ]
            ]
          ],
          [
            [
              [
                100.10809,
                -2.83916
              ],
              [
                99.99478,
                -2.8408
              ],
              [
                99.96081,
                -2.56988
              ],
              [
                99.96295,
                -2.51308
              ],
              [
                99.98908,
                -2.50496
              ],
              [
                100.16312,
                -2.64626
              ],
              [
                100.21368,
                -2.78087
              ],
              [
                100.10809,
                -2.83916
              ]
            ]
          ],
          [
            [
              [
                99.69498,
                -2.09291
              ],
              [
                99.80704,
                -2.37001
              ],
              [
                99.58965,
                -2.26884
              ],
              [
                99.54649,
                -2.2189
              ],
              [
                99.51826,
                -2.16145
              ],
              [
                99.57661,
                -2.03996
              ],
              [
                99.61511,
                -2.03106
              ],
              [
                99.69498,
                -2.09291
              ]
            ]
          ],
          [
            [
              [
                126.02807,
                -2.3348
              ],
              [
                125.94485,
                -2.37289
              ],
              [
                125.85229,
                -2.07657
              ],
              [
                125.90996,
                -1.97063
              ],
              [
                125.99011,
                -2.01648
              ],
              [
                126.02807,
                -2.3348
              ]
            ]
          ],
          [
            [
              [
                126.24651,
                -1.87552
              ],
              [
                125.56023,
                -1.93244
              ],
              [
                125.43852,
                -1.90028
              ],
              [
                125.41274,
                -1.87586
              ],
              [
                125.42562,
                -1.80943
              ],
              [
                126.35,
                -1.81696
              ],
              [
                126.24651,
                -1.87552
              ]
            ]
          ],
          [
            [
              [
                130.26733,
                -2.03045
              ],
              [
                130.10725015,
                -2.04859028
              ],
              [
                129.96545044,
                -2.01579967
              ],
              [
                129.8378,
                -1.97074
              ],
              [
                129.7127288,
                -1.88426999
              ],
              [
                130.00477948,
                -1.74961028
              ],
              [
                130.20911,
                -1.73017
              ],
              [
                130.24988,
                -1.71605
              ],
              [
                130.32898,
                -1.67241
              ],
              [
                130.43728106,
                -1.83059
              ],
              [
                130.42599081,
                -1.9555
              ],
              [
                130.26733,
                -2.03045
              ]
            ]
          ],
          [
            [
              [
                124.62395,
                -1.98492
              ],
              [
                124.40819,
                -2.02179
              ],
              [
                124.33361,
                -1.88612
              ],
              [
                124.364,
                -1.70963
              ],
              [
                124.40775,
                -1.66056
              ],
              [
                124.5222,
                -1.64274
              ],
              [
                124.65878,
                -1.63966
              ],
              [
                125.29301,
                -1.74458
              ],
              [
                125.32227,
                -1.87937
              ],
              [
                124.86948,
                -1.90139
              ],
              [
                124.62395,
                -1.98492
              ]
            ]
          ],
          [
            [
              [
                136.63466,
                -1.86984
              ],
              [
                136.22122,
                -1.87559
              ],
              [
                135.98382095,
                -1.81539
              ],
              [
                135.93294,
                -1.7725
              ],
              [
                135.76771949,
                -1.71962035
              ],
              [
                135.47758081,
                -1.66858001
              ],
              [
                135.44171,
                -1.60553
              ],
              [
                135.48831,
                -1.60173
              ],
              [
                136.7215,
                -1.73073
              ],
              [
                136.90686,
                -1.78997
              ],
              [
                136.63466,
                -1.86984
              ]
            ]
          ],
          [
            [
              [
                105.95976,
                -1.55328
              ],
              [
                106.14252,
                -1.87001
              ],
              [
                106.15874,
                -2.10083
              ],
              [
                106.23399,
                -2.33365
              ],
              [
                106.32896,
                -2.45536
              ],
              [
                106.67888,
                -2.67956
              ],
              [
                106.58497,
                -2.92704
              ],
              [
                106.59995,
                -2.96059
              ],
              [
                106.6993,
                -3.00592
              ],
              [
                106.40813,
                -2.97088
              ],
              [
                105.94955,
                -2.80282
              ],
              [
                105.88705,
                -2.64788
              ],
              [
                105.89794,
                -2.5929
              ],
              [
                105.78543,
                -2.1784
              ],
              [
                105.75544,
                -2.1513
              ],
              [
                105.45649,
                -2.1148
              ],
              [
                105.29232,
                -2.14367
              ],
              [
                105.12428,
                -2.07529
              ],
              [
                105.13485,
                -1.95934
              ],
              [
                105.35313,
                -1.65621
              ],
              [
                105.4689,
                -1.56395
              ],
              [
                105.55801,
                -1.54364
              ],
              [
                105.68659,
                -1.65454
              ],
              [
                105.71674,
                -1.59023
              ],
              [
                105.90369,
                -1.50486
              ],
              [
                105.95976,
                -1.55328
              ]
            ]
          ],
          [
            [
              [
                127.98627,
                -1.511
              ],
              [
                128.06882,
                -1.58237
              ],
              [
                128.09462,
                -1.5782
              ],
              [
                127.99004,
                -1.71284
              ],
              [
                127.48945,
                -1.73224
              ],
              [
                127.39003,
                -1.66817
              ],
              [
                127.37905,
                -1.63277
              ],
              [
                127.42905,
                -1.42492
              ],
              [
                127.64171,
                -1.33602
              ],
              [
                127.98627,
                -1.511
              ]
            ]
          ],
          [
            [
              [
                123.19096,
                -1.27213
              ],
              [
                123.18559,
                -1.32517
              ],
              [
                123.2393,
                -1.39899
              ],
              [
                123.37309,
                -1.22075
              ],
              [
                123.54749,
                -1.27664
              ],
              [
                123.52643,
                -1.41998
              ],
              [
                123.45438,
                -1.51669
              ],
              [
                123.11716,
                -1.56603
              ],
              [
                123.17497,
                -1.47612
              ],
              [
                123.1461,
                -1.30181
              ],
              [
                122.92201,
                -1.59821
              ],
              [
                122.85424,
                -1.58731
              ],
              [
                122.78749,
                -1.45204
              ],
              [
                122.82751,
                -1.28444
              ],
              [
                122.90121,
                -1.18758
              ],
              [
                123.12738,
                -1.19301
              ],
              [
                123.19096,
                -1.27213
              ]
            ]
          ],
          [
            [
              [
                109.77563,
                -1.15121
              ],
              [
                109.50833,
                -1.30347
              ],
              [
                109.41617,
                -1.25201
              ],
              [
                109.44095,
                -1.01864
              ],
              [
                109.47729,
                -0.97664
              ],
              [
                109.69455,
                -0.99334
              ],
              [
                109.75615,
                -1.00401
              ],
              [
                109.77563,
                -1.15121
              ]
            ]
          ],
          [
            [
              [
                99.22148,
                -1.79366
              ],
              [
                99.10451,
                -1.81769
              ],
              [
                98.87607,
                -1.69514
              ],
              [
                98.59545,
                -1.24047
              ],
              [
                98.6495,
                -1.06118
              ],
              [
                98.71324,
                -0.96171
              ],
              [
                98.93185,
                -1.02612
              ],
              [
                98.93708,
                -1.09064
              ],
              [
                99.10111,
                -1.3963
              ],
              [
                99.27486,
                -1.66896
              ],
              [
                99.26381,
                -1.75303
              ],
              [
                99.22148,
                -1.79366
              ]
            ]
          ],
          [
            [
              [
                131.03505,
                -1.20017
              ],
              [
                130.96655,
                -1.36646
              ],
              [
                130.8746607,
                -1.34438988
              ],
              [
                130.7784,
                -1.26717
              ],
              [
                130.66255,
                -1.01222
              ],
              [
                130.67665,
                -0.95902
              ],
              [
                130.90977062,
                -0.90182967
              ],
              [
                131.02327,
                -0.92171
              ],
              [
                131.03505,
                -1.20017
              ]
            ]
          ],
          [
            [
              [
                135.9151,
                -0.75804
              ],
              [
                136.38573,
                -1.10423
              ],
              [
                136.3095592,
                -1.16702014
              ],
              [
                136.15103,
                -1.2165
              ],
              [
                135.9202301,
                -1.1889759
              ],
              [
                135.825,
                -1.1169
              ],
              [
                135.71974,
                -0.8107
              ],
              [
                135.54912,
                -0.88341
              ],
              [
                135.40369,
                -0.72892
              ],
              [
                135.37291,
                -0.63805
              ],
              [
                135.53934,
                -0.67085
              ],
              [
                135.9151,
                -0.75804
              ]
            ]
          ],
          [
            [
              [
                134.27864,
                -1.3529
              ],
              [
                134.11967911,
                -1.7967
              ],
              [
                134.13948,
                -2.15733
              ],
              [
                134.21655,
                -2.39499
              ],
              [
                134.41557,
                -2.73956
              ],
              [
                134.48968074,
                -2.65068029
              ],
              [
                134.66821,
                -2.62342
              ],
              [
                134.76802,
                -2.99403
              ],
              [
                134.88046,
                -3.24786
              ],
              [
                135.01117,
                -3.33106
              ],
              [
                135.18506,
                -3.36325
              ],
              [
                135.50709081,
                -3.35021916
              ],
              [
                136.3260393,
                -2.39361038
              ],
              [
                136.53262,
                -2.23154
              ],
              [
                136.90626921,
                -2.17662997
              ],
              [
                137.26184,
                -2.06396
              ],
              [
                137.27687,
                -1.92988
              ],
              [
                137.2336,
                -1.75445
              ],
              [
                137.79191964,
                -1.47656034
              ],
              [
                137.89992,
                -1.47175
              ],
              [
                139.77293064,
                -2.36091012
              ],
              [
                140.02295,
                -2.35862
              ],
              [
                140.53412,
                -2.43065
              ],
              [
                140.74504,
                -2.50724
              ],
              [
                140.75966,
                -2.53785
              ],
              [
                140.73794926,
                -2.52587001
              ],
              [
                140.69516,
                -2.6158
              ],
              [
                140.73172,
                -2.63953
              ],
              [
                141,
                -2.60425815
              ],
              [
                141,
                -6.32240051
              ],
              [
                140.91151491,
                -6.5737256
              ],
              [
                140.84178929,
                -6.61056418
              ],
              [
                140.99857632,
                -6.89214349
              ],
              [
                141.01944435,
                -7.00914896
              ],
              [
                141.019444,
                -9.12694444
              ],
              [
                140.8586,
                -9.02998
              ],
              [
                140.2334,
                -8.3839
              ],
              [
                140.01514,
                -8.0797
              ],
              [
                140.06502,
                -8.02135
              ],
              [
                140.05391,
                -7.8916
              ],
              [
                139.82709,
                -8.11516
              ],
              [
                139.02881,
                -8.17546
              ],
              [
                138.9048,
                -8.0704
              ],
              [
                139.12662,
                -7.5945
              ],
              [
                138.79503,
                -7.29507
              ],
              [
                138.97661,
                -7.22349
              ],
              [
                139.57724,
                -7.25216
              ],
              [
                139.66914,
                -7.27971
              ],
              [
                139.67378,
                -7.27808
              ],
              [
                139.65211914,
                -7.16157001
              ],
              [
                139.63168,
                -7.14015
              ],
              [
                139.08124,
                -7.20541
              ],
              [
                138.76103,
                -7.12011
              ],
              [
                138.54870986,
                -6.95369974
              ],
              [
                138.54516934,
                -6.91163002
              ],
              [
                138.57211,
                -6.89104
              ],
              [
                138.75549,
                -6.88821
              ],
              [
                138.93692,
                -6.84349
              ],
              [
                138.93519986,
                -6.79498973
              ],
              [
                138.64128,
                -6.58118
              ],
              [
                138.39726,
                -6.32417
              ],
              [
                138.24219,
                -5.68327
              ],
              [
                137.77806,
                -5.26998
              ],
              [
                137.56828,
                -5.14729
              ],
              [
                137.60142066,
                -5.01764037
              ],
              [
                137.696,
                -4.98451
              ],
              [
                137.6386511,
                -4.89666998
              ],
              [
                137.51491,
                -4.97975
              ],
              [
                137.36938945,
                -4.96524042
              ],
              [
                137.38966,
                -4.89009
              ],
              [
                137.30545,
                -4.96124
              ],
              [
                137.18518,
                -4.99008
              ],
              [
                137.07616,
                -4.92139
              ],
              [
                137.09247,
                -4.86763
              ],
              [
                137.05836082,
                -4.80946004
              ],
              [
                137.05044926,
                -4.83427
              ],
              [
                136.81091,
                -4.83434
              ],
              [
                136.77574,
                -4.81112
              ],
              [
                136.46805,
                -4.70254
              ],
              [
                135.82936,
                -4.48025
              ],
              [
                135.35110912,
                -4.42758998
              ],
              [
                134.80223,
                -4.23783
              ],
              [
                134.7352,
                -4.19602
              ],
              [
                134.64557,
                -4.08009
              ],
              [
                134.66270908,
                -3.97660999
              ],
              [
                134.78122,
                -3.94864
              ],
              [
                134.86111054,
                -3.98016967
              ],
              [
                134.93799,
                -3.97193
              ],
              [
                134.94279932,
                -3.92075035
              ],
              [
                134.32844079,
                -3.94248031
              ],
              [
                134.19677122,
                -3.83313998
              ],
              [
                133.88759,
                -3.66211
              ],
              [
                133.79465,
                -3.68955
              ],
              [
                133.71542,
                -3.61539
              ],
              [
                133.64719,
                -3.49161
              ],
              [
                133.67674,
                -3.2332
              ],
              [
                133.71216,
                -3.16173
              ],
              [
                133.89776961,
                -3.07415969
              ],
              [
                133.8575,
                -2.91776
              ],
              [
                133.66777,
                -3.11137
              ],
              [
                133.46850956,
                -3.43671966
              ],
              [
                133.40690954,
                -3.90817998
              ],
              [
                133.26007,
                -4.05841
              ],
              [
                133.00491,
                -4.10922
              ],
              [
                132.89967,
                -4.08679
              ],
              [
                132.81241,
                -3.93811
              ],
              [
                132.72362,
                -3.64009
              ],
              [
                132.80279082,
                -3.63722025
              ],
              [
                132.87921,
                -3.48227
              ],
              [
                132.81671,
                -3.32881
              ],
              [
                132.33418,
                -2.95211
              ],
              [
                132.21236,
                -2.93176
              ],
              [
                132.10957,
                -2.95106
              ],
              [
                132.02034,
                -2.91206
              ],
              [
                131.9978991,
                -2.88623021
              ],
              [
                132.03551,
                -2.75139
              ],
              [
                132.12744,
                -2.68547
              ],
              [
                132.30025,
                -2.67652
              ],
              [
                132.473231,
                -2.69511988
              ],
              [
                132.65132,
                -2.78083
              ],
              [
                132.9542502,
                -2.59550969
              ],
              [
                133.32532,
                -2.4575
              ],
              [
                133.38656949,
                -2.50688975
              ],
              [
                133.67596906,
                -2.68387001
              ],
              [
                133.80553,
                -2.64022
              ],
              [
                134.0289,
                -2.4599
              ],
              [
                134.06314,
                -2.37475
              ],
              [
                134.06618,
                -2.35048
              ],
              [
                133.96921,
                -2.05977
              ],
              [
                133.50386,
                -2.23102
              ],
              [
                132.38244076,
                -2.27319954
              ],
              [
                131.97230049,
                -1.97461021
              ],
              [
                131.88046,
                -1.65604
              ],
              [
                131.73315949,
                -1.43853978
              ],
              [
                131.68753,
                -1.40778
              ],
              [
                131.6257,
                -1.41297
              ],
              [
                131.51973,
                -1.48255
              ],
              [
                131.18582,
                -1.50715
              ],
              [
                130.93129,
                -1.43146
              ],
              [
                131.00525,
                -1.38603
              ],
              [
                131.17987,
                -1.21825
              ],
              [
                131.24643,
                -1.08392
              ],
              [
                131.27609,
                -0.9229
              ],
              [
                132.16165,
                -0.4258
              ],
              [
                132.38081,
                -0.36233
              ],
              [
                132.7108,
                -0.36921
              ],
              [
                133.0775,
                -0.50946
              ],
              [
                133.27328082,
                -0.61575
              ],
              [
                133.80528,
                -0.72567
              ],
              [
                134.0695,
                -0.87587
              ],
              [
                134.27864,
                -1.3529
              ]
            ]
          ],
          [
            [
              [
                104.50775,
                -0.60878
              ],
              [
                104.37831,
                -0.6751
              ],
              [
                104.33791,
                -0.65992
              ],
              [
                104.24323,
                -0.50116
              ],
              [
                104.31606,
                -0.41303
              ],
              [
                104.47559,
                -0.35226
              ],
              [
                104.53104,
                -0.38581
              ],
              [
                104.57554,
                -0.46274
              ],
              [
                104.56824,
                -0.50752
              ],
              [
                104.50775,
                -0.60878
              ]
            ]
          ],
          [
            [
              [
                127.79848,
                -0.69521
              ],
              [
                127.6561,
                -0.83136
              ],
              [
                127.4859,
                -0.82991
              ],
              [
                127.41565,
                -0.63125
              ],
              [
                127.4147,
                -0.37723
              ],
              [
                127.51768,
                -0.30987
              ],
              [
                127.56124,
                -0.32247
              ],
              [
                127.68182,
                -0.45807
              ],
              [
                127.79848,
                -0.69521
              ]
            ]
          ],
          [
            [
              [
                131.02579,
                -0.03955
              ],
              [
                131.25731,
                -0.15219
              ],
              [
                131.30827,
                -0.21414
              ],
              [
                131.32228,
                -0.30958
              ],
              [
                131.25246,
                -0.38046
              ],
              [
                130.9532,
                -0.3625
              ],
              [
                130.65712,
                -0.07788
              ],
              [
                130.61432,
                -0.12052
              ],
              [
                130.73625,
                -0.29674
              ],
              [
                130.68959,
                -0.31097
              ],
              [
                130.6082,
                -0.31342
              ],
              [
                130.36415,
                -0.24424
              ],
              [
                130.4353,
                -0.20168
              ],
              [
                130.40524,
                -0.15705
              ],
              [
                130.35159,
                -0.14236
              ],
              [
                130.33255,
                -0.16287
              ],
              [
                130.3311,
                -0.09791
              ],
              [
                130.52464,
                -0.0539
              ],
              [
                130.94513,
                -0.04478
              ],
              [
                131.02579,
                -0.03955
              ]
            ]
          ],
          [
            [
              [
                104.81646,
                -0.19942
              ],
              [
                104.83597,
                -0.32124
              ],
              [
                104.54153,
                -0.26481
              ],
              [
                104.47035,
                -0.16125
              ],
              [
                104.52636,
                -0.01593
              ],
              [
                104.55119,
                0.00425
              ],
              [
                104.60358,
                -0.01898
              ],
              [
                104.73591,
                -0.1643
              ],
              [
                104.81646,
                -0.19942
              ]
            ]
          ],
          [
            [
              [
                102.51981,
                1.12661
              ],
              [
                102.67198,
                0.99362
              ],
              [
                102.77038,
                1.0033
              ],
              [
                103.04297,
                0.82768
              ],
              [
                103.06443,
                0.77613
              ],
              [
                103.03505,
                0.68256
              ],
              [
                102.9981,
                0.68389
              ],
              [
                102.92389,
                0.77312
              ],
              [
                102.5038,
                0.9307
              ],
              [
                102.46232,
                1.06963
              ],
              [
                102.48856,
                1.12811
              ],
              [
                102.51981,
                1.12661
              ]
            ]
          ],
          [
            [
              [
                102.98045,
                1.08711
              ],
              [
                103.10085,
                0.96385
              ],
              [
                103.17282,
                0.88333
              ],
              [
                103.13512,
                0.8208
              ],
              [
                103.07924,
                0.8236
              ],
              [
                102.75154,
                1.03026
              ],
              [
                102.64403,
                1.02269
              ],
              [
                102.71223,
                1.12992
              ],
              [
                102.76688,
                1.15587
              ],
              [
                102.98045,
                1.08711
              ]
            ]
          ],
          [
            [
              [
                104.66557,
                1.04066
              ],
              [
                104.62195,
                0.8914
              ],
              [
                104.41915,
                0.97521
              ],
              [
                104.41038,
                1.03293
              ],
              [
                104.41137,
                1.19766
              ],
              [
                104.58069,
                1.22665
              ],
              [
                104.66557,
                1.04066
              ]
            ]
          ],
          [
            [
              [
                102.42044,
                0.91106
              ],
              [
                102.38348,
                0.9096
              ],
              [
                102.28723,
                0.99015
              ],
              [
                102.24962,
                1.06841
              ],
              [
                102.21636,
                1.28934
              ],
              [
                102.23981,
                1.4053
              ],
              [
                102.29325,
                1.40993
              ],
              [
                102.49075,
                1.22714
              ],
              [
                102.44379,
                1.05569
              ],
              [
                102.49059,
                0.93834
              ],
              [
                102.42044,
                0.91106
              ]
            ]
          ],
          [
            [
              [
                97.88929,
                0.63171
              ],
              [
                97.80597,
                0.55005
              ],
              [
                97.67951,
                0.59967
              ],
              [
                97.18034,
                1.31835
              ],
              [
                97.2075,
                1.40321
              ],
              [
                97.34424,
                1.49936
              ],
              [
                97.40087,
                1.49787
              ],
              [
                97.51156,
                1.42226
              ],
              [
                97.77032,
                1.14928
              ],
              [
                97.92706,
                0.93656
              ],
              [
                97.88929,
                0.63171
              ]
            ]
          ],
          [
            [
              [
                102.50212,
                1.46126
              ],
              [
                102.51066,
                1.24153
              ],
              [
                102.29628,
                1.42623
              ],
              [
                102.1028,
                1.46695
              ],
              [
                101.9941,
                1.60799
              ],
              [
                102.22962,
                1.5653
              ],
              [
                102.46921,
                1.51494
              ],
              [
                102.50212,
                1.46126
              ]
            ]
          ],
          [
            [
              [
                125.05198,
                1.26534
              ],
              [
                124.66405,
                0.82028
              ],
              [
                124.48932,
                0.47013
              ],
              [
                124.2131,
                0.38983
              ],
              [
                123.61234,
                0.28125
              ],
              [
                123.26572,
                0.31397
              ],
              [
                122.9132,
                0.48093
              ],
              [
                122.5373,
                0.50062
              ],
              [
                122.13255,
                0.48349
              ],
              [
                121.54153,
                0.53401
              ],
              [
                121.37342,
                0.4691
              ],
              [
                121.13561,
                0.43068
              ],
              [
                120.84318,
                0.45668
              ],
              [
                120.63895,
                0.53548
              ],
              [
                120.55341,
                0.5297
              ],
              [
                120.34737,
                0.44965
              ],
              [
                120.144,
                0.20463
              ],
              [
                120.00639,
                -0.18928
              ],
              [
                120.05972,
                -0.62785
              ],
              [
                120.11077,
                -0.74406
              ],
              [
                120.70442,
                -1.39742
              ],
              [
                121.09586,
                -1.42371
              ],
              [
                121.19685,
                -1.23478
              ],
              [
                121.45473,
                -0.9086
              ],
              [
                121.62788,
                -0.79852
              ],
              [
                121.65634,
                -0.80859
              ],
              [
                121.64302,
                -0.90086
              ],
              [
                121.70574,
                -0.94377
              ],
              [
                121.94009,
                -0.98152
              ],
              [
                122.09142,
                -0.94734
              ],
              [
                122.14488,
                -0.87611
              ],
              [
                122.59782,
                -0.77084
              ],
              [
                122.71993,
                -0.65592
              ],
              [
                123.10396,
                -0.5675
              ],
              [
                123.18835,
                -0.56742
              ],
              [
                123.36918,
                -0.6323
              ],
              [
                123.44459,
                -0.77849
              ],
              [
                123.37576,
                -1.00038
              ],
              [
                123.32437,
                -1.0511
              ],
              [
                123.2649,
                -1.04632
              ],
              [
                123.14867,
                -0.95503
              ],
              [
                123.14572,
                -0.89482
              ],
              [
                123.05659,
                -0.87488
              ],
              [
                122.85653,
                -0.92034
              ],
              [
                122.78943,
                -0.97056
              ],
              [
                122.71646,
                -1.11221
              ],
              [
                122.40543,
                -1.47097
              ],
              [
                122.23058,
                -1.59436
              ],
              [
                121.8555,
                -1.69561
              ],
              [
                121.77233,
                -1.78155
              ],
              [
                121.45081,
                -1.84249
              ],
              [
                121.32334,
                -1.77472
              ],
              [
                121.28638,
                -1.83839
              ],
              [
                121.33788,
                -2.00247
              ],
              [
                121.36588,
                -1.98173
              ],
              [
                121.49484,
                -2.03893
              ],
              [
                121.72466,
                -2.20046
              ],
              [
                122.39161,
                -3.13324
              ],
              [
                122.2807,
                -3.47843
              ],
              [
                122.19471,
                -3.55249
              ],
              [
                122.19446,
                -3.60081
              ],
              [
                122.59673,
                -3.96976
              ],
              [
                122.68013,
                -4.15449
              ],
              [
                122.83662,
                -4.14538
              ],
              [
                122.76118,
                -4.06263
              ],
              [
                122.84638,
                -4.06283
              ],
              [
                122.8914,
                -4.13713
              ],
              [
                122.88174,
                -4.40697
              ],
              [
                122.84428,
                -4.43164
              ],
              [
                122.55334,
                -4.41659
              ],
              [
                122.10467567,
                -4.52903727
              ],
              [
                122.03628,
                -4.64977
              ],
              [
                122.03291,
                -4.72199
              ],
              [
                122.11036,
                -4.81148
              ],
              [
                122.0024,
                -4.89298
              ],
              [
                121.72134,
                -4.84779
              ],
              [
                121.53799,
                -4.76495
              ],
              [
                121.49102,
                -4.68619
              ],
              [
                121.55963,
                -4.25615
              ],
              [
                121.44733,
                -4.00347
              ],
              [
                121.24665,
                -3.86936
              ],
              [
                120.88406,
                -3.53646
              ],
              [
                120.86806,
                -3.42821
              ],
              [
                121,
                -3.24534
              ],
              [
                121.05677,
                -3.08437
              ],
              [
                121.08561,
                -2.94378
              ],
              [
                121.08437,
                -2.71557
              ],
              [
                121.01276,
                -2.6541
              ],
              [
                120.76372,
                -2.62623
              ],
              [
                120.56844,
                -2.70543
              ],
              [
                120.19136,
                -2.97013
              ],
              [
                120.39612,
                -3.39671
              ],
              [
                120.43098,
                -3.69263
              ],
              [
                120.40366,
                -3.78459
              ],
              [
                120.34826,
                -4.84065
              ],
              [
                120.3736,
                -5.57074
              ],
              [
                119.63423,
                -5.66702
              ],
              [
                119.46889,
                -5.59625
              ],
              [
                119.35548,
                -5.41859
              ],
              [
                119.35461,
                -5.35028
              ],
              [
                119.39772,
                -5.13918
              ],
              [
                119.51745,
                -4.88172
              ],
              [
                119.62284,
                -4.29858
              ],
              [
                119.6108,
                -4.07999
              ],
              [
                119.50682,
                -3.56901
              ],
              [
                119.44309,
                -3.4755
              ],
              [
                119.30685,
                -3.42901
              ],
              [
                118.9436,
                -3.57008
              ],
              [
                118.92446,
                -3.55622
              ],
              [
                118.7924,
                -3.1417
              ],
              [
                118.78167,
                -2.86439
              ],
              [
                118.84429,
                -2.6504
              ],
              [
                118.87507,
                -2.68647
              ],
              [
                118.98294,
                -2.6334
              ],
              [
                119.12366,
                -2.484
              ],
              [
                119.30789,
                -1.53707
              ],
              [
                119.29465,
                -1.27429
              ],
              [
                119.33112,
                -1.18124
              ],
              [
                119.80019,
                -0.61691
              ],
              [
                119.77504,
                -0.30094
              ],
              [
                119.82394,
                0.23771
              ],
              [
                119.92228,
                0.48817
              ],
              [
                120.2354,
                0.88052
              ],
              [
                120.3401,
                0.93404
              ],
              [
                120.33192,
                0.85285
              ],
              [
                120.39176,
                0.81001
              ],
              [
                120.57915,
                0.77528
              ],
              [
                120.79002,
                1.03623
              ],
              [
                120.82142,
                1.26493
              ],
              [
                120.93587,
                1.34581
              ],
              [
                121.37036,
                1.24941
              ],
              [
                121.64168,
                1.0516
              ],
              [
                121.94907,
                1.04168
              ],
              [
                122.04038,
                1.04895
              ],
              [
                122.46709,
                1.00322
              ],
              [
                122.84923,
                0.80865
              ],
              [
                122.9548,
                0.92964
              ],
              [
                123.1025,
                0.93742
              ],
              [
                123.85659,
                0.83205
              ],
              [
                124.27779,
                1.00236
              ],
              [
                124.9193,
                1.66818
              ],
              [
                125.01206,
                1.69467
              ],
              [
                125.12199,
                1.67792
              ],
              [
                125.24427,
                1.5165
              ],
              [
                125.22919,
                1.46636
              ],
              [
                125.19859,
                1.44727
              ],
              [
                125.05198,
                1.26534
              ]
            ]
          ],
          [
            [
              [
                101.68306,
                2.10764
              ],
              [
                101.79003,
                1.96016
              ],
              [
                101.74152,
                1.76606
              ],
              [
                101.61993,
                1.68686
              ],
              [
                101.46983,
                1.7193
              ],
              [
                101.38806,
                1.91333
              ],
              [
                101.40292,
                2.00984
              ],
              [
                101.47478,
                2.06182
              ],
              [
                101.51267,
                2.0447
              ],
              [
                101.65247,
                2.11854
              ],
              [
                101.68306,
                2.10764
              ]
            ]
          ],
          [
            [
              [
                127.75111,
                0.81134
              ],
              [
                127.84124,
                0.80096
              ],
              [
                127.92249,
                0.8669
              ],
              [
                128.069,
                1.1255
              ],
              [
                128.09326,
                1.28153
              ],
              [
                128.18773,
                1.38584
              ],
              [
                128.46136075,
                1.55571018
              ],
              [
                128.66763,
                1.59768
              ],
              [
                128.71828,
                1.58045
              ],
              [
                128.72842,
                1.54614
              ],
              [
                128.69298,
                1.0871
              ],
              [
                128.42930937,
                0.92561014
              ],
              [
                128.35161,
                0.90935
              ],
              [
                128.18863,
                0.78581
              ],
              [
                128.30252,
                0.65395
              ],
              [
                128.48945937,
                0.59650006
              ],
              [
                128.77806,
                0.31481
              ],
              [
                128.71336909,
                0.28565037
              ],
              [
                128.12317,
                0.46317
              ],
              [
                127.95711,
                0.48049
              ],
              [
                127.89832,
                0.43679
              ],
              [
                127.87613,
                0.34175
              ],
              [
                127.91312,
                -0.06446
              ],
              [
                127.9976,
                -0.30497
              ],
              [
                128.20816,
                -0.70451
              ],
              [
                128.31628903,
                -0.80885
              ],
              [
                128.21712,
                -0.84233
              ],
              [
                127.99069,
                -0.65316
              ],
              [
                127.68568,
                -0.12397
              ],
              [
                127.57655,
                0.75506
              ],
              [
                127.63056,
                0.80962
              ],
              [
                127.6323,
                0.85351
              ],
              [
                127.53329,
                0.88481
              ],
              [
                127.48752,
                0.92952
              ],
              [
                127.39796,
                1.09044
              ],
              [
                127.43797,
                1.29059
              ],
              [
                127.53099,
                1.48075
              ],
              [
                127.55924,
                1.70767
              ],
              [
                127.70756,
                1.94763
              ],
              [
                127.85869,
                2.10546
              ],
              [
                128.0014,
                2.19289
              ],
              [
                128.06909,
                2.19129
              ],
              [
                127.98586,
                1.7646
              ],
              [
                128.0186,
                1.71067
              ],
              [
                128.0325,
                1.5609
              ],
              [
                127.99954,
                1.33036
              ],
              [
                127.90705,
                1.18373
              ],
              [
                127.64851,
                1.02356
              ],
              [
                127.62281,
                0.97651
              ],
              [
                127.66158,
                0.87687
              ],
              [
                127.75111,
                0.81134
              ]
            ]
          ],
          [
            [
              [
                128.51152,
                2.06547
              ],
              [
                128.28096,
                2.03596
              ],
              [
                128.20752,
                2.28286
              ],
              [
                128.34779,
                2.49358
              ],
              [
                128.4435,
                2.58113
              ],
              [
                128.5618,
                2.64557
              ],
              [
                128.60779,
                2.58648
              ],
              [
                128.67425071,
                2.50612963
              ],
              [
                128.67428952,
                2.39981969
              ],
              [
                128.56862,
                2.10735
              ],
              [
                128.51152,
                2.06547
              ]
            ]
          ],
          [
            [
              [
                96.3951,
                2.48576
              ],
              [
                96.31464,
                2.35901
              ],
              [
                95.82123,
                2.63293
              ],
              [
                95.70585,
                2.73996
              ],
              [
                95.72614,
                2.82416
              ],
              [
                95.80253,
                2.91411
              ],
              [
                95.81751,
                2.901
              ],
              [
                96.11813,
                2.6867
              ],
              [
                96.34779,
                2.54171
              ],
              [
                96.3951,
                2.48576
              ]
            ]
          ],
          [
            [
              [
                108.26279,
                3.65854
              ],
              [
                108.17207,
                3.64042
              ],
              [
                108.09715,
                3.69353
              ],
              [
                108.14055,
                3.75192
              ],
              [
                108.02152,
                3.89223
              ],
              [
                107.98688,
                4.00946
              ],
              [
                108.2255,
                4.19508
              ],
              [
                108.27943,
                4.08678
              ],
              [
                108.39829,
                3.88846
              ],
              [
                108.36739,
                3.78627
              ],
              [
                108.26279,
                3.65854
              ]
            ]
          ],
          [
            [
              [
                126.90753,
                4.26704
              ],
              [
                126.81382,
                4.03634
              ],
              [
                126.72523,
                4.0991
              ],
              [
                126.6853,
                4.34822
              ],
              [
                126.72389,
                4.52792
              ],
              [
                126.74388,
                4.54998
              ],
              [
                126.7959,
                4.53033
              ],
              [
                126.90753,
                4.26704
              ]
            ]
          ],
          [
            [
              [
                96.19402,
                5.26293
              ],
              [
                96.49081,
                5.20461
              ],
              [
                96.70018,
                5.24444
              ],
              [
                97.08179,
                5.23275
              ],
              [
                97.37933,
                5.20929
              ],
              [
                97.57005,
                5.16184
              ],
              [
                97.85081,
                4.90267
              ],
              [
                98.04082,
                4.52664
              ],
              [
                98.15612,
                4.51045
              ],
              [
                98.28299,
                4.41192
              ],
              [
                98.25234,
                4.2044
              ],
              [
                98.15368,
                4.16196
              ],
              [
                98.17302,
                4.0985
              ],
              [
                98.5000816,
                3.94845737
              ],
              [
                99.76797,
                3.14695
              ],
              [
                99.99386,
                2.91765
              ],
              [
                99.99722,
                2.80978
              ],
              [
                100.12893,
                2.52239
              ],
              [
                100.13248,
                2.67463
              ],
              [
                100.16132,
                2.71024
              ],
              [
                100.21529,
                2.71017
              ],
              [
                100.57558,
                2.14645
              ],
              [
                100.93264,
                1.84158
              ],
              [
                100.9491,
                1.85304
              ],
              [
                100.94891,
                1.86775
              ],
              [
                100.88683,
                2.02789
              ],
              [
                100.79557,
                2.11132
              ],
              [
                100.76855,
                2.21828
              ],
              [
                100.83219,
                2.28231
              ],
              [
                101.03241,
                2.28669
              ],
              [
                101.27078,
                2.07825
              ],
              [
                101.36307,
                1.77523
              ],
              [
                101.40334,
                1.70708
              ],
              [
                101.55573,
                1.63906
              ],
              [
                101.76202,
                1.66716
              ],
              [
                102.16358,
                1.34354
              ],
              [
                102.22681,
                1.00187
              ],
              [
                102.40549,
                0.81625
              ],
              [
                103.04716,
                0.52933
              ],
              [
                102.69639,
                0.24027
              ],
              [
                102.69765,
                0.21548
              ],
              [
                102.86147,
                0.24596
              ],
              [
                103.13956,
                0.38583
              ],
              [
                103.16358,
                0.40317
              ],
              [
                103.24816,
                0.49711
              ],
              [
                103.3339,
                0.54329
              ],
              [
                103.41523,
                0.52496
              ],
              [
                103.72256,
                0.28656
              ],
              [
                103.77202,
                0.19607
              ],
              [
                103.79509,
                0.03206
              ],
              [
                103.77284,
                -0.00964
              ],
              [
                103.61017,
                -0.0404
              ],
              [
                103.46501,
                -0.17583
              ],
              [
                103.45693,
                -0.21693
              ],
              [
                103.59627,
                -0.42813
              ],
              [
                103.41597,
                -0.52702
              ],
              [
                103.37843,
                -0.73212
              ],
              [
                103.75228,
                -1.00052
              ],
              [
                104.20123,
                -1.06714
              ],
              [
                104.35541,
                -1.0337
              ],
              [
                104.38784,
                -1.05715
              ],
              [
                104.47868,
                -1.6453
              ],
              [
                104.63276,
                -1.9364
              ],
              [
                104.84184,
                -2.24154
              ],
              [
                104.91209,
                -2.31605
              ],
              [
                105.55015,
                -2.4077
              ],
              [
                105.93883,
                -2.95649
              ],
              [
                105.98009,
                -3.31032
              ],
              [
                105.8705,
                -3.4537
              ],
              [
                105.81512,
                -3.63827
              ],
              [
                105.86864,
                -4.01021
              ],
              [
                105.89275,
                -4.64563
              ],
              [
                105.85838,
                -5.1508
              ],
              [
                105.79022,
                -5.79776
              ],
              [
                105.72858,
                -5.90038
              ],
              [
                105.34961,
                -5.52315
              ],
              [
                105.2499,
                -5.47216
              ],
              [
                105.17401,
                -5.61086
              ],
              [
                105.21149,
                -5.76775
              ],
              [
                104.79784,
                -5.61463
              ],
              [
                104.64857,
                -5.72495
              ],
              [
                104.72879,
                -5.93102
              ],
              [
                104.55128,
                -5.93029
              ],
              [
                103.90646,
                -5.13325
              ],
              [
                103.31257,
                -4.76021
              ],
              [
                102.29995,
                -3.99329
              ],
              [
                102.00778,
                -3.52395
              ],
              [
                101.60768,
                -3.23975
              ],
              [
                101.37733,
                -2.87583
              ],
              [
                101.22315,
                -2.68356
              ],
              [
                101.08143,
                -2.55921
              ],
              [
                100.86931,
                -2.28314
              ],
              [
                100.81763,
                -2.17803
              ],
              [
                100.71774,
                -1.72412
              ],
              [
                100.38386,
                -1.02853
              ],
              [
                100.10173,
                -0.60513
              ],
              [
                99.58984,
                0.079
              ],
              [
                99.34445,
                0.2299
              ],
              [
                99.13223,
                0.46594
              ],
              [
                98.78072,
                1.45044
              ],
              [
                98.77607,
                1.5479
              ],
              [
                98.84062,
                1.64422
              ],
              [
                98.77019,
                1.75683
              ],
              [
                98.32603,
                2.04065
              ],
              [
                97.9075,
                2.25994
              ],
              [
                97.65853,
                2.51707
              ],
              [
                97.55571,
                2.89428
              ],
              [
                97.30957,
                3.08651
              ],
              [
                96.88017,
                3.6766
              ],
              [
                96.62171,
                3.74463
              ],
              [
                96.33854,
                3.91463
              ],
              [
                95.51061,
                4.70152
              ],
              [
                95.37554,
                4.91967
              ],
              [
                95.21696,
                5.26791
              ],
              [
                95.22951,
                5.49217
              ],
              [
                95.28366,
                5.56159
              ],
              [
                95.43145,
                5.65644
              ],
              [
                95.61742,
                5.62187
              ],
              [
                95.87897,
                5.50674
              ],
              [
                95.90617,
                5.42993
              ],
              [
                96.06195,
                5.30453
              ],
              [
                96.19402,
                5.26293
              ]
            ]
          ]
        ]
      }
    }
  ]
}
